-- phpMyAdmin SQL Dump
-- version 5.2.1
-- https://www.phpmyadmin.net/
--
-- Host: 127.0.0.1
-- Generation Time: Jan 14, 2026 at 10:08 AM
-- Server version: 10.4.32-MariaDB
-- PHP Version: 8.2.12

SET SQL_MODE = "NO_AUTO_VALUE_ON_ZERO";
START TRANSACTION;
SET time_zone = "+00:00";


/*!40101 SET @OLD_CHARACTER_SET_CLIENT=@@CHARACTER_SET_CLIENT */;
/*!40101 SET @OLD_CHARACTER_SET_RESULTS=@@CHARACTER_SET_RESULTS */;
/*!40101 SET @OLD_COLLATION_CONNECTION=@@COLLATION_CONNECTION */;
/*!40101 SET NAMES utf8mb4 */;

--
-- Database: `toko_obat_rotua`
--

-- --------------------------------------------------------

--
-- Table structure for table `audit_logs`
--

CREATE TABLE `audit_logs` (
  `id` bigint(20) UNSIGNED NOT NULL,
  `actor_user_id` bigint(20) UNSIGNED NOT NULL,
  `target_user_id` bigint(20) UNSIGNED DEFAULT NULL,
  `action` varchar(50) NOT NULL,
  `meta` longtext CHARACTER SET utf8mb4 COLLATE utf8mb4_bin DEFAULT NULL CHECK (json_valid(`meta`)),
  `created_at` timestamp NULL DEFAULT NULL,
  `updated_at` timestamp NULL DEFAULT NULL
) ENGINE=InnoDB DEFAULT CHARSET=utf8mb4 COLLATE=utf8mb4_unicode_ci;

--
-- Dumping data for table `audit_logs`
--

INSERT INTO `audit_logs` (`id`, `actor_user_id`, `target_user_id`, `action`, `meta`, `created_at`, `updated_at`) VALUES
(1, 1, 3, 'USER_UPDATE', '{\"is_active\":true,\"password_reset\":false}', '2026-01-06 07:06:55', '2026-01-06 07:06:55'),
(2, 1, 2, 'USER_UPDATE', '{\"is_active\":true,\"password_reset\":true}', '2026-01-06 07:07:22', '2026-01-06 07:07:22'),
(3, 1, 1, 'USER_UPDATE', '{\"is_active\":true,\"password_reset\":true}', '2026-01-06 07:07:42', '2026-01-06 07:07:42'),
(4, 1, 2, 'USER_UPDATE', '{\"is_active\":true,\"password_reset\":true}', '2026-01-06 07:08:04', '2026-01-06 07:08:04'),
(5, 1, 4, 'USER_CREATE', '{\"role\":\"kasir\"}', '2026-01-06 07:44:47', '2026-01-06 07:44:47'),
(6, 1, 5, 'USER_CREATE', '{\"role\":\"kasir\"}', '2026-01-06 07:45:34', '2026-01-06 07:45:34'),
(7, 1, 3, 'USER_DISABLE', '[]', '2026-01-06 07:46:11', '2026-01-06 07:46:11'),
(8, 1, 2, 'USER_DISABLE', '[]', '2026-01-06 07:46:18', '2026-01-06 07:46:18');

-- --------------------------------------------------------

--
-- Table structure for table `cache`
--

CREATE TABLE `cache` (
  `key` varchar(255) NOT NULL,
  `value` mediumtext NOT NULL,
  `expiration` int(11) NOT NULL
) ENGINE=InnoDB DEFAULT CHARSET=utf8mb4 COLLATE=utf8mb4_unicode_ci;

-- --------------------------------------------------------

--
-- Table structure for table `cache_locks`
--

CREATE TABLE `cache_locks` (
  `key` varchar(255) NOT NULL,
  `owner` varchar(255) NOT NULL,
  `expiration` int(11) NOT NULL
) ENGINE=InnoDB DEFAULT CHARSET=utf8mb4 COLLATE=utf8mb4_unicode_ci;

-- --------------------------------------------------------

--
-- Table structure for table `failed_jobs`
--

CREATE TABLE `failed_jobs` (
  `id` bigint(20) UNSIGNED NOT NULL,
  `uuid` varchar(255) NOT NULL,
  `connection` text NOT NULL,
  `queue` text NOT NULL,
  `payload` longtext NOT NULL,
  `exception` longtext NOT NULL,
  `failed_at` timestamp NOT NULL DEFAULT current_timestamp()
) ENGINE=InnoDB DEFAULT CHARSET=utf8mb4 COLLATE=utf8mb4_unicode_ci;

-- --------------------------------------------------------

--
-- Table structure for table `jobs`
--

CREATE TABLE `jobs` (
  `id` bigint(20) UNSIGNED NOT NULL,
  `queue` varchar(255) NOT NULL,
  `payload` longtext NOT NULL,
  `attempts` tinyint(3) UNSIGNED NOT NULL,
  `reserved_at` int(10) UNSIGNED DEFAULT NULL,
  `available_at` int(10) UNSIGNED NOT NULL,
  `created_at` int(10) UNSIGNED NOT NULL
) ENGINE=InnoDB DEFAULT CHARSET=utf8mb4 COLLATE=utf8mb4_unicode_ci;

-- --------------------------------------------------------

--
-- Table structure for table `job_batches`
--

CREATE TABLE `job_batches` (
  `id` varchar(255) NOT NULL,
  `name` varchar(255) NOT NULL,
  `total_jobs` int(11) NOT NULL,
  `pending_jobs` int(11) NOT NULL,
  `failed_jobs` int(11) NOT NULL,
  `failed_job_ids` longtext NOT NULL,
  `options` mediumtext DEFAULT NULL,
  `cancelled_at` int(11) DEFAULT NULL,
  `created_at` int(11) NOT NULL,
  `finished_at` int(11) DEFAULT NULL
) ENGINE=InnoDB DEFAULT CHARSET=utf8mb4 COLLATE=utf8mb4_unicode_ci;

-- --------------------------------------------------------

--
-- Table structure for table `migrations`
--

CREATE TABLE `migrations` (
  `id` int(10) UNSIGNED NOT NULL,
  `migration` varchar(255) NOT NULL,
  `batch` int(11) NOT NULL
) ENGINE=InnoDB DEFAULT CHARSET=utf8mb4 COLLATE=utf8mb4_unicode_ci;

--
-- Dumping data for table `migrations`
--

INSERT INTO `migrations` (`id`, `migration`, `batch`) VALUES
(1, '0001_01_01_000000_create_users_table', 1),
(2, '0001_01_01_000001_create_cache_table', 1),
(3, '0001_01_01_000002_create_jobs_table', 1),
(4, '2019_12_14_000001_create_personal_access_tokens_table', 1),
(5, '2024_01_01_000003_create_permission_tables', 1),
(6, '2025_01_02_000010_create_suppliers_table', 1),
(7, '2025_01_02_000011_create_products_table', 1),
(8, '2025_01_03_000020_create_stock_batches_table', 1),
(9, '2025_01_03_000021_create_stock_movements_table', 1),
(10, '2025_01_04_000030_create_purchases_table', 1),
(11, '2025_01_04_000031_create_purchase_items_table', 1),
(12, '2025_01_05_000040_create_sales_table', 1),
(13, '2025_01_05_000041_create_sale_items_table', 1),
(14, '2025_01_05_000042_create_sale_item_batches_table', 1),
(15, '2025_01_06_000050_create_shifts_table', 1),
(16, '2025_01_06_000051_add_shift_id_to_sales_table', 1),
(17, '2025_01_07_000060_create_supplier_returns_table', 1),
(18, '2025_01_07_000061_create_supplier_return_items_table', 1),
(19, '2025_01_07_000070_create_stock_opnames_table', 1),
(20, '2025_01_07_000071_create_stock_opname_items_table', 1),
(21, '2025_01_08_000080_add_is_active_to_users_table', 1),
(22, '2025_01_08_000081_create_audit_logs_table', 1),
(23, '2026_01_10_195029_add_uom_fields_to_products_table', 2),
(24, '2026_01_12_130336_add_cancelled_columns_to_sales_table', 3);

-- --------------------------------------------------------

--
-- Table structure for table `model_has_permissions`
--

CREATE TABLE `model_has_permissions` (
  `permission_id` bigint(20) UNSIGNED NOT NULL,
  `model_type` varchar(255) NOT NULL,
  `model_id` bigint(20) UNSIGNED NOT NULL
) ENGINE=InnoDB DEFAULT CHARSET=utf8mb4 COLLATE=utf8mb4_unicode_ci;

-- --------------------------------------------------------

--
-- Table structure for table `model_has_roles`
--

CREATE TABLE `model_has_roles` (
  `role_id` bigint(20) UNSIGNED NOT NULL,
  `model_type` varchar(255) NOT NULL,
  `model_id` bigint(20) UNSIGNED NOT NULL
) ENGINE=InnoDB DEFAULT CHARSET=utf8mb4 COLLATE=utf8mb4_unicode_ci;

--
-- Dumping data for table `model_has_roles`
--

INSERT INTO `model_has_roles` (`role_id`, `model_type`, `model_id`) VALUES
(1, 'App\\Models\\User', 1),
(2, 'App\\Models\\User', 2),
(2, 'App\\Models\\User', 4),
(2, 'App\\Models\\User', 5),
(3, 'App\\Models\\User', 3);

-- --------------------------------------------------------

--
-- Table structure for table `password_reset_tokens`
--

CREATE TABLE `password_reset_tokens` (
  `email` varchar(255) NOT NULL,
  `token` varchar(255) NOT NULL,
  `created_at` timestamp NULL DEFAULT NULL
) ENGINE=InnoDB DEFAULT CHARSET=utf8mb4 COLLATE=utf8mb4_unicode_ci;

-- --------------------------------------------------------

--
-- Table structure for table `permissions`
--

CREATE TABLE `permissions` (
  `id` bigint(20) UNSIGNED NOT NULL,
  `name` varchar(255) NOT NULL,
  `guard_name` varchar(255) NOT NULL,
  `created_at` timestamp NULL DEFAULT NULL,
  `updated_at` timestamp NULL DEFAULT NULL
) ENGINE=InnoDB DEFAULT CHARSET=utf8mb4 COLLATE=utf8mb4_unicode_ci;

-- --------------------------------------------------------

--
-- Table structure for table `personal_access_tokens`
--

CREATE TABLE `personal_access_tokens` (
  `id` bigint(20) UNSIGNED NOT NULL,
  `tokenable_type` varchar(255) NOT NULL,
  `tokenable_id` bigint(20) UNSIGNED NOT NULL,
  `name` varchar(255) NOT NULL,
  `token` varchar(64) NOT NULL,
  `abilities` text DEFAULT NULL,
  `last_used_at` timestamp NULL DEFAULT NULL,
  `expires_at` timestamp NULL DEFAULT NULL,
  `created_at` timestamp NULL DEFAULT NULL,
  `updated_at` timestamp NULL DEFAULT NULL
) ENGINE=InnoDB DEFAULT CHARSET=utf8mb4 COLLATE=utf8mb4_unicode_ci;

-- --------------------------------------------------------

--
-- Table structure for table `products`
--

CREATE TABLE `products` (
  `id` bigint(20) UNSIGNED NOT NULL,
  `sku` varchar(50) NOT NULL,
  `nama_dagang` varchar(150) NOT NULL,
  `nama_generik` varchar(150) DEFAULT NULL,
  `bentuk` varchar(100) NOT NULL,
  `kekuatan_dosis` varchar(100) NOT NULL,
  `satuan` varchar(50) NOT NULL,
  `unit_kemasan` varchar(50) DEFAULT NULL COMMENT 'Unit kemasan: BOX, STRIP, BOTOL',
  `unit_terkecil` varchar(50) DEFAULT NULL COMMENT 'Unit terkecil: KAPSUL, TABLET, ML',
  `isi_per_kemasan` int(10) UNSIGNED DEFAULT NULL COMMENT 'Jumlah unit terkecil per kemasan',
  `jual_eceran` tinyint(1) NOT NULL DEFAULT 0 COMMENT 'Bisa dijual eceran (per unit terkecil)',
  `golongan` enum('OTC','BEBAS_TERBATAS','RESEP','PSIKOTROPIKA','NARKOTIKA') NOT NULL,
  `wajib_resep` tinyint(1) NOT NULL DEFAULT 0,
  `harga_beli` decimal(15,2) NOT NULL,
  `harga_jual` decimal(15,2) NOT NULL,
  `lokasi_rak` varchar(100) DEFAULT NULL,
  `minimal_stok` int(10) UNSIGNED NOT NULL DEFAULT 0,
  `konsinyasi` tinyint(1) NOT NULL DEFAULT 0,
  `created_at` timestamp NULL DEFAULT NULL,
  `updated_at` timestamp NULL DEFAULT NULL
) ENGINE=InnoDB DEFAULT CHARSET=utf8mb4 COLLATE=utf8mb4_unicode_ci;

--
-- Dumping data for table `products`
--

INSERT INTO `products` (`id`, `sku`, `nama_dagang`, `nama_generik`, `bentuk`, `kekuatan_dosis`, `satuan`, `unit_kemasan`, `unit_terkecil`, `isi_per_kemasan`, `jual_eceran`, `golongan`, `wajib_resep`, `harga_beli`, `harga_jual`, `lokasi_rak`, `minimal_stok`, `konsinyasi`, `created_at`, `updated_at`) VALUES
(1, 'OBT01000', 'BMT GOLD 190 GR', 'BMT GOLD 190 GR', 'KOTAK', '-', 'KOTAK', NULL, NULL, NULL, 0, 'OTC', 0, 49734.00, 56000.00, 'RAK A - RAK A1', 1, 0, '2026-01-08 01:59:53', '2026-01-08 01:59:53'),
(2, 'OBT01001', 'CHIL MIL GOLD 190 GR', 'CHIL MIL GOLD 190 GR', 'KOTAK', '-', 'KOTAK', NULL, NULL, NULL, 0, 'OTC', 0, 47447.00, 53000.00, 'RAK A - RAK A1', 1, 0, '2026-01-08 01:59:53', '2026-01-08 01:59:53'),
(3, 'OBT01002', 'CHIL KID GOLD MADU 780 GR', 'CHIL KID GOLD MADU 780 GR', 'KOTAK', '-', 'KOTAK', NULL, NULL, NULL, 0, 'OTC', 0, 171381.00, 189000.00, 'RAK A - RAK A1', 1, 0, '2026-01-08 01:59:53', '2026-01-08 01:59:53'),
(4, 'OBT01003', 'CHIL KID GOLD VANILLA 780 GR', 'CHIL KID GOLD VANILLA 780 GR', 'KOTAK', '-', 'KOTAK', NULL, NULL, NULL, 0, 'OTC', 0, 171381.00, 189000.00, 'RAK A - RAK A1', 1, 0, '2026-01-08 01:59:53', '2026-01-08 01:59:53'),
(5, 'OBT01004', 'CHIL SCHOOL GOLD 390 GR', 'CHIL SCHOOL GOLD 390 GR', 'KOTAK', '-', 'KOTAK', NULL, NULL, NULL, 0, 'OTC', 0, 77600.00, 85500.00, 'RAK A - RAK A1', 1, 0, '2026-01-08 01:59:53', '2026-01-08 01:59:53'),
(6, 'OBT01005', 'CHIL GO VANILLA 270 GR 1+', 'CHIL GO VANILLA 270 GR 1+', 'KOTAK', '-', 'KOTAK', NULL, NULL, NULL, 0, 'OTC', 0, 34528.00, 39000.00, 'RAK A - RAK A1', 1, 0, '2026-01-08 01:59:53', '2026-01-08 01:59:53'),
(7, 'OBT01006', 'CHIL GO VANILLA 270 GR 3+', 'CHIL GO VANILLA 270 GR 3+', 'KOTAK', '-', 'KOTAK', NULL, NULL, NULL, 0, 'OTC', 0, 33000.00, 36500.00, 'RAK A - RAK A1', 1, 0, '2026-01-08 01:59:53', '2026-01-08 01:59:53'),
(8, 'OBT01007', 'VIDORAN SMART 1 + VANILLA 350 GR', 'VIDORAN SMART 1 + VANILLA 350 GR', 'KOTAK', '-', 'KOTAK', NULL, NULL, NULL, 0, 'OTC', 0, 29295.00, 33000.00, 'RAK A - RAK A1', 1, 0, '2026-01-08 01:59:53', '2026-01-08 01:59:53'),
(9, 'OBT01008', 'VIDORAN SMART 5 + MADU 700 GR', 'VIDORAN SMART 5 + MADU 700 GR', 'KOTAK', '-', 'KOTAK', NULL, NULL, NULL, 0, 'OTC', 0, 52900.00, 58500.00, 'RAK A - RAK A1', 1, 0, '2026-01-08 01:59:53', '2026-01-08 01:59:53'),
(10, 'OBT01009', 'SGM ANANDA 0-6 BLN 150 GR', 'SGM ANANDA 0-6 BLN 150 GR', 'KOTAK', '-', 'KOTAK', NULL, NULL, NULL, 0, 'OTC', 0, 15500.00, 18000.00, 'RAK A - RAK A2', 1, 0, '2026-01-08 01:59:53', '2026-01-08 01:59:53'),
(11, 'OBT01010', 'SGM ANANDA 0-6 BLN 400 GR', 'SGM ANANDA 0-6 BLN 400 GR', 'KOTAK', '-', 'KOTAK', NULL, NULL, NULL, 0, 'OTC', 0, 43350.00, 50000.00, 'RAK A - RAK A2', 1, 0, '2026-01-08 01:59:53', '2026-01-08 01:59:53'),
(12, 'OBT01011', 'SGM ISOPRO SOY ANANDA 0-6 200 GR', 'SGM ISOPRO SOY ANANDA 0-6 200 GR', 'KOTAK', '-', 'KOTAK', NULL, NULL, NULL, 0, 'OTC', 0, 30750.00, 35000.00, 'RAK A - RAK A2', 1, 0, '2026-01-08 01:59:53', '2026-01-08 01:59:53'),
(13, 'OBT01012', 'SGM EKSPLOR MADU 150 GR 3+', 'SGM EKSPLOR MADU 150 GR 3+', 'KOTAK', '-', 'KOTAK', NULL, NULL, NULL, 0, 'OTC', 0, 15650.00, 18000.00, 'RAK A - RAK A2', 1, 0, '2026-01-08 01:59:53', '2026-01-08 01:59:53'),
(14, 'OBT01013', 'LACTOGEN 6-12 BLN 350 GR', 'LACTOGEN 6-12 BLN 350 GR', 'KOTAK', '-', 'KOTAK', NULL, NULL, NULL, 0, 'OTC', 0, 65900.00, 72500.00, 'RAK A - RAK A2', 1, 0, '2026-01-08 01:59:53', '2026-01-08 01:59:53'),
(15, 'OBT01014', 'LACTOGROW PRO 350 GR 1+', 'LACTOGROW PRO 350 GR 1+', 'KOTAK', '-', 'KOTAK', NULL, NULL, NULL, 0, 'OTC', 0, 61222.00, 69000.00, 'RAK A - RAK A2', 1, 0, '2026-01-08 01:59:53', '2026-01-08 01:59:53'),
(16, 'OBT01015', 'LACTOGEN 0-6 BLN 180 GR', 'LACTOGEN 0-6 BLN 180 GR', 'KOTAK', '-', 'KOTAK', NULL, NULL, NULL, 0, 'OTC', 0, 32339.00, 37000.00, 'RAK A - RAK A2', 1, 0, '2026-01-08 01:59:53', '2026-01-08 01:59:53'),
(17, 'OBT01016', 'DANCOW MADU 350 GR 3+', 'DANCOW MADU 350 GR 3+', 'KOTAK', '-', 'KOTAK', NULL, NULL, NULL, 0, 'OTC', 0, 40900.00, 45000.00, 'RAK A - RAK A2', 1, 0, '2026-01-08 01:59:53', '2026-01-08 01:59:53'),
(18, 'OBT01017', 'DANCOW FORTI GRO 195 GR VANILLA', 'DANCOW FORTI GRO 195 GR VANILLA', 'KOTAK', '-', 'KOTAK', NULL, NULL, NULL, 0, 'OTC', 0, 25700.00, 28500.00, 'RAK A - RAK A2', 1, 0, '2026-01-08 01:59:54', '2026-01-08 01:59:54'),
(19, 'OBT01018', 'DANCOW FORTI GRO 195 GR COKLAT', 'DANCOW FORTI GRO 195 GR COKLAT', 'KOTAK', '-', 'KOTAK', NULL, NULL, NULL, 0, 'OTC', 0, 26000.00, 29000.00, 'RAK A - RAK A2', 1, 0, '2026-01-08 01:59:54', '2026-01-08 01:59:54'),
(20, 'OBT01019', 'ENTRASOL GOLD 170 GR VANILLA', 'ENTRASOL GOLD 170 GR VANILLA', 'KOTAK', '-', 'KOTAK', NULL, NULL, NULL, 0, 'OTC', 0, 38500.00, 48500.00, 'RAK A - RAK A2', 1, 0, '2026-01-08 01:59:54', '2026-01-08 01:59:54'),
(21, 'OBT01020', 'ENTRASOL GOLD COKLAT 340 GR', 'ENTRASOL GOLD COKLAT 340 GR', 'KOTAK', '-', 'KOTAK', NULL, NULL, NULL, 0, 'OTC', 0, 71500.00, 89500.00, 'RAK A - RAK A2', 1, 0, '2026-01-08 01:59:54', '2026-01-08 01:59:54'),
(22, 'OBT01021', 'ETAWALIN 200 GR', 'ETAWALIN 200 GR', 'KOTAK', '-', 'KOTAK', NULL, NULL, NULL, 0, 'OTC', 0, 82500.00, 91000.00, 'RAK A - RAK A3', 1, 0, '2026-01-08 01:59:54', '2026-01-08 01:59:54'),
(23, 'OBT01022', 'ETAWAKU 200 GR', 'ETAWAKU 200 GR', 'KOTAK', '-', 'KOTAK', NULL, NULL, NULL, 0, 'OTC', 0, 82500.00, 91000.00, 'RAK A - RAK A3', 1, 0, '2026-01-08 01:59:54', '2026-01-08 01:59:54'),
(24, 'OBT01023', 'PRENANGEN ESENSIS COKLAT 180 GR', 'PRENANGEN ESENSIS COKLAT 180 GR', 'KOTAK', '-', 'KOTAK', NULL, NULL, NULL, 0, 'OTC', 0, 35157.00, 39000.00, 'RAK A - RAK A3', 1, 0, '2026-01-08 01:59:54', '2026-01-08 01:59:54'),
(25, 'OBT01024', 'PRENANGEN MOMMY 360 GR COKLAT', 'PRENANGEN MOMMY 360 GR COKLAT', 'KOTAK', '-', 'KOTAK', NULL, NULL, NULL, 0, 'OTC', 0, 81690.00, 94000.00, 'RAK A - RAK A3', 1, 0, '2026-01-08 01:59:54', '2026-01-08 01:59:54'),
(26, 'OBT01025', 'PRENANGEN MOMMY 360 GR VANILLA', 'PRENANGEN MOMMY 360 GR VANILLA', 'KOTAK', '-', 'KOTAK', NULL, NULL, NULL, 0, 'OTC', 0, 81690.00, 90000.00, 'RAK A - RAK A3', 1, 0, '2026-01-08 01:59:54', '2026-01-08 01:59:54'),
(27, 'OBT01026', 'PRENAGEN LACTAMOM VANILLA 180 GR', 'PRENAGEN LACTAMOM VANILLA 180 GR', 'KOTAK', '-', 'KOTAK', NULL, NULL, NULL, 0, 'OTC', 0, 42817.00, 47500.00, 'RAK A - RAK A3', 1, 0, '2026-01-08 01:59:54', '2026-01-08 01:59:54'),
(28, 'OBT01027', 'PRENAGEN LACTAMOM COKLAT180 GR', 'PRENAGEN LACTAMOM COKLAT180 GR', 'KOTAK', '-', 'KOTAK', NULL, NULL, NULL, 0, 'OTC', 0, 42817.00, 47500.00, 'RAK A - RAK A3', 1, 0, '2026-01-08 01:59:54', '2026-01-08 01:59:54'),
(29, 'OBT01028', 'DIABETASOL VANILLA 170 GR', 'DIABETASOL VANILLA 170 GR', 'KOTAK', '-', 'KOTAK', NULL, NULL, NULL, 0, 'OTC', 0, 48750.00, 54000.00, 'RAK A - RAK A3', 2, 0, '2026-01-08 01:59:54', '2026-01-08 01:59:54'),
(30, 'OBT01029', 'TROPICANA SLIM 25\'S', 'TROPICANA SLIM 25\'S', 'KOTAK', '-', 'KOTAK', NULL, NULL, NULL, 0, 'OTC', 0, 26900.00, 29000.00, 'RAK A - RAK A3', 1, 0, '2026-01-08 01:59:54', '2026-01-08 01:59:54'),
(31, 'OBT01030', 'TROPICANA SLIM 50\'S', 'TROPICANA SLIM 50\'S', 'KOTAK', '-', 'KOTAK', NULL, NULL, NULL, 0, 'OTC', 0, 49500.00, 55000.00, 'RAK A - RAK A3', 1, 0, '2026-01-08 01:59:54', '2026-01-08 01:59:54'),
(32, 'OBT01031', 'DIABETASOL 25\'S', 'DIABETASOL 25\'S', 'KOTAK', '-', 'KOTAK', NULL, NULL, NULL, 0, 'OTC', 0, 20580.00, 25000.00, 'RAK A - RAK A3', 1, 0, '2026-01-08 01:59:54', '2026-01-08 01:59:54'),
(33, 'OBT01032', 'SUN SEREAL KACANG HIJAU 120 GR', 'SUN SEREAL KACANG HIJAU 120 GR', 'KOTAK', '-', 'KOTAK', NULL, NULL, NULL, 0, 'OTC', 0, 9600.00, 12000.00, 'RAK A - RAK A4', 1, 0, '2026-01-08 01:59:54', '2026-01-08 01:59:54'),
(34, 'OBT01033', 'SUN SEREAL UBI UNGU 120 GR', 'SUN SEREAL UBI UNGU 120 GR', 'KOTAK', '-', 'KOTAK', NULL, NULL, NULL, 0, 'OTC', 0, 9700.00, 13000.00, 'RAK A - RAK A4', 1, 0, '2026-01-08 01:59:54', '2026-01-08 01:59:54'),
(35, 'OBT01034', 'PROMINA PISANG SUSU 120 GR', 'PROMINA PISANG SUSU 120 GR', 'KOTAK', '-', 'KOTAK', NULL, NULL, NULL, 0, 'OTC', 0, 14100.00, 17000.00, 'RAK A - RAK A4', 1, 0, '2026-01-08 01:59:54', '2026-01-08 01:59:54'),
(36, 'OBT01035', 'MILNA NATURE PUFFS', 'MILNA NATURE PUFFS', 'BOX/PACK', '-', 'BKS', NULL, NULL, NULL, 0, 'OTC', 0, 9000.00, 11000.00, 'RAK A - RAK A4', 1, 0, '2026-01-08 01:59:54', '2026-01-08 01:59:54'),
(37, 'OBT01036', 'PROMINA KACANG MERAH 20 GR', 'PROMINA KACANG MERAH 20 GR', 'BOX/PACK', '-', 'BKS', NULL, NULL, NULL, 0, 'OTC', 0, 1487.00, 2000.00, 'RAK A - RAK A4', 7, 0, '2026-01-08 01:59:54', '2026-01-08 01:59:54'),
(38, 'OBT01037', 'PROMINA DAGING&BROKOLI 20 GR', 'PROMINA DAGING&BROKOLI 20 GR', 'BOX/PACK', '-', 'BKS', NULL, NULL, NULL, 0, 'OTC', 0, 1812.00, 2000.00, 'RAK A - RAK A4', 3, 0, '2026-01-08 01:59:54', '2026-01-08 01:59:54'),
(39, 'OBT01038', 'SUN PISANG SUSU 20 GR', 'SUN PISANG SUSU 20 GR', 'BOX/PACK', '-', 'BKS', NULL, NULL, NULL, 0, 'OTC', 0, 1312.00, 2000.00, 'RAK A - RAK A4', 4, 0, '2026-01-08 01:59:54', '2026-01-08 01:59:54'),
(40, 'OBT01039', 'CUSSON BABY CREAM 50 GR', 'CUSSON BABY CREAM 50 GR', 'PCS', '-', 'PCS', NULL, NULL, NULL, 0, 'OTC', 0, 12500.00, 14000.00, 'RAK A - RAK A4', 2, 0, '2026-01-08 01:59:54', '2026-01-08 01:59:54'),
(41, 'OBT01040', 'MY BABY SOAP 60 GR', 'MY BABY SOAP 60 GR', 'PCS', '-', 'PCS', NULL, NULL, NULL, 0, 'OTC', 0, 3500.00, 4500.00, 'RAK A - RAK A4', 2, 0, '2026-01-08 01:59:54', '2026-01-08 01:59:54'),
(42, 'OBT01041', 'MY BABY POWDER 50 GR', 'MY BABY POWDER 50 GR', 'PCS', '-', 'PCS', NULL, NULL, NULL, 0, 'OTC', 0, 3500.00, 5000.00, 'RAK A - RAK A4', 2, 0, '2026-01-08 01:59:54', '2026-01-08 01:59:54'),
(43, 'OBT01042', 'CUSSON BABY OIL 100 ML', 'CUSSON BABY OIL 100 ML', 'PCS', '-', 'PCS', NULL, NULL, NULL, 0, 'OTC', 0, 17700.00, 22000.00, 'RAK A - RAK A4', 1, 0, '2026-01-08 01:59:54', '2026-01-08 01:59:54'),
(44, 'OBT01043', 'CUSSON BABY OIL 50 ML', 'CUSSON BABY OIL 50 ML', 'PCS', '-', 'PCS', NULL, NULL, NULL, 0, 'OTC', 0, 13100.00, 16000.00, 'RAK A - RAK A4', 1, 0, '2026-01-08 01:59:54', '2026-01-08 01:59:54'),
(45, 'OBT01044', 'CUSSON BABY HAIR LOTION 100 ML', 'CUSSON BABY HAIR LOTION 100 ML', 'PCS', '-', 'PCS', NULL, NULL, NULL, 0, 'OTC', 0, 26700.00, 29500.00, 'RAK A - RAK A4', 2, 0, '2026-01-08 01:59:54', '2026-01-08 01:59:54'),
(46, 'OBT01045', 'DEE-DEE SHAMPO', 'DEE-DEE SHAMPO', 'PCS', '-', 'PCS', NULL, NULL, NULL, 0, 'OTC', 0, 9500.00, 12000.00, 'RAK A - RAK A4', 2, 0, '2026-01-08 01:59:54', '2026-01-08 01:59:54'),
(47, 'OBT01046', 'KODOMO BABY WASH', 'KODOMO BABY WASH', 'PCS', '-', 'PCS', NULL, NULL, NULL, 0, 'OTC', 0, 15200.00, 18500.00, 'RAK A - RAK A4', 3, 0, '2026-01-08 01:59:54', '2026-01-08 01:59:54'),
(48, 'OBT01047', 'ZWITSAL HAIR & BODY BATH 200 ML', 'ZWITSAL HAIR & BODY BATH 200 ML', 'PCS', '-', 'PCS', NULL, NULL, NULL, 0, 'OTC', 0, 25800.00, 31000.00, 'RAK A - RAK A4', 2, 0, '2026-01-08 01:59:54', '2026-01-08 01:59:54'),
(49, 'OBT01048', 'MITU FRESH & CLEAN WIPES', 'MITU FRESH & CLEAN WIPES', 'PCS', '-', 'PCS', NULL, NULL, NULL, 0, 'OTC', 0, 16300.00, 20000.00, 'RAK A - RAK A4', 2, 0, '2026-01-08 01:59:54', '2026-01-08 01:59:54'),
(50, 'OBT01049', 'RBS-8850 (BOTOL WARNA -PP BESAR)', 'RBS-8850 (BOTOL WARNA -PP BESAR)', 'PCS', '-', 'PCS', NULL, NULL, NULL, 0, 'OTC', 0, 19819.00, 26500.00, 'RAK A - RAK A5', 3, 0, '2026-01-08 01:59:54', '2026-01-08 01:59:54'),
(51, 'OBT01050', 'RBS-8860 (BOTOL WARNA -PP KECIL)', 'RBS-8860 (BOTOL WARNA -PP KECIL)', 'PCS', '-', 'PCS', NULL, NULL, NULL, 0, 'OTC', 0, 18468.00, 25000.00, 'RAK A - RAK A5', 3, 0, '2026-01-08 01:59:54', '2026-01-08 01:59:54'),
(52, 'OBT01051', 'RBS- 9912( BREAST PUMP PAIN FREE)', 'RBS- 9912( BREAST PUMP PAIN FREE)', 'PCS', '-', 'PCS', NULL, NULL, NULL, 0, 'OTC', 0, 102702.00, 136800.00, 'RAK A - RAK A5', 1, 0, '2026-01-08 01:59:54', '2026-01-08 01:59:54'),
(53, 'OBT01052', 'RPS-8809(BREAST PUMP TEROMPET)', 'RPS-8809(BREAST PUMP TEROMPET)', 'PCS', '-', 'PCS', NULL, NULL, NULL, 0, 'OTC', 0, 16666.00, 22200.00, 'RAK A - RAK A5', 1, 0, '2026-01-08 01:59:54', '2026-01-08 01:59:54'),
(54, 'OBT01053', 'RAC-8847(SAMBUNGAN ASI PRESS)', 'RAC-8847(SAMBUNGAN ASI PRESS)', 'PCS', '-', 'PCS', NULL, NULL, NULL, 0, 'OTC', 0, 12612.00, 17000.00, 'RAK A - RAK A5', 2, 0, '2026-01-08 01:59:54', '2026-01-08 01:59:54'),
(55, 'OBT01054', 'RPS-9916(KANTONG ASI CORONG 120 ML)', 'RPS-9916(KANTONG ASI CORONG 120 ML)', 'PCS', '-', 'PCS', NULL, NULL, NULL, 0, 'OTC', 0, 49549.00, 69000.00, 'RAK A - RAK A5', 1, 0, '2026-01-08 01:59:54', '2026-01-08 01:59:54'),
(56, 'OBT01055', 'RPS-9934(KANTONG ASI POUCH 120 ML)', 'RPS-9934(KANTONG ASI POUCH 120 ML)', 'PCS', '-', 'PCS', NULL, NULL, NULL, 0, 'OTC', 0, 28378.00, 40000.00, 'RAK A - RAK A5', 1, 0, '2026-01-08 01:59:54', '2026-01-08 01:59:54'),
(57, 'OBT01056', 'RNP-8824( DOT PERISTALTIC ISI 36\'S)', 'RNP-8824( DOT PERISTALTIC ISI 36\'S)', 'PCS', '-', 'PCS', NULL, NULL, NULL, 0, 'OTC', 0, 4717.00, 6500.00, 'RAK A - RAK A5', 15, 0, '2026-01-08 01:59:54', '2026-01-08 01:59:54'),
(58, 'OBT01057', 'RNP-8832 (EMPENG AURORA) UK M', 'RNP-8832 (EMPENG AURORA) UK M', 'PCS', '-', 'PCS', NULL, NULL, NULL, 0, 'OTC', 0, 18468.00, 25000.00, 'RAK A - RAK A5', 3, 0, '2026-01-08 01:59:54', '2026-01-08 01:59:54'),
(59, 'OBT01058', 'RNP-8832 (EMPENG AURORA) UK L', 'RNP-8832 (EMPENG AURORA) UK L', 'PCS', '-', 'PCS', NULL, NULL, NULL, 0, 'OTC', 0, 18468.00, 25000.00, 'RAK A - RAK A5', 3, 0, '2026-01-08 01:59:54', '2026-01-08 01:59:54'),
(60, 'OBT01059', 'RAC-8844(FUN TEETHER BOTOL)', 'RAC-8844(FUN TEETHER BOTOL)', 'PCS', '-', 'PCS', NULL, NULL, NULL, 0, 'OTC', 0, 19819.00, 26500.00, 'RAK A - RAK A5', 1, 0, '2026-01-08 01:59:54', '2026-01-08 01:59:54'),
(61, 'OBT01060', 'RAC-8844(FUN TEETHER KUMBANG)', 'RAC-8844(FUN TEETHER KUMBANG)', 'PCS', '-', 'PCS', NULL, NULL, NULL, 0, 'OTC', 0, 19819.00, 26500.00, 'RAK A - RAK A5', 1, 0, '2026-01-08 01:59:54', '2026-01-08 01:59:54'),
(62, 'OBT01061', 'RAC-8844(FUN TEETHER STRAWBERRY)', 'RAC-8844(FUN TEETHER STRAWBERRY)', 'PCS', '-', 'PCS', NULL, NULL, NULL, 0, 'OTC', 0, 19819.00, 26500.00, 'RAK A - RAK A5', 1, 0, '2026-01-08 01:59:54', '2026-01-08 01:59:54'),
(63, 'OBT01062', 'RAC-8811(WATER TEETHER JERUK)', 'RAC-8811(WATER TEETHER JERUK)', 'PCS', '-', 'PCS', NULL, NULL, NULL, 0, 'OTC', 0, 13513.00, 18000.00, 'RAK A - RAK A5', 1, 0, '2026-01-08 01:59:55', '2026-01-08 01:59:55'),
(64, 'OBT01063', 'RAC-8811(WATER TEETHER PAUS)', 'RAC-8811(WATER TEETHER PAUS)', 'PCS', '-', 'PCS', NULL, NULL, NULL, 0, 'OTC', 0, 13513.00, 18000.00, 'RAK A - RAK A5', 1, 0, '2026-01-08 01:59:55', '2026-01-08 01:59:55'),
(65, 'OBT01064', 'RSB-7001(SIKAT IBU ANAK', 'RSB-7001(SIKAT IBU ANAK', 'PCS', '-', 'PCS', NULL, NULL, NULL, 0, 'OTC', 0, 9009.00, 12000.00, 'RAK A - RAK A5', 2, 0, '2026-01-08 01:59:55', '2026-01-08 01:59:55'),
(66, 'OBT01065', 'RCB-2211 COTTON BUD POT BABY 100\'S', 'RCB-2211 COTTON BUD POT BABY 100\'S', 'PCS', '-', 'PCS', NULL, NULL, NULL, 0, 'OTC', 0, 8821.00, 12000.00, 'RAK A - RAK A5', 2, 0, '2026-01-08 01:59:55', '2026-01-08 01:59:55'),
(67, 'OBT01066', 'RCB-2011 COTTON BUD 75 PCS', 'RCB-2011 COTTON BUD 75 PCS', 'PCS', '-', 'PCS', NULL, NULL, NULL, 0, 'OTC', 0, 3944.00, 6000.00, 'RAK A - RAK A5', 6, 0, '2026-01-08 01:59:55', '2026-01-08 01:59:55'),
(68, 'OBT01067', 'RFS-5001 FEEDING SET BESAR', 'RFS-5001 FEEDING SET BESAR', 'PCS', '-', 'PCS', NULL, NULL, NULL, 0, 'OTC', 0, 28378.00, 38000.00, 'RAK A - RAK A5', 1, 0, '2026-01-08 01:59:55', '2026-01-08 01:59:55'),
(69, 'OBT01068', 'RFS-5003 FEEDING SET KECIL', 'RFS-5003 FEEDING SET KECIL', 'PCS', '-', 'PCS', NULL, NULL, NULL, 0, 'OTC', 0, 22072.00, 30000.00, 'RAK A - RAK A5', 1, 0, '2026-01-08 01:59:55', '2026-01-08 01:59:55'),
(70, 'OBT01069', 'RFS-5007 FEEDING SET BESAR', 'RFS-5007 FEEDING SET BESAR', 'PCS', '-', 'PCS', NULL, NULL, NULL, 0, 'OTC', 0, 31981.00, 43000.00, 'RAK A - RAK A5', 1, 0, '2026-01-08 01:59:55', '2026-01-08 01:59:55'),
(71, 'OBT01070', 'RFS-5008 FEEDING SET  BESAR', 'RFS-5008 FEEDING SET  BESAR', 'PCS', '-', 'PCS', NULL, NULL, NULL, 0, 'OTC', 0, 31981.00, 43000.00, 'RAK A - RAK A5', 1, 0, '2026-01-08 01:59:55', '2026-01-08 01:59:55'),
(72, 'OBT01071', 'AMOXICILIN 500 MG', 'AMOXICILIN 500 MG', 'TABLET', '-', 'TABLET', NULL, NULL, NULL, 0, 'RESEP', 0, 472.00, 600.00, 'RAK A - RAK A6', 206, 0, '2026-01-08 01:59:55', '2026-01-09 02:41:28'),
(73, 'OBT01072', 'AMAROX 20 MG', 'AMAROX 20 MG', 'TABLET', '-', 'TABLET', NULL, NULL, NULL, 0, 'RESEP', 0, 0.00, 3900.00, 'RAK A - RAK A6', 10, 0, '2026-01-08 01:59:55', '2026-01-08 01:59:55'),
(74, 'OBT01073', 'AMLODIPINE 10 MG', 'AMLODIPINE 10 MG', 'TABLET', '-', 'TABLET', NULL, NULL, NULL, 0, 'RESEP', 0, 150.00, 500.00, 'RAK A - RAK A6', 101, 0, '2026-01-08 01:59:55', '2026-01-09 02:39:46'),
(75, 'OBT01074', 'AMLODIPINE 5 MG', 'AMLODIPINE 5 MG', 'TABLET', '-', 'TABLET', NULL, NULL, NULL, 0, 'RESEP', 0, 125.00, 400.00, 'RAK A - RAK A6', 101, 0, '2026-01-08 01:59:55', '2026-01-09 02:40:12'),
(76, 'OBT01075', 'ACETYLSISTEIN 200 MG', 'ACETYLSISTEIN 200 MG', 'TABLET', '-', 'TABLET', NULL, NULL, NULL, 0, 'RESEP', 0, 585.00, 800.00, 'RAK A - RAK A6', 25, 0, '2026-01-08 01:59:55', '2026-01-08 01:59:55'),
(77, 'OBT01076', 'AMBROXOL 30 MG', 'AMBROXOL 30 MG', 'TABLET', '-', 'TABLET', NULL, NULL, NULL, 0, 'RESEP', 0, 100.00, 500.00, 'RAK A - RAK A6', 45, 0, '2026-01-08 01:59:55', '2026-01-08 01:59:55'),
(78, 'OBT01077', 'ALLOPURINOL 300 MG', 'ALLOPURINOL 300 MG', 'TABLET', '-', 'TABLET', NULL, NULL, NULL, 0, 'RESEP', 0, 450.00, 600.00, 'RAK A - RAK A6', 190, 0, '2026-01-08 01:59:55', '2026-01-08 01:59:55'),
(79, 'OBT01078', 'ALLOPURINOL 100 MG', 'ALLOPURINOL 100 MG', 'TABLET', '-', 'TABLET', NULL, NULL, NULL, 0, 'RESEP', 0, 180.00, 300.00, 'RAK A - RAK A6', 130, 0, '2026-01-08 01:59:55', '2026-01-08 01:59:55'),
(80, 'OBT01079', 'ANTASIDA TAB', 'ANTASIDA TAB', 'TABLET', '-', 'TABLET', NULL, NULL, NULL, 0, 'OTC', 0, 1200.00, 300.00, 'RAK A - RAK A6', 101, 0, '2026-01-08 01:59:55', '2026-01-09 03:27:12'),
(81, 'OBT01080', 'ANDALAN PIL KB', 'ANDALAN PIL KB', 'PAPAN', '-', 'PAPAN', NULL, NULL, NULL, 0, 'OTC', 0, 6500.00, 10000.00, 'RAK A - RAK A6', 1, 0, '2026-01-08 01:59:55', '2026-01-08 01:59:55'),
(82, 'OBT01081', 'APTOR', 'APTOR', 'PAPAN', '-', 'PAPAN', NULL, NULL, NULL, 0, 'RESEP', 0, 0.00, 16500.00, 'RAK A - RAK A6', 15, 0, '2026-01-08 01:59:55', '2026-01-08 01:59:55'),
(83, 'OBT01082', 'ALPARA TAB', 'ALPARA TAB', 'TABLET', '-', 'TABLET', NULL, NULL, NULL, 0, 'RESEP', 0, 670.00, 1100.00, 'RAK A - RAK A6', 1, 0, '2026-01-08 01:59:55', '2026-01-08 01:59:55'),
(84, 'OBT01083', 'ASIFIT TAB', 'ASIFIT TAB', 'PAPAN', '-', 'PAPAN', NULL, NULL, NULL, 0, 'RESEP', 0, 26000.00, 31500.00, 'RAK A - RAK A6', 1, 0, '2026-01-08 01:59:55', '2026-01-08 01:59:55'),
(85, 'OBT01084', 'ACYCLOVIR 400 MG', 'ACYCLOVIR 400 MG', 'TABLET', '-', 'TABLET', NULL, NULL, NULL, 0, 'RESEP', 0, 616.00, 1000.00, 'RAK A - RAK A6', 40, 0, '2026-01-08 01:59:55', '2026-01-08 01:59:55'),
(86, 'OBT01085', 'ASAM MEFENAMAT 500 MG', 'ASAM MEFENAMAT 500 MG', 'TABLET', '-', 'TABLET', NULL, NULL, NULL, 0, 'RESEP', 0, 200.00, 500.00, 'RAK A - RAK A6', 201, 0, '2026-01-08 01:59:55', '2026-01-09 02:42:17'),
(87, 'OBT01086', 'BISOPROLOL', 'BISOPROLOL', 'TABLET', '-', 'TABLET', NULL, NULL, NULL, 0, 'RESEP', 0, 210.00, 500.00, 'RAK A - RAK A6', 10, 0, '2026-01-08 01:59:55', '2026-01-08 01:59:55'),
(88, 'OBT01087', 'BUFACARYL', 'BUFACARYL', 'TABLET', '-', 'TABLET', NULL, NULL, NULL, 0, 'RESEP', 0, 265.00, 500.00, 'RAK A - RAK A6', 15, 0, '2026-01-08 01:59:55', '2026-01-08 01:59:55'),
(89, 'OBT01088', 'BETAHISTIN 6 MG', 'BETAHISTIN 6 MG', 'TABLET', '-', 'TABLET', NULL, NULL, NULL, 0, 'RESEP', 0, 200.00, 500.00, 'RAK A - RAK A6', 20, 0, '2026-01-08 01:59:55', '2026-01-08 01:59:55'),
(90, 'OBT01089', 'CAVIT-D3', 'CAVIT-D3', 'TABLET', '-', 'TABLET', NULL, NULL, NULL, 0, 'RESEP', 0, 3180.00, 3600.00, 'RAK A - RAK A6', 15, 0, '2026-01-08 01:59:55', '2026-01-08 01:59:55'),
(91, 'OBT01090', 'CEFIXIME 100 MG', 'CEFIXIME 100 MG', 'TABLET', '-', 'TABLET', NULL, NULL, NULL, 0, 'RESEP', 0, 725.00, 1000.00, 'RAK A - RAK A6', 101, 0, '2026-01-08 01:59:55', '2026-01-09 02:52:30'),
(92, 'OBT01091', 'CEFIXIME 200 MG', 'CEFIXIME 200 MG', 'TABLET', '-', 'TABLET', NULL, NULL, NULL, 0, 'RESEP', 0, 1100.00, 1400.00, 'RAK A - RAK A6', 30, 0, '2026-01-08 01:59:55', '2026-01-08 01:59:55'),
(93, 'OBT01092', 'CIPROFLOXACIN 500 MG', 'CIPROFLOXACIN 500 MG', 'TABLET', '-', 'TABLET', NULL, NULL, NULL, 0, 'RESEP', 0, 450.00, 600.00, 'RAK A - RAK A6', 35, 0, '2026-01-08 01:59:55', '2026-01-08 01:59:55'),
(94, 'OBT01093', 'CETIRIZINE', 'CETIRIZINE', 'TABLET', '-', 'TABLET', NULL, NULL, NULL, 0, 'RESEP', 0, 90.00, 300.00, 'RAK A - RAK A6', 25, 0, '2026-01-08 01:59:55', '2026-01-08 01:59:55'),
(95, 'OBT01094', 'CATAFLAM 50 MG', 'CATAFLAM 50 MG', 'TABLET', '-', 'TABLET', NULL, NULL, NULL, 0, 'RESEP', 0, 7175.00, 8500.00, 'RAK A - RAK A6', 12, 0, '2026-01-08 01:59:55', '2026-01-08 01:59:55'),
(96, 'OBT01095', 'CEFADROXIL 500 MG', 'CEFADROXIL 500 MG', 'TABLET', '-', 'TABLET', NULL, NULL, NULL, 0, 'RESEP', 0, 1025.00, 1400.00, 'RAK A - RAK A6', 10, 0, '2026-01-08 01:59:55', '2026-01-08 01:59:55'),
(97, 'OBT01096', 'CATAFLAM FAST 50 MG', 'CATAFLAM FAST 50 MG', 'SERBUK', '-', 'SASET', NULL, NULL, NULL, 0, 'RESEP', 0, 10285.00, 15000.00, 'RAK A - RAK A6', 3, 0, '2026-01-08 01:59:55', '2026-01-08 01:59:55'),
(98, 'OBT01097', 'CANDESARTAN 8 MG', 'CANDESARTAN 8 MG', 'TABLET', '-', 'TABLET', NULL, NULL, NULL, 0, 'RESEP', 0, 350.00, 600.00, 'RAK A - RAK A6', 50, 0, '2026-01-08 01:59:55', '2026-01-08 01:59:55'),
(99, 'OBT01098', 'COTRIMOXAZOLE', 'COTRIMOXAZOLE', 'TABLET', '-', 'TABLET', NULL, NULL, NULL, 0, 'RESEP', 0, 0.00, 500.00, 'RAK A - RAK A7', 85, 0, '2026-01-08 01:59:55', '2026-01-08 01:59:55'),
(100, 'OBT01099', 'CLINDAMICYN 300 MG', 'CLINDAMICYN 300 MG', 'TABLET', '-', 'TABLET', NULL, NULL, NULL, 0, 'RESEP', 0, 1100.00, 1400.00, 'RAK A - RAK A7', 10, 0, '2026-01-08 01:59:55', '2026-01-08 01:59:55'),
(101, 'OBT01100', 'CLINDAMICYN 150 MG', 'CLINDAMICYN 150 MG', 'TABLET', '-', 'TABLET', NULL, NULL, NULL, 0, 'RESEP', 0, 825.00, 1200.00, 'RAK A - RAK A7', 51, 0, '2026-01-08 01:59:55', '2026-01-09 02:43:54'),
(102, 'OBT01101', 'CENDO XYTROL  OINTMENT 3,5 GR', 'CENDO XYTROL  OINTMENT 3,5 GR', 'SALEP/KRIM', '-', 'TUBE', NULL, NULL, NULL, 0, 'RESEP', 0, 0.00, 49000.00, 'RAK A - RAK A7', 1, 0, '2026-01-08 01:59:55', '2026-01-08 01:59:55'),
(103, 'OBT01102', 'DEXAMETHASONE 0,75 MG', 'DEXAMETHASONE 0,75 MG', 'TABLET', '-', 'TABLET', NULL, NULL, NULL, 0, 'RESEP', 0, 223.00, 500.00, 'RAK A - RAK A7', 425, 0, '2026-01-08 01:59:55', '2026-01-08 01:59:55'),
(104, 'OBT01103', 'DEXAMETHASONE 0,5 MG', 'DEXAMETHASONE 0,5 MG', 'TABLET', '-', 'TABLET', NULL, NULL, NULL, 0, 'RESEP', 0, 246.00, 400.00, 'RAK A - RAK A7', 435, 0, '2026-01-08 01:59:55', '2026-01-08 01:59:55'),
(105, 'OBT01104', 'DRAMAMINE 50 MG', 'DRAMAMINE 50 MG', 'TABLET', '-', 'TABLET', NULL, NULL, NULL, 0, 'RESEP', 0, 2018.00, 3500.00, 'RAK A - RAK A7', 21, 0, '2026-01-08 01:59:55', '2026-01-08 01:59:55'),
(106, 'OBT01105', 'FUROSEMIDE 40 MG', 'FUROSEMIDE 40 MG', 'TABLET', '-', 'TABLET', NULL, NULL, NULL, 0, 'RESEP', 0, 315.00, 400.00, 'RAK A - RAK A7', 10, 0, '2026-01-08 01:59:55', '2026-01-08 01:59:55'),
(107, 'OBT01106', 'FOLAVIT 400 MCG', 'FOLAVIT 400 MCG', 'TABLET', '-', 'TABLET', NULL, NULL, NULL, 0, 'RESEP', 0, 1110.00, 1350.00, 'RAK A - RAK A7', 50, 0, '2026-01-08 01:59:55', '2026-01-08 01:59:55'),
(108, 'OBT01107', 'FARGETIK 500 MG', 'FARGETIK 500 MG', 'TABLET', '-', 'TABLET', NULL, NULL, NULL, 0, 'RESEP', 0, 330.00, 500.00, 'RAK A - RAK A7', 1, 0, '2026-01-08 01:59:55', '2026-01-08 01:59:55'),
(109, 'OBT01108', 'DOXIHAT', 'DOXIHAT', 'CAPSUL', '-', 'CAPSUL', NULL, NULL, NULL, 0, 'RESEP', 0, 0.00, 1000.00, 'RAK A - RAK A7', 11, 0, '2026-01-08 01:59:55', '2026-01-08 01:59:55'),
(110, 'OBT01109', 'FLUTAMOL', 'FLUTAMOL', 'TABLET', '-', 'TABLET', NULL, NULL, NULL, 0, 'RESEP', 0, 420.00, 700.00, 'RAK A - RAK A7', 155, 0, '2026-01-08 01:59:55', '2026-01-08 01:59:55'),
(111, 'OBT01110', 'GASELA', 'GASELA', 'TABLET', '-', 'TABLET', NULL, NULL, NULL, 0, 'RESEP', 0, 285.00, 500.00, 'RAK A - RAK A7', 30, 0, '2026-01-08 01:59:55', '2026-01-08 01:59:55'),
(112, 'OBT01111', 'GLUCOSAMINE 500 MG', 'GLUCOSAMINE 500 MG', 'TABLET', '-', 'TABLET', NULL, NULL, NULL, 0, 'RESEP', 0, 1916.00, 2500.00, 'RAK A - RAK A7', 10, 0, '2026-01-08 01:59:55', '2026-01-08 01:59:55'),
(113, 'OBT01112', 'GLIMEPIRIDE 1 MG', 'GLIMEPIRIDE 1 MG', 'TABLET', '-', 'TABLET', NULL, NULL, NULL, 0, 'RESEP', 0, 195.00, 400.00, 'RAK A - RAK A7', 5, 0, '2026-01-08 01:59:55', '2026-01-08 01:59:55'),
(114, 'OBT01113', 'GLIMEPIRIDE 2 MG', 'GLIMEPIRIDE 2 MG', 'TABLET', '-', 'TABLET', NULL, NULL, NULL, 0, 'RESEP', 0, 250.00, 500.00, 'RAK A - RAK A7', 45, 0, '2026-01-08 01:59:55', '2026-01-08 01:59:55'),
(115, 'OBT01114', 'IBUPROFEN 400 MG', 'IBUPROFEN 400 MG', 'TABLET', '-', 'TABLET', NULL, NULL, NULL, 0, 'RESEP', 0, 243.00, 400.00, 'RAK A - RAK A7', 45, 0, '2026-01-08 01:59:55', '2026-01-08 01:59:55'),
(116, 'OBT01115', 'ISOSORBITE 5 MG', 'ISOSORBITE 5 MG', 'TABLET', '-', 'TABLET', NULL, NULL, NULL, 0, 'RESEP', 0, 183.00, 500.00, 'RAK A - RAK A7', 35, 0, '2026-01-08 01:59:55', '2026-01-08 01:59:55'),
(117, 'OBT01116', 'IBUPROFEN 200 MG', 'IBUPROFEN 200 MG', 'TABLET', '-', 'TABLET', NULL, NULL, NULL, 0, 'RESEP', 0, 200.00, 400.00, 'RAK A - RAK A7', 102, 0, '2026-01-08 01:59:55', '2026-01-09 03:27:48'),
(118, 'OBT01117', 'IMBOOST FORCE', 'IMBOOST FORCE', 'TABLET', '-', 'TABLET', NULL, NULL, NULL, 0, 'RESEP', 0, 6710.00, 4400.00, 'RAK A - RAK A7', 1, 0, '2026-01-08 01:59:55', '2026-01-08 01:59:55'),
(119, 'OBT01118', 'KETOCONAZOLE 200 MG', 'KETOCONAZOLE 200 MG', 'TABLET', '-', 'TABLET', NULL, NULL, NULL, 0, 'RESEP', 0, 400.00, 600.00, 'RAK A - RAK A7', 100, 0, '2026-01-08 01:59:55', '2026-01-08 01:59:55'),
(120, 'OBT01119', 'KALMICETIN 250 MG', 'KALMICETIN 250 MG', 'CAPSUL', '-', 'CAPSUL', NULL, NULL, NULL, 0, 'RESEP', 0, 0.00, 1500.00, 'RAK A - RAK A7', 10, 0, '2026-01-08 01:59:55', '2026-01-08 01:59:55'),
(121, 'OBT01120', 'KALNEX 500 MG', 'KALNEX 500 MG', 'TABLET', '-', 'TABLET', NULL, NULL, NULL, 0, 'RESEP', 0, 2750.00, 3500.00, 'RAK A - RAK A7', 50, 0, '2026-01-08 01:59:55', '2026-01-08 01:59:55'),
(122, 'OBT01121', 'MEFINAL 500 MG', 'MEFINAL 500 MG', 'TABLET', '-', 'TABLET', NULL, NULL, NULL, 0, 'RESEP', 0, 1715.00, 2100.00, 'RAK A - RAK A7', 27, 0, '2026-01-08 01:59:55', '2026-01-08 01:59:55'),
(123, 'OBT01122', 'LANCAR ASI', 'LANCAR ASI', 'PAPAN', '-', 'PAPAN', NULL, NULL, NULL, 0, 'RESEP', 0, 12000.00, 14500.00, 'RAK A - RAK A7', 2, 0, '2026-01-08 01:59:56', '2026-01-08 01:59:56'),
(124, 'OBT01123', 'LANSOPRAZOLE 20 MG', 'LANSOPRAZOLE 20 MG', 'TABLET', '-', 'TABLET', NULL, NULL, NULL, 0, 'RESEP', 0, 625.00, 800.00, 'RAK A - RAK A7', 10, 0, '2026-01-08 01:59:56', '2026-01-08 01:59:56'),
(125, 'OBT01124', 'LERZIN TABLET', 'LERZIN TABLET', 'TABLET', '-', 'TABLET', NULL, NULL, NULL, 0, 'RESEP', 0, 415.00, 600.00, 'RAK A - RAK A7', 15, 0, '2026-01-08 01:59:56', '2026-01-08 01:59:56'),
(126, 'OBT01125', 'LECOZINC TABLET', 'LECOZINC TABLET', 'TABLET', '-', 'TABLET', NULL, NULL, NULL, 0, 'RESEP', 0, 325.00, 500.00, 'RAK A - RAK A7', 40, 0, '2026-01-08 01:59:56', '2026-01-08 01:59:56'),
(127, 'OBT01126', 'INFLASON TAB', 'INFLASON TAB', 'TABLET', '-', 'TABLET', NULL, NULL, NULL, 0, 'RESEP', 0, 0.00, 300.00, 'RAK A - RAK A7', 75, 0, '2026-01-08 01:59:56', '2026-01-08 01:59:56'),
(128, 'OBT01127', 'FENOFIBRATE 300 ,MG', 'FENOFIBRATE 300 ,MG', 'TABLET', '-', 'TABLET', NULL, NULL, NULL, 0, 'RESEP', 0, 2200.00, 5500.00, 'RAK A - RAK A7', 15, 0, '2026-01-08 01:59:56', '2026-01-08 01:59:56'),
(129, 'OBT01128', 'PARACETAMOL 500 MG', 'PARACETAMOL 500 MG', 'TABLET', '-', 'TABLET', NULL, NULL, NULL, 0, 'RESEP', 0, 132.00, 300.00, 'RAK A - RAK A8', 105, 0, '2026-01-08 01:59:56', '2026-01-08 01:59:56'),
(130, 'OBT01129', 'RANABION TABLET', 'RANABION TABLET', 'TABLET', '-', 'TABLET', NULL, NULL, NULL, 0, 'RESEP', 0, 250.00, 500.00, 'RAK A - RAK A8', 45, 0, '2026-01-08 01:59:56', '2026-01-08 01:59:56'),
(131, 'OBT01130', 'SAMOXIN 500 MG', 'SAMOXIN 500 MG', 'TABLET', '-', 'TABLET', NULL, NULL, NULL, 0, 'RESEP', 0, 550.00, 700.00, 'RAK A - RAK A8', 30, 0, '2026-01-08 01:59:56', '2026-01-08 01:59:56'),
(132, 'OBT01131', 'TREMENZA', 'TREMENZA', 'TABLET', '-', 'TABLET', NULL, NULL, NULL, 0, 'RESEP', 0, 1929.00, 2500.00, 'RAK A - RAK A8', 28, 0, '2026-01-08 01:59:56', '2026-01-08 01:59:56'),
(133, 'OBT01132', 'OMEGTAMINE', 'OMEGTAMINE', 'TABLET', '-', 'TABLET', NULL, NULL, NULL, 0, 'RESEP', 0, 195.00, 400.00, 'RAK A - RAK A8', 305, 0, '2026-01-08 01:59:56', '2026-01-09 02:53:24'),
(134, 'OBT01133', 'SIMVASTATIN 10 MG', 'SIMVASTATIN 10 MG', 'TABLET', '-', 'TABLET', NULL, NULL, NULL, 0, 'RESEP', 0, 200.00, 400.00, 'RAK A - RAK A8', 40, 0, '2026-01-08 01:59:56', '2026-01-08 01:59:56'),
(135, 'OBT01134', 'SIMVASTATIN 20 MG', 'SIMVASTATIN 20 MG', 'TABLET', '-', 'TABLET', NULL, NULL, NULL, 0, 'RESEP', 0, 202.00, 300.00, 'RAK A - RAK A8', 20, 0, '2026-01-08 01:59:56', '2026-01-08 01:59:56'),
(136, 'OBT01135', 'SALBUTAMOL 2 MG', 'SALBUTAMOL 2 MG', 'TABLET', '-', 'TABLET', NULL, NULL, NULL, 0, 'RESEP', 0, 115.00, 300.00, 'RAK A - RAK A8', 35, 0, '2026-01-08 01:59:56', '2026-01-08 01:59:56'),
(137, 'OBT01136', 'SALBUTAMOL 4 MG', 'SALBUTAMOL 4 MG', 'TABLET', '-', 'TABLET', NULL, NULL, NULL, 0, 'RESEP', 0, 211.00, 500.00, 'RAK A - RAK A8', 20, 0, '2026-01-08 01:59:56', '2026-01-08 01:59:56'),
(138, 'OBT01137', 'RHINOS', 'RHINOS', 'CAPSUL', '-', 'CAPSUL', NULL, NULL, NULL, 0, 'RESEP', 0, 8114.00, 10000.00, 'RAK A - RAK A8', 22, 0, '2026-01-08 01:59:56', '2026-01-09 03:30:33'),
(139, 'OBT01138', 'PIROXICAM 20 MG', 'PIROXICAM 20 MG', 'TABLET', '-', 'TABLET', NULL, NULL, NULL, 0, 'RESEP', 0, 130.00, 400.00, 'RAK A - RAK A8', 50, 0, '2026-01-08 01:59:56', '2026-01-08 01:59:56'),
(140, 'OBT01139', 'PIROXICAM 10 MG', 'PIROXICAM 10 MG', 'TABLET', '-', 'TABLET', NULL, NULL, NULL, 0, 'RESEP', 0, 105.00, 400.00, 'RAK A - RAK A8', 5, 0, '2026-01-08 01:59:56', '2026-01-08 01:59:56'),
(141, 'OBT01140', 'PONSTAN 500 MG', 'PONSTAN 500 MG', 'TABLET', '-', 'TABLET', NULL, NULL, NULL, 0, 'RESEP', 0, 3050.00, 4000.00, 'RAK A - RAK A8', 36, 0, '2026-01-08 01:59:56', '2026-01-08 01:59:56'),
(142, 'OBT01141', 'VOLTAREN 50 MG', 'VOLTAREN 50 MG', 'TABLET', '-', 'TABLET', NULL, NULL, NULL, 0, 'RESEP', 0, 7651.00, 9500.00, 'RAK A - RAK A8', 25, 0, '2026-01-08 01:59:56', '2026-01-08 01:59:56'),
(143, 'OBT01142', 'OMEPRAZOLE 20 MG', 'OMEPRAZOLE 20 MG', 'TABLET', '-', 'TABLET', NULL, NULL, NULL, 0, 'RESEP', 0, 225.00, 500.00, 'RAK A - RAK A8', 20, 0, '2026-01-08 01:59:56', '2026-01-08 01:59:56'),
(144, 'OBT01143', 'RIFAMPICIN 450 MG', 'RIFAMPICIN 450 MG', 'TABLET', '-', 'TABLET', NULL, NULL, NULL, 0, 'RESEP', 0, 5462.00, 6600.00, 'RAK A - RAK A8', 15, 0, '2026-01-08 01:59:56', '2026-01-08 01:59:56'),
(145, 'OBT01144', 'RANITIDINE 150 MG', 'RANITIDINE 150 MG', 'TABLET', '-', 'TABLET', NULL, NULL, NULL, 0, 'RESEP', 0, 205.00, 300.00, 'RAK A - RAK A8', 55, 0, '2026-01-08 01:59:56', '2026-01-08 01:59:56'),
(146, 'OBT01145', 'ONDANCENTRON 4 MG', 'ONDANCENTRON 4 MG', 'TABLET', '-', 'TABLET', NULL, NULL, NULL, 0, 'RESEP', 0, 296.00, 400.00, 'RAK A - RAK A8', 35, 0, '2026-01-08 01:59:56', '2026-01-08 01:59:56'),
(147, 'OBT01146', 'NITROKAF', 'NITROKAF', 'TABLET', '-', 'TABLET', NULL, NULL, NULL, 0, 'RESEP', 0, 0.00, 2500.00, 'RAK A - RAK A8', 10, 0, '2026-01-08 01:59:56', '2026-01-08 01:59:56'),
(148, 'OBT01147', 'NEURALGIN', 'NEURALGIN', 'TABLET', '-', 'TABLET', NULL, NULL, NULL, 0, 'RESEP', 0, 1150.00, 1400.00, 'RAK A - RAK A8', 35, 0, '2026-01-08 01:59:56', '2026-01-08 01:59:56'),
(149, 'OBT01148', 'NATRIUM DICKLOFENAC 50 MG', 'NATRIUM DICKLOFENAC 50 MG', 'TABLET', '-', 'TABLET', NULL, NULL, NULL, 0, 'RESEP', 0, 160.00, 500.00, 'RAK A - RAK A8', 4, 0, '2026-01-08 01:59:56', '2026-01-08 01:59:56'),
(150, 'OBT01149', 'MELOXICAM 15 MG', 'MELOXICAM 15 MG', 'TABLET', '-', 'TABLET', NULL, NULL, NULL, 0, 'RESEP', 0, 359.00, 500.00, 'RAK A - RAK A8', 15, 0, '2026-01-08 01:59:56', '2026-01-08 01:59:56'),
(151, 'OBT01150', 'MELOXICAM 7,5 MG', 'MELOXICAM 7,5 MG', 'TABLET', '-', 'TABLET', NULL, NULL, NULL, 0, 'RESEP', 0, 135.00, 500.00, 'RAK A - RAK A8', 15, 0, '2026-01-08 01:59:56', '2026-01-08 01:59:56'),
(152, 'OBT01151', 'MEDIAMER B6', 'MEDIAMER B6', 'TABLET', '-', 'TABLET', NULL, NULL, NULL, 0, 'RESEP', 0, 3072.00, 3700.00, 'RAK A - RAK A8', 20, 0, '2026-01-08 01:59:56', '2026-01-08 01:59:56'),
(153, 'OBT01152', 'MECOBALAMINE  500 MG', 'MECOBALAMINE  500 MG', 'TABLET', '-', 'TABLET', NULL, NULL, NULL, 0, 'RESEP', 0, 600.00, 800.00, 'RAK A - RAK A8', 25, 0, '2026-01-08 01:59:56', '2026-01-08 01:59:56'),
(154, 'OBT01153', 'METRONIDAZOLE 500 MG', 'METRONIDAZOLE 500 MG', 'TABLET', '-', 'TABLET', NULL, NULL, NULL, 0, 'RESEP', 0, 225.00, 500.00, 'RAK A - RAK A8', 55, 0, '2026-01-08 01:59:56', '2026-01-08 01:59:56'),
(155, 'OBT01154', 'VOLTADEX 50 MG', 'VOLTADEX 50 MG', 'TABLET', '-', 'TABLET', NULL, NULL, NULL, 0, 'RESEP', 0, 250.00, 400.00, 'RAK A - RAK A8', 85, 0, '2026-01-08 01:59:56', '2026-01-08 01:59:56'),
(156, 'OBT01155', 'DEPAKENE 120 ML', 'DEPAKENE 120 ML', 'SIRUP', '-', 'SIRUP', NULL, NULL, NULL, 0, 'RESEP', 0, 135000.00, 162000.00, 'RAK A - RAK A9', 1, 0, '2026-01-08 01:59:56', '2026-01-08 01:59:56'),
(157, 'OBT01156', 'VENTOLIN INHALER 200 DOES', 'VENTOLIN INHALER 200 DOES', 'PCS', '-', 'PCS', NULL, NULL, NULL, 0, 'RESEP', 0, 139500.00, 186000.00, 'RAK A - RAK A9', 1, 0, '2026-01-08 01:59:56', '2026-01-08 01:59:56'),
(158, 'OBT01157', 'OTOPAIN TETES TELINGA 8ML', 'OTOPAIN TETES TELINGA 8ML', 'PCS', '-', 'PCS', NULL, NULL, NULL, 0, 'RESEP', 0, 92000.00, 110500.00, 'RAK A - RAK A9', 1, 0, '2026-01-08 01:59:56', '2026-01-08 01:59:56'),
(159, 'OBT01158', 'RECO TETES TELINGA 1%', 'RECO TETES TELINGA 1%', 'PCS', '-', 'PCS', NULL, NULL, NULL, 0, 'RESEP', 0, 9000.00, 12000.00, 'RAK A - RAK A9', 1, 0, '2026-01-08 01:59:56', '2026-01-08 01:59:56'),
(160, 'OBT01159', 'NIFURAL 60 ML SYR', 'NIFURAL 60 ML SYR', 'CAIRAN', '-', 'BOTOL', NULL, NULL, NULL, 0, 'RESEP', 0, 69980.00, 87000.00, 'RAK A - RAK A9', 1, 0, '2026-01-08 01:59:56', '2026-01-08 01:59:56'),
(161, 'OBT01160', 'HUFADON SYR 60 ML', 'HUFADON SYR 60 ML', 'CAIRAN', '-', 'BOTOL', NULL, NULL, NULL, 0, 'RESEP', 0, 5500.00, 7000.00, 'RAK A - RAK A9', 1, 0, '2026-01-08 01:59:56', '2026-01-08 01:59:56'),
(162, 'OBT01161', 'AMBROXOL SYR 60 ML', 'AMBROXOL SYR 60 ML', 'CAIRAN', '-', 'BOTOL', NULL, NULL, NULL, 0, 'RESEP', 0, 3600.00, 6000.00, 'RAK A - RAK A9', 1, 0, '2026-01-08 01:59:56', '2026-01-08 01:59:56'),
(163, 'OBT01162', 'AMOXAN FORTE SYR 60 ML', 'AMOXAN FORTE SYR 60 ML', 'CAIRAN', '-', 'BOTOL', NULL, NULL, NULL, 0, 'RESEP', 0, 38350.00, 46000.00, 'RAK A - RAK A9', 1, 0, '2026-01-08 01:59:56', '2026-01-08 01:59:56'),
(164, 'OBT01163', 'AMOXAN DRY SYR 60 ML', 'AMOXAN DRY SYR 60 ML', 'CAIRAN', '-', 'BOTOL', NULL, NULL, NULL, 0, 'RESEP', 0, 26411.00, 33000.00, 'RAK A - RAK A9', 1, 0, '2026-01-08 01:59:56', '2026-01-08 01:59:56'),
(165, 'OBT01164', 'CEFAT DRY SYR 60 ML', 'CEFAT DRY SYR 60 ML', 'CAIRAN', '-', 'BOTOL', NULL, NULL, NULL, 0, 'RESEP', 0, 54060.00, 65000.00, 'RAK A - RAK A9', 1, 0, '2026-01-08 01:59:56', '2026-01-08 01:59:56'),
(166, 'OBT01166', 'OMENIZOL SYR 60 ML', 'OMENIZOL SYR 60 ML', 'CAIRAN', '-', 'BOTOL', NULL, NULL, NULL, 0, 'RESEP', 0, 6000.00, 8000.00, 'RAK A - RAK A9', 1, 0, '2026-01-08 01:59:56', '2026-01-08 01:59:56'),
(167, 'OBT01167', 'ERLAMYCETIN SALEP MATA 3,5 GR', 'ERLAMYCETIN SALEP MATA 3,5 GR', 'SALEP/KRIM', '-', 'TUBE', NULL, NULL, NULL, 0, 'RESEP', 0, 11133.00, 16500.00, 'RAK A - RAK A9', 1, 0, '2026-01-08 01:59:56', '2026-01-08 01:59:56'),
(168, 'OBT01168', 'MUPIROCIN CALCIUM 10 GR', 'MUPIROCIN CALCIUM 10 GR', 'SALEP/KRIM', '-', 'TUBE', NULL, NULL, NULL, 0, 'RESEP', 0, 38517.00, 46000.00, 'RAK A - RAK A9', 1, 0, '2026-01-08 01:59:56', '2026-01-08 01:59:56'),
(169, 'OBT01169', 'THROMBOPHOB GRL 20 GR', 'THROMBOPHOB GRL 20 GR', 'SALEP/KRIM', '-', 'TUBE', NULL, NULL, NULL, 0, 'RESEP', 0, 66623.00, 85000.00, 'RAK A - RAK A9', 1, 0, '2026-01-08 01:59:56', '2026-01-08 01:59:56'),
(170, 'OBT01170', 'ESPERSON 0,25%', 'ESPERSON 0,25%', 'SALEP/KRIM', '-', 'TUBE', NULL, NULL, NULL, 0, 'RESEP', 0, 71000.00, 85500.00, 'RAK A - RAK A9', 2, 0, '2026-01-08 01:59:56', '2026-01-08 01:59:56'),
(171, 'OBT01171', 'BIOPLACENTON 15 GR', 'BIOPLACENTON 15 GR', 'SALEP/KRIM', '-', 'TUBE', NULL, NULL, NULL, 0, 'RESEP', 0, 28000.00, 39000.00, 'RAK A - RAK A9', 1, 0, '2026-01-08 01:59:56', '2026-01-08 01:59:56'),
(172, 'OBT01172', 'MEDIKLIN TR GEL', 'MEDIKLIN TR GEL', 'SALEP/KRIM', '-', 'TUBE', NULL, NULL, NULL, 0, 'RESEP', 0, 44250.00, 59000.00, 'RAK A - RAK A9', 1, 0, '2026-01-08 01:59:56', '2026-01-08 01:59:56'),
(173, 'OBT01173', 'MEDIKLIN GEL 15 GR', 'MEDIKLIN GEL 15 GR', 'SALEP/KRIM', '-', 'TUBE', NULL, NULL, NULL, 0, 'RESEP', 0, 27950.00, 35000.00, 'RAK A - RAK A9', 2, 0, '2026-01-08 01:59:56', '2026-01-08 01:59:56'),
(174, 'OBT01174', 'NEUROBION INJ', 'NEUROBION INJ', 'PSG', '-', 'PSG', NULL, NULL, NULL, 0, 'RESEP', 0, 18500.00, 25000.00, 'RAK A - RAK A9', 3, 0, '2026-01-08 01:59:56', '2026-01-08 01:59:56'),
(175, 'OBT01175', 'NEUROSANBE INJ', 'NEUROSANBE INJ', 'PSG', '-', 'PSG', NULL, NULL, NULL, 0, 'RESEP', 0, 13750.00, 18000.00, 'RAK A - RAK A9', 9, 0, '2026-01-08 01:59:56', '2026-01-08 01:59:56'),
(176, 'OBT01176', 'ZINC SHP BLACK&SHINE BTL 80 ML', 'ZINC SHP BLACK&SHINE BTL 80 ML', 'CAIRAN', '-', 'BOTOL', NULL, NULL, NULL, 0, 'OTC', 0, 12200.00, 15000.00, 'RAK B - RAK B1', 1, 0, '2026-01-08 01:59:56', '2026-01-08 01:59:56'),
(177, 'OBT01177', 'LIFEBOY SHAMPO 70 ML', 'LIFEBOY SHAMPO 70 ML', 'CAIRAN', '-', 'BOTOL', NULL, NULL, NULL, 0, 'OTC', 0, 11900.00, 15000.00, 'RAK B - RAK B1', 3, 0, '2026-01-08 01:59:56', '2026-01-08 01:59:56'),
(178, 'OBT01178', 'EMERON SHAMPO HAIRFALL CONTOL 80 ML', 'EMERON SHAMPO HAIRFALL CONTOL 80 ML', 'CAIRAN', '-', 'BOTOL', NULL, NULL, NULL, 0, 'OTC', 0, 10600.00, 13000.00, 'RAK B - RAK B1', 1, 0, '2026-01-08 01:59:56', '2026-01-08 01:59:56'),
(179, 'OBT01179', 'SHAMPO CLEAR 70 ML', 'SHAMPO CLEAR 70 ML', 'CAIRAN', '-', 'BOTOL', NULL, NULL, NULL, 0, 'OTC', 0, 13200.00, 16500.00, 'RAK B - RAK B1', 3, 0, '2026-01-08 01:59:56', '2026-01-08 01:59:56'),
(180, 'OBT01180', 'MASTER SPIDERMAN', 'MASTER SPIDERMAN', 'CAIRAN', '-', 'BOTOL', NULL, NULL, NULL, 0, 'OTC', 0, 18600.00, 23000.00, 'RAK B - RAK B1', 2, 0, '2026-01-08 01:59:56', '2026-01-08 01:59:56'),
(181, 'OBT01181', 'CUSSON KIDS HAIR & BODY RASBERRY 100 ML', 'CUSSON KIDS HAIR & BODY RASBERRY 100 ML', 'CAIRAN', '-', 'BOTOL', NULL, NULL, NULL, 0, 'OTC', 0, 17300.00, 21000.00, 'RAK B - RAK B1', 1, 0, '2026-01-08 01:59:56', '2026-01-08 01:59:56'),
(182, 'OBT01182', 'CUSSON H&B COLANGEN STRAWBERRY 100 ML', 'CUSSON H&B COLANGEN STRAWBERRY 100 ML', 'CAIRAN', '-', 'BOTOL', NULL, NULL, NULL, 0, 'OTC', 0, 17300.00, 21000.00, 'RAK B - RAK B1', 1, 0, '2026-01-08 01:59:56', '2026-01-08 01:59:56'),
(183, 'OBT01183', 'HIMALAYA NEEM FACE WASH NIMBA 100 ML', 'HIMALAYA NEEM FACE WASH NIMBA 100 ML', 'CAIRAN', '-', 'BOTOL', NULL, NULL, NULL, 0, 'OTC', 0, 40500.00, 49000.00, 'RAK B - RAK B2', 1, 0, '2026-01-08 01:59:56', '2026-01-08 01:59:56'),
(184, 'OBT01184', 'HIMALAYA NATURAL GLOW ROSE 100 ML', 'HIMALAYA NATURAL GLOW ROSE 100 ML', 'CAIRAN', '-', 'BOTOL', NULL, NULL, NULL, 0, 'OTC', 0, 35500.00, 43000.00, 'RAK B - RAK B2', 1, 0, '2026-01-08 01:59:56', '2026-01-08 01:59:56'),
(185, 'OBT01185', 'GARNIER FACE WASH VITAMIN C 100 ML', 'GARNIER FACE WASH VITAMIN C 100 ML', 'CAIRAN', '-', 'BOTOL', NULL, NULL, NULL, 0, 'OTC', 0, 33200.00, 40000.00, 'RAK B - RAK B2', 1, 0, '2026-01-08 01:59:56', '2026-01-08 01:59:56'),
(186, 'OBT01186', 'DETTOL ANTISEPTIK 95 ML', 'DETTOL ANTISEPTIK 95 ML', 'CAIRAN', '-', 'BOTOL', NULL, NULL, NULL, 0, 'OTC', 0, 6000.00, 28000.00, 'RAK B - RAK B2', 3, 0, '2026-01-08 01:59:56', '2026-01-08 01:59:56'),
(187, 'OBT01187', 'CLEN & CLESR 50ML', 'CLEN & CLESR 50ML', 'CAIRAN', '-', 'BOTOL', NULL, NULL, NULL, 0, 'OTC', 0, 16900.00, 20000.00, 'RAK B - RAK B2', 2, 0, '2026-01-08 01:59:57', '2026-01-08 01:59:57'),
(188, 'OBT01188', 'GARNIER MICELLAR ROSE WATER 125 ML', 'GARNIER MICELLAR ROSE WATER 125 ML', 'CAIRAN', '-', 'BOTOL', NULL, NULL, NULL, 0, 'OTC', 0, 37100.00, 45000.00, 'RAK B - RAK B2', 2, 0, '2026-01-08 01:59:57', '2026-01-08 01:59:57'),
(189, 'OBT01189', 'GARNIER MICELLAR VITAMIN C 125 ML', 'GARNIER MICELLAR VITAMIN C 125 ML', 'CAIRAN', '-', 'BOTOL', NULL, NULL, NULL, 0, 'OTC', 0, 38200.00, 45000.00, 'RAK B - RAK B2', 2, 0, '2026-01-08 01:59:57', '2026-01-08 01:59:57'),
(190, 'OBT01190', 'KAHF FACE WASH 50 ML', 'KAHF FACE WASH 50 ML', 'CAIRAN', '-', 'BOTOL', NULL, NULL, NULL, 0, 'OTC', 0, 25600.00, 31000.00, 'RAK B - RAK B2', 2, 0, '2026-01-08 01:59:57', '2026-01-08 01:59:57'),
(191, 'OBT01191', 'BIORE MENS', 'BIORE MENS', 'CAIRAN', '-', 'BOTOL', NULL, NULL, NULL, 0, 'OTC', 0, 15600.00, 19500.00, 'RAK B - RAK B2', 2, 0, '2026-01-08 01:59:57', '2026-01-08 01:59:57'),
(192, 'OBT01192', 'GARNIER SAKURA GLOW CERAMIDE 50 ML', 'GARNIER SAKURA GLOW CERAMIDE 50 ML', 'CAIRAN', '-', 'BOTOL', NULL, NULL, NULL, 0, 'OTC', 0, 21500.00, 26000.00, 'RAK B - RAK B2', 4, 0, '2026-01-08 01:59:57', '2026-01-10 03:07:09'),
(193, 'OBT01193', 'GLOW& LOVELY 50 G', 'GLOW& LOVELY 50 G', 'CAIRAN', '-', 'BOTOL', NULL, NULL, NULL, 0, 'OTC', 0, 16700.00, 20500.00, 'RAK B - RAK B2', 1, 0, '2026-01-08 01:59:57', '2026-01-08 01:59:57'),
(194, 'OBT01194', 'MINOSEP RED 200 ML', 'MINOSEP RED 200 ML', 'CAIRAN', '-', 'BOTOL', NULL, NULL, NULL, 0, 'OTC', 0, 42769.00, 55000.00, 'RAK B - RAK B3', 1, 0, '2026-01-08 01:59:57', '2026-01-08 01:59:57'),
(195, 'OBT01195', 'MINOSEP RED 60 ML', 'MINOSEP RED 60 ML', 'CAIRAN', '-', 'BOTOL', NULL, NULL, NULL, 0, 'OTC', 0, 20500.00, 28500.00, 'RAK B - RAK B3', 2, 0, '2026-01-08 01:59:57', '2026-01-08 01:59:57'),
(196, 'OBT01196', 'MINOSEP MILD 60 ML', 'MINOSEP MILD 60 ML', 'CAIRAN', '-', 'BOTOL', NULL, NULL, NULL, 0, 'OTC', 0, 17500.00, 23000.00, 'RAK B - RAK B3', 1, 0, '2026-01-08 01:59:57', '2026-01-08 01:59:57'),
(197, 'OBT01197', 'BETADINE GARGLE 190 ML', 'BETADINE GARGLE 190 ML', 'CAIRAN', '-', 'BOTOL', NULL, NULL, NULL, 0, 'OTC', 0, 37600.00, 46000.00, 'RAK B - RAK B3', 1, 0, '2026-01-08 01:59:57', '2026-01-08 01:59:57'),
(198, 'OBT01198', 'MARINA HANDBODY 95 ML', 'MARINA HANDBODY 95 ML', 'CAIRAN', '-', 'BOTOL', NULL, NULL, NULL, 0, 'OTC', 0, 4400.00, 6000.00, 'RAK B - RAK B3', 6, 0, '2026-01-08 01:59:57', '2026-01-08 01:59:57'),
(199, 'OBT01199', 'LISTERINE ZERO 100 ML', 'LISTERINE ZERO 100 ML', 'CAIRAN', '-', 'BOTOL', NULL, NULL, NULL, 0, 'OTC', 0, 9600.00, 12000.00, 'RAK B - RAK B3', 1, 0, '2026-01-08 01:59:57', '2026-01-08 01:59:57'),
(200, 'OBT01200', 'RESIK-V MAWAR 90 ML', 'RESIK-V MAWAR 90 ML', 'CAIRAN', '-', 'BOTOL', NULL, NULL, NULL, 0, 'OTC', 0, 10500.00, 13000.00, 'RAK B - RAK B4', 1, 0, '2026-01-08 01:59:57', '2026-01-08 01:59:57'),
(201, 'OBT01201', 'SABUN SIRIH 60 ML', 'SABUN SIRIH 60 ML', 'CAIRAN', '-', 'BOTOL', NULL, NULL, NULL, 0, 'OTC', 0, 7800.00, 10000.00, 'RAK B - RAK B4', 1, 0, '2026-01-08 01:59:57', '2026-01-08 01:59:57'),
(202, 'OBT01202', 'MINYAK ZAITUN MUSTIKA RATU 150 ML', 'MINYAK ZAITUN MUSTIKA RATU 150 ML', 'CAIRAN', '-', 'BOTOL', NULL, NULL, NULL, 0, 'OTC', 0, 0.00, 31000.00, 'RAK B - RAK B4', 1, 0, '2026-01-08 01:59:57', '2026-01-08 01:59:57'),
(203, 'OBT01203', 'MINYAK ZAITUN SUMBER AYU 90 ML', 'MINYAK ZAITUN SUMBER AYU 90 ML', 'CAIRAN', '-', 'BOTOL', NULL, NULL, NULL, 0, 'OTC', 0, 20600.00, 25000.00, 'RAK B - RAK B4', 1, 0, '2026-01-08 01:59:57', '2026-01-08 01:59:57'),
(204, 'OBT01204', 'REXONA FREE SPIRIT 45 ML', 'REXONA FREE SPIRIT 45 ML', 'CAIRAN', '-', 'BOTOL', NULL, NULL, NULL, 0, 'OTC', 0, 19950.00, 24000.00, 'RAK B - RAK B4', 2, 0, '2026-01-08 01:59:57', '2026-01-08 01:59:57'),
(205, 'OBT01205', 'CASABLANCA', 'CASABLANCA', 'CAIRAN', '-', 'BOTOL', NULL, NULL, NULL, 0, 'OTC', 0, 13700.00, 15000.00, 'RAK B - RAK B4', 1, 0, '2026-01-08 01:59:57', '2026-01-08 01:59:57'),
(206, 'OBT01206', 'NIVEA HIJAB SOFT', 'NIVEA HIJAB SOFT', 'CAIRAN', '-', 'BOTOL', NULL, NULL, NULL, 0, 'OTC', 0, 23300.00, 28000.00, 'RAK B - RAK B4', 1, 0, '2026-01-08 01:59:57', '2026-01-08 01:59:57'),
(207, 'OBT01207', 'LACTACYD PINK', 'LACTACYD PINK', 'CAIRAN', '-', 'BOTOL', NULL, NULL, NULL, 0, 'OTC', 0, 26500.00, 32000.00, 'RAK B - RAK B4', 1, 0, '2026-01-08 01:59:57', '2026-01-08 01:59:57'),
(208, 'OBT01208', 'LIFEBOY BADY WASH MILD CARE 100 ML', 'LIFEBOY BADY WASH MILD CARE 100 ML', 'CAIRAN', '-', 'BOTOL', NULL, NULL, NULL, 0, 'OTC', 0, 17700.00, 22000.00, 'RAK B - RAK B4', 3, 0, '2026-01-08 01:59:57', '2026-01-08 01:59:57'),
(209, 'OBT01209', 'LIFEBOY BADY WASH LEMON FRESH 100 ML', 'LIFEBOY BADY WASH LEMON FRESH 100 ML', 'CAIRAN', '-', 'BOTOL', NULL, NULL, NULL, 0, 'OTC', 0, 17700.00, 22000.00, 'RAK B - RAK B4', 3, 0, '2026-01-08 01:59:57', '2026-01-08 01:59:57'),
(210, 'OBT01210', 'TANCHO HAIR DYE 6 G', 'TANCHO HAIR DYE 6 G', 'PCS', '-', 'PCS', NULL, NULL, NULL, 0, 'OTC', 0, 13700.00, 17000.00, 'RAK B - RAK B5', 5, 0, '2026-01-08 01:59:57', '2026-01-08 01:59:57'),
(211, 'OBT01211', 'TANCHO NATURAL BLAK 20 ML', 'TANCHO NATURAL BLAK 20 ML', 'PCS', '-', 'PCS', NULL, NULL, NULL, 0, 'OTC', 0, 19100.00, 23000.00, 'RAK B - RAK B5', 1, 0, '2026-01-08 01:59:57', '2026-01-08 01:59:57'),
(212, 'OBT01212', 'ELIPS', 'ELIPS', 'PAPAN', '-', 'PAPAN', NULL, NULL, NULL, 0, 'OTC', 0, 14142.00, 17000.00, 'RAK B - RAK B5', 6, 0, '2026-01-08 01:59:57', '2026-01-08 01:59:57'),
(213, 'OBT01213', 'NYU HENNA SHAMPO', 'NYU HENNA SHAMPO', 'SERBUK', '-', 'SASET', NULL, NULL, NULL, 0, 'OTC', 0, 0.00, 13000.00, 'RAK B - RAK B5', 1, 0, '2026-01-08 01:59:57', '2026-01-08 01:59:57'),
(214, 'OBT01214', 'NACL INFUS', 'NACL INFUS', 'FLS', '-', 'FLS', NULL, NULL, NULL, 0, 'OTC', 0, 8500.00, 10000.00, 'RAK B - RAK B6', 3, 0, '2026-01-08 01:59:57', '2026-01-08 01:59:57'),
(215, 'OBT01215', 'NACL PIGGY BAG', 'NACL PIGGY BAG', 'FLS', '-', 'FLS', NULL, NULL, NULL, 0, 'OTC', 0, 15180.00, 19000.00, 'RAK B - RAK B6', 3, 0, '2026-01-08 01:59:57', '2026-01-08 01:59:57'),
(216, 'OBT01216', 'RINGER LACTAT', 'RINGER LACTAT', 'FLS', '-', 'FLS', NULL, NULL, NULL, 0, 'OTC', 0, 9000.00, 12000.00, 'RAK B - RAK B6', 2, 0, '2026-01-08 01:59:57', '2026-01-08 01:59:57'),
(217, 'OBT01217', 'KAPAS MODIS 35 GR', 'KAPAS MODIS 35 GR', 'BOX/PACK', '-', 'BKS', NULL, NULL, NULL, 0, 'OTC', 0, 4500.00, 6000.00, 'RAK B - RAK B6', 4, 0, '2026-01-08 01:59:57', '2026-01-08 01:59:57'),
(218, 'OBT01218', 'KAPAS MODIS 50 GR', 'KAPAS MODIS 50 GR', 'BOX/PACK', '-', 'BKS', NULL, NULL, NULL, 0, 'OTC', 0, 6900.00, 9000.00, 'RAK B - RAK B6', 1, 0, '2026-01-08 01:59:57', '2026-01-08 01:59:57'),
(219, 'OBT01219', 'KAPAS SELECTION 35 GR', 'KAPAS SELECTION 35 GR', 'BOX/PACK', '-', 'BKS', NULL, NULL, NULL, 0, 'OTC', 0, 4500.00, 6000.00, 'RAK B - RAK B6', 2, 0, '2026-01-08 01:59:57', '2026-01-08 01:59:57'),
(220, 'OBT01220', 'KAPAS SAUDI 35 GR', 'KAPAS SAUDI 35 GR', 'BOX/PACK', '-', 'BKS', NULL, NULL, NULL, 0, 'OTC', 0, 4500.00, 6000.00, 'RAK B - RAK B6', 2, 0, '2026-01-08 01:59:57', '2026-01-08 01:59:57'),
(221, 'OBT01221', 'MAMYPOKO PANTS XXL 24\'S', 'MAMYPOKO PANTS XXL 24\'S', 'BOX/PACK', '-', 'BKS', NULL, NULL, NULL, 0, 'OTC', 0, 70200.00, 77500.00, 'RAK C - RAK C1', 1, 0, '2026-01-08 01:59:57', '2026-01-08 01:59:57'),
(222, 'OBT01222', 'MAMYPOKO PANTS XXL 6\'S', 'MAMYPOKO PANTS XXL 6\'S', 'BOX/PACK', '-', 'BKS', NULL, NULL, NULL, 0, 'OTC', 0, 18700.00, 21000.00, 'RAK C - RAK C1', 1, 0, '2026-01-08 01:59:57', '2026-01-08 01:59:57'),
(223, 'OBT01223', 'MAMYPOKO PANTS S ISI 11\'S', 'MAMYPOKO PANTS S ISI 11\'S', 'BOX/PACK', '-', 'BKS', NULL, NULL, NULL, 0, 'OTC', 0, 18700.00, 21000.00, 'RAK C - RAK C1', 1, 0, '2026-01-08 01:59:57', '2026-01-08 01:59:57'),
(224, 'OBT01224', 'LIFREEPANTS  NIGHT L 8\'S', 'LIFREEPANTS  NIGHT L 8\'S', 'BOX/PACK', '-', 'BKS', NULL, NULL, NULL, 0, 'OTC', 0, 73600.00, 81000.00, 'RAK C - RAK C1', 1, 0, '2026-01-08 01:59:57', '2026-01-08 01:59:57'),
(225, 'OBT01225', 'LIFREE PANTS NIGT XL 6\'S', 'LIFREE PANTS NIGT XL 6\'S', 'BOX/PACK', '-', 'BKS', NULL, NULL, NULL, 0, 'OTC', 0, 80200.00, 88500.00, 'RAK C - RAK C1', 1, 0, '2026-01-08 01:59:57', '2026-01-08 01:59:57'),
(226, 'OBT01226', 'LIFREE PANTS XXL 5\'S', 'LIFREE PANTS XXL 5\'S', 'BOX/PACK', '-', 'BKS', NULL, NULL, NULL, 0, 'OTC', 0, 76900.00, 85000.00, 'RAK C - RAK C1', 1, 0, '2026-01-08 01:59:57', '2026-01-08 01:59:57'),
(227, 'OBT01227', 'LIFREE PANTS M 10\'S', 'LIFREE PANTS M 10\'S', 'BOX/PACK', '-', 'BKS', NULL, NULL, NULL, 0, 'OTC', 0, 76900.00, 85000.00, 'RAK C - RAK C1', 1, 0, '2026-01-08 01:59:57', '2026-01-08 01:59:57'),
(228, 'OBT01228', 'LIFREE PANTS L 8\'S', 'LIFREE PANTS L 8\'S', 'BOX/PACK', '-', 'BKS', NULL, NULL, NULL, 0, 'OTC', 0, 79900.00, 88000.00, 'RAK C - RAK C1', 1, 0, '2026-01-08 01:59:57', '2026-01-08 01:59:57'),
(229, 'OBT01229', 'CONFIDENCE CLASSIC NIGHT L 7\'S', 'CONFIDENCE CLASSIC NIGHT L 7\'S', 'BOX/PACK', '-', 'BKS', NULL, NULL, NULL, 0, 'OTC', 0, 39900.00, 44000.00, 'RAK C - RAK C1', 1, 0, '2026-01-08 01:59:57', '2026-01-08 01:59:57'),
(230, 'OBT01230', 'DUROL TONIKUM 225 ML', 'DUROL TONIKUM 225 ML', 'CAIRAN', '-', 'BOTOL', NULL, NULL, NULL, 0, 'OTC', 0, 31050.00, 37500.00, 'RAK C - RAK C2', 1, 0, '2026-01-08 01:59:57', '2026-01-08 01:59:57'),
(231, 'OBT01231', 'LECOZINC 60 ML', 'LECOZINC 60 ML', 'CAIRAN', '-', 'BOTOL', NULL, NULL, NULL, 0, 'OTC', 0, 9000.00, 11000.00, 'RAK C - RAK C2', 3, 0, '2026-01-08 01:59:57', '2026-01-08 01:59:57'),
(232, 'OBT01232', 'GRAPHALAC 120 ML', 'GRAPHALAC 120 ML', 'CAIRAN', '-', 'BOTOL', NULL, NULL, NULL, 0, 'OTC', 0, 85033.00, 102000.00, 'RAK C - RAK C2', 1, 0, '2026-01-08 01:59:57', '2026-01-08 01:59:57'),
(233, 'OBT01233', 'OMEGDIAR 60 ML', 'OMEGDIAR 60 ML', 'CAIRAN', '-', 'BOTOL', NULL, NULL, NULL, 0, 'OTC', 0, 5000.00, 7000.00, 'RAK C - RAK C2', 2, 0, '2026-01-08 01:59:57', '2026-01-08 01:59:57'),
(234, 'OBT01234', 'KAOTIN 60 ML', 'KAOTIN 60 ML', 'CAIRAN', '-', 'BOTOL', NULL, NULL, NULL, 0, 'OTC', 0, 8000.00, 10000.00, 'RAK C - RAK C2', 1, 0, '2026-01-08 01:59:58', '2026-01-08 01:59:58'),
(235, 'OBT01235', 'GUANISTREP 60 ML', 'GUANISTREP 60 ML', 'CAIRAN', '-', 'BOTOL', NULL, NULL, NULL, 0, 'OTC', 0, 6250.00, 8000.00, 'RAK C - RAK C2', 2, 0, '2026-01-08 01:59:58', '2026-01-08 01:59:58'),
(236, 'OBT01236', 'KANINA 60 ML', 'KANINA 60 ML', 'CAIRAN', '-', 'BOTOL', NULL, NULL, NULL, 0, 'OTC', 0, 5750.00, 7000.00, 'RAK C - RAK C2', 2, 0, '2026-01-08 01:59:58', '2026-01-08 01:59:58'),
(237, 'OBT01237', 'LERZIN 60 ML', 'LERZIN 60 ML', 'CAIRAN', '-', 'BOTOL', NULL, NULL, NULL, 0, 'OTC', 0, 6571.00, 8000.00, 'RAK C - RAK C2', 3, 0, '2026-01-08 01:59:58', '2026-01-08 01:59:58');
INSERT INTO `products` (`id`, `sku`, `nama_dagang`, `nama_generik`, `bentuk`, `kekuatan_dosis`, `satuan`, `unit_kemasan`, `unit_terkecil`, `isi_per_kemasan`, `jual_eceran`, `golongan`, `wajib_resep`, `harga_beli`, `harga_jual`, `lokasi_rak`, `minimal_stok`, `konsinyasi`, `created_at`, `updated_at`) VALUES
(238, 'OBT01238', 'SCOTT\'S EMULSION 200 ML', 'SCOTT\'S EMULSION 200 ML', 'CAIRAN', '-', 'BOTOL', NULL, NULL, NULL, 0, 'OTC', 0, 0.00, 58000.00, 'RAK C - RAK C2', 2, 0, '2026-01-08 01:59:58', '2026-01-08 01:59:58'),
(239, 'OBT01239', 'CURCUMA PLUS 60 ML', 'CURCUMA PLUS 60 ML', 'CAIRAN', '-', 'BOTOL', NULL, NULL, NULL, 0, 'OTC', 0, 13875.00, 17500.00, 'RAK C - RAK C2', 1, 0, '2026-01-08 01:59:58', '2026-01-08 01:59:58'),
(240, 'OBT01240', 'CURCUMA SHARPY 60 ML', 'CURCUMA SHARPY 60 ML', 'CAIRAN', '-', 'BOTOL', NULL, NULL, NULL, 0, 'OTC', 0, 15207.00, 18500.00, 'RAK C - RAK C2', 1, 0, '2026-01-08 01:59:58', '2026-01-08 01:59:58'),
(241, 'OBT01241', 'APIALYS SYR 100 ML', 'APIALYS SYR 100 ML', 'CAIRAN', '-', 'BOTOL', NULL, NULL, NULL, 0, 'OTC', 0, 44400.00, 54000.00, 'RAK C - RAK C2', 1, 0, '2026-01-08 01:59:58', '2026-01-08 01:59:58'),
(242, 'OBT01242', 'CURCUMA PLUS 400 ML', 'CURCUMA PLUS 400 ML', 'CAIRAN', '-', 'BOTOL', NULL, NULL, NULL, 0, 'OTC', 0, 59752.00, 77000.00, 'RAK C - RAK C2', 2, 0, '2026-01-08 01:59:58', '2026-01-08 01:59:58'),
(243, 'OBT01243', 'SANMOL DROP 15 ML', 'SANMOL DROP 15 ML', 'CAIRAN', '-', 'BOTOL', NULL, NULL, NULL, 0, 'OTC', 0, 20922.00, 25000.00, 'RAK C - RAK C3', 2, 0, '2026-01-08 01:59:58', '2026-01-08 01:59:58'),
(244, 'OBT01244', 'SANMOL FORTE 60 ML', 'SANMOL FORTE 60 ML', 'CAIRAN', '-', 'BOTOL', NULL, NULL, NULL, 0, 'OTC', 0, 33447.00, 41000.00, 'RAK C - RAK C3', 1, 0, '2026-01-08 01:59:58', '2026-01-08 01:59:58'),
(245, 'OBT01245', 'NUFADOL 60 ML', 'NUFADOL 60 ML', 'CAIRAN', '-', 'BOTOL', NULL, NULL, NULL, 0, 'OTC', 0, 6300.00, 9000.00, 'RAK C - RAK C3', 1, 0, '2026-01-08 01:59:58', '2026-01-08 01:59:58'),
(246, 'OBT01246', 'HOLIDON 60 ML', 'HOLIDON 60 ML', 'CAIRAN', '-', 'BOTOL', NULL, NULL, NULL, 0, 'OTC', 0, 5000.00, 7000.00, 'RAK C - RAK C3', 1, 0, '2026-01-08 01:59:58', '2026-01-08 01:59:58'),
(247, 'OBT01247', 'PACETIK 60 ML', 'PACETIK 60 ML', 'CAIRAN', '-', 'BOTOL', NULL, NULL, NULL, 0, 'OTC', 0, 5250.00, 7000.00, 'RAK C - RAK C3', 5, 0, '2026-01-08 01:59:58', '2026-01-08 01:59:58'),
(248, 'OBT01248', 'PRORIS 60 ML', 'PRORIS 60 ML', 'CAIRAN', '-', 'BOTOL', NULL, NULL, NULL, 0, 'OTC', 0, 22977.00, 30000.00, 'RAK C - RAK C3', 1, 0, '2026-01-08 01:59:58', '2026-01-08 01:59:58'),
(249, 'OBT01249', 'PRORIS FORTE 60 ML', 'PRORIS FORTE 60 ML', 'CAIRAN', '-', 'BOTOL', NULL, NULL, NULL, 0, 'OTC', 0, 26793.00, 34000.00, 'RAK C - RAK C3', 1, 0, '2026-01-08 01:59:58', '2026-01-08 01:59:58'),
(250, 'OBT01250', 'ALCO DROPS 15 ML', 'ALCO DROPS 15 ML', 'CAIRAN', '-', 'BOTOL', NULL, NULL, NULL, 0, 'OTC', 0, 103868.00, 132000.00, 'RAK C - RAK C3', 2, 0, '2026-01-08 01:59:58', '2026-01-08 01:59:58'),
(251, 'OBT01251', 'TEMPRA SYR 60ML', 'TEMPRA SYR 60ML', 'CAIRAN', '-', 'BOTOL', NULL, NULL, NULL, 0, 'OTC', 0, 44214.00, 53500.00, 'RAK C - RAK C3', 1, 0, '2026-01-08 01:59:58', '2026-01-08 01:59:58'),
(252, 'OBT01252', 'TEMPRA FORTE 60 ML', 'TEMPRA FORTE 60 ML', 'CAIRAN', '-', 'BOTOL', NULL, NULL, NULL, 0, 'OTC', 0, 47286.00, 59000.00, 'RAK C - RAK C3', 1, 0, '2026-01-08 01:59:58', '2026-01-08 01:59:58'),
(253, 'OBT01253', 'FASIDOL DROP', 'FASIDOL DROP', 'CAIRAN', '-', 'BOTOL', NULL, NULL, NULL, 0, 'OTC', 0, 12488.00, 15000.00, 'RAK C - RAK C3', 1, 0, '2026-01-08 01:59:58', '2026-01-08 01:59:58'),
(254, 'OBT01254', 'ROHTO 7 ML', 'ROHTO 7 ML', 'CAIRAN', '-', 'BOTOL', NULL, NULL, NULL, 0, 'OTC', 0, 10810.00, 13500.00, 'RAK C - RAK C4', 1, 0, '2026-01-08 01:59:58', '2026-01-08 01:59:58'),
(255, 'OBT01255', 'INSTO REGULAR 7,5 ML', 'INSTO REGULAR 7,5 ML', 'CAIRAN', '-', 'BOTOL', NULL, NULL, NULL, 0, 'OTC', 0, 13635.00, 16500.00, 'RAK C - RAK C4', 1, 0, '2026-01-08 01:59:58', '2026-01-08 01:59:58'),
(256, 'OBT01256', 'CALLUSOL 10 ML', 'CALLUSOL 10 ML', 'CAIRAN', '-', 'BOTOL', NULL, NULL, NULL, 0, 'OTC', 0, 31091.00, 39500.00, 'RAK C - RAK C4', 1, 0, '2026-01-08 01:59:58', '2026-01-08 01:59:58'),
(257, 'OBT01257', 'VICKS FORMULA 44 ANAK-ANAK  27 ML', 'VICKS FORMULA 44 ANAK-ANAK  27 ML', 'CAIRAN', '-', 'BOTOL', NULL, NULL, NULL, 0, 'OTC', 0, 10993.00, 14000.00, 'RAK C - RAK C4', 1, 0, '2026-01-08 01:59:58', '2026-01-08 01:59:58'),
(258, 'OBT01258', 'VICKS FORMULA 44  DEWASA  27 ML', 'VICKS FORMULA 44  DEWASA  27 ML', 'CAIRAN', '-', 'BOTOL', NULL, NULL, NULL, 0, 'OTC', 0, 9926.00, 13000.00, 'RAK C - RAK C4', 2, 0, '2026-01-08 01:59:58', '2026-01-08 01:59:58'),
(259, 'OBT01259', 'VICKS FORMULA 44 DEWASA 54 ML', 'VICKS FORMULA 44 DEWASA 54 ML', 'CAIRAN', '-', 'BOTOL', NULL, NULL, NULL, 0, 'OTC', 0, 21300.00, 25500.00, 'RAK C - RAK C4', 3, 0, '2026-01-08 01:59:58', '2026-01-08 01:59:58'),
(260, 'OBT01260', 'ACTIFED MERAH 60 ML', 'ACTIFED MERAH 60 ML', 'CAIRAN', '-', 'BOTOL', NULL, NULL, NULL, 0, 'OTC', 0, 61250.00, 74000.00, 'RAK C - RAK C4', 1, 0, '2026-01-08 01:59:58', '2026-01-08 01:59:58'),
(261, 'OBT01261', 'ACTIFED HIJAU 60 ML', 'ACTIFED HIJAU 60 ML', 'CAIRAN', '-', 'BOTOL', NULL, NULL, NULL, 0, 'OTC', 0, 61250.00, 74000.00, 'RAK C - RAK C4', 1, 0, '2026-01-08 01:59:58', '2026-01-08 01:59:58'),
(262, 'OBT01262', 'ACTIFED KUNING 60 ML', 'ACTIFED KUNING 60 ML', 'CAIRAN', '-', 'BOTOL', NULL, NULL, NULL, 0, 'OTC', 0, 61250.00, 74000.00, 'RAK C - RAK C4', 2, 0, '2026-01-08 01:59:58', '2026-01-08 01:59:58'),
(263, 'OBT01263', 'WOODS ATT 60 ML', 'WOODS ATT 60 ML', 'CAIRAN', '-', 'BOTOL', NULL, NULL, NULL, 0, 'OTC', 0, 22375.00, 26500.00, 'RAK C - RAK C4', 1, 0, '2026-01-08 01:59:58', '2026-01-08 01:59:58'),
(264, 'OBT01264', 'WOODS EXP 60 ML', 'WOODS EXP 60 ML', 'CAIRAN', '-', 'BOTOL', NULL, NULL, NULL, 0, 'OTC', 0, 22375.00, 26500.00, 'RAK C - RAK C4', 1, 0, '2026-01-08 01:59:58', '2026-01-08 01:59:58'),
(265, 'OBT01265', 'WOODS ATT 100 ML', 'WOODS ATT 100 ML', 'CAIRAN', '-', 'BOTOL', NULL, NULL, NULL, 0, 'OTC', 0, 34932.00, 44000.00, 'RAK C - RAK C4', 2, 0, '2026-01-08 01:59:58', '2026-01-08 01:59:58'),
(266, 'OBT01266', 'WOODS EXP 100 ML', 'WOODS EXP 100 ML', 'CAIRAN', '-', 'BOTOL', NULL, NULL, NULL, 0, 'OTC', 0, 34932.00, 41000.00, 'RAK C - RAK C4', 1, 0, '2026-01-08 01:59:58', '2026-01-08 01:59:58'),
(267, 'OBT01267', 'SILADEX COUGH & COLD 30 ML', 'SILADEX COUGH & COLD 30 ML', 'CAIRAN', '-', 'BOTOL', NULL, NULL, NULL, 0, 'OTC', 0, 8000.00, 10000.00, 'RAK C - RAK C4', 2, 0, '2026-01-08 01:59:58', '2026-01-08 01:59:58'),
(268, 'OBT01268', 'SILADEX ATT 30 ML', 'SILADEX ATT 30 ML', 'CAIRAN', '-', 'BOTOL', NULL, NULL, NULL, 0, 'OTC', 0, 8000.00, 10000.00, 'RAK C - RAK C4', 2, 0, '2026-01-08 01:59:58', '2026-01-08 01:59:58'),
(269, 'OBT01269', 'SILADEX ATT 60 ML', 'SILADEX ATT 60 ML', 'CAIRAN', '-', 'BOTOL', NULL, NULL, NULL, 0, 'OTC', 0, 13400.00, 16000.00, 'RAK C - RAK C4', 2, 0, '2026-01-08 01:59:58', '2026-01-08 01:59:58'),
(270, 'OBT01270', 'HUFAGRIP BP (HIJAU) 60 ML', 'HUFAGRIP BP (HIJAU) 60 ML', 'CAIRAN', '-', 'BOTOL', NULL, NULL, NULL, 0, 'OTC', 0, 18191.00, 22000.00, 'RAK C - RAK C5', 2, 0, '2026-01-08 01:59:58', '2026-01-08 01:59:58'),
(271, 'OBT01271', 'HUFAGRIP DEMAM (MERAH) 60 ML', 'HUFAGRIP DEMAM (MERAH) 60 ML', 'CAIRAN', '-', 'BOTOL', NULL, NULL, NULL, 0, 'OTC', 0, 15000.00, 19000.00, 'RAK C - RAK C5', 1, 0, '2026-01-08 01:59:58', '2026-01-08 01:59:58'),
(272, 'OBT01272', 'SANADRYL DMP 60 ML', 'SANADRYL DMP 60 ML', 'CAIRAN', '-', 'BOTOL', NULL, NULL, NULL, 0, 'OTC', 0, 17591.00, 21000.00, 'RAK C - RAK C5', 1, 0, '2026-01-08 01:59:58', '2026-01-08 01:59:58'),
(273, 'OBT01273', 'PARATUSIN SYR 60 ML', 'PARATUSIN SYR 60 ML', 'CAIRAN', '-', 'BOTOL', NULL, NULL, NULL, 0, 'OTC', 0, 38197.00, 46000.00, 'RAK C - RAK C5', 1, 0, '2026-01-08 01:59:58', '2026-01-08 01:59:58'),
(274, 'OBT01274', 'LASERIN DEWASA 110 ML', 'LASERIN DEWASA 110 ML', 'CAIRAN', '-', 'BOTOL', NULL, NULL, NULL, 0, 'OTC', 0, 22610.00, 28000.00, 'RAK C - RAK C5', 1, 0, '2026-01-08 01:59:58', '2026-01-08 01:59:58'),
(275, 'OBT01275', 'LASERIN MADU ANAK 100 ML', 'LASERIN MADU ANAK 100 ML', 'CAIRAN', '-', 'BOTOL', NULL, NULL, NULL, 0, 'OTC', 0, 21055.00, 26000.00, 'RAK C - RAK C5', 1, 0, '2026-01-08 01:59:58', '2026-01-08 01:59:58'),
(276, 'OBT01276', 'NELCO SPESIAL 55 ML', 'NELCO SPESIAL 55 ML', 'CAIRAN', '-', 'BOTOL', NULL, NULL, NULL, 0, 'OTC', 0, 20500.00, 26000.00, 'RAK C - RAK C5', 1, 0, '2026-01-08 01:59:58', '2026-01-08 01:59:58'),
(277, 'OBT01277', 'NELCO SPESIAL 100 ML', 'NELCO SPESIAL 100 ML', 'CAIRAN', '-', 'BOTOL', NULL, NULL, NULL, 0, 'OTC', 0, 28500.00, 35000.00, 'RAK C - RAK C5', 1, 0, '2026-01-08 01:59:58', '2026-01-08 01:59:58'),
(278, 'OBT01278', 'OBH COMBI BATUK FLU 60 ML', 'OBH COMBI BATUK FLU 60 ML', 'CAIRAN', '-', 'BOTOL', NULL, NULL, NULL, 0, 'OTC', 0, 15214.00, 19000.00, 'RAK C - RAK C5', 2, 0, '2026-01-08 01:59:58', '2026-01-08 01:59:58'),
(279, 'OBT01279', 'OBH COMBI ANAK 60 ML', 'OBH COMBI ANAK 60 ML', 'CAIRAN', '-', 'BOTOL', NULL, NULL, NULL, 0, 'OTC', 0, 17341.00, 20000.00, 'RAK C - RAK C5', 1, 0, '2026-01-08 01:59:58', '2026-01-08 01:59:58'),
(280, 'OBT01280', 'IKADRYL 60 ML', 'IKADRYL 60 ML', 'CAIRAN', '-', 'BOTOL', NULL, NULL, NULL, 0, 'OTC', 0, 0.00, 19000.00, 'RAK C - RAK C5', 1, 0, '2026-01-08 01:59:58', '2026-01-08 01:59:58'),
(281, 'OBT01281', 'OBAT BATUK IBU & ANAK 100 ML', 'OBAT BATUK IBU & ANAK 100 ML', 'CAIRAN', '-', 'BOTOL', NULL, NULL, NULL, 0, 'OTC', 0, 29817.00, 37000.00, 'RAK C - RAK C5', 1, 0, '2026-01-08 01:59:58', '2026-01-08 01:59:58'),
(282, 'OBT01282', 'OBATK BATUK HITAM 300 ML', 'OBATK BATUK HITAM 300 ML', 'CAIRAN', '-', 'BOTOL', NULL, NULL, NULL, 0, 'OTC', 0, 13500.00, 16500.00, 'RAK C - RAK C5', 3, 0, '2026-01-08 01:59:58', '2026-01-08 01:59:58'),
(283, 'OBT01283', 'PRO TES HAMIL', 'PRO TES HAMIL', 'CAIRAN', '-', 'BOTOL', NULL, NULL, NULL, 0, 'OTC', 0, 1000.00, 5000.00, 'RAK C - RAK C6', 3, 0, '2026-01-08 01:59:58', '2026-01-08 01:59:58'),
(284, 'OBT01284', 'SENSITIF', 'SENSITIF', 'CAIRAN', '-', 'BOTOL', NULL, NULL, NULL, 0, 'OTC', 0, 23310.00, 25000.00, 'RAK C - RAK C6', 1, 0, '2026-01-08 01:59:58', '2026-01-08 01:59:58'),
(285, 'OBT01285', 'AKURAT TES', 'AKURAT TES', 'CAIRAN', '-', 'BOTOL', NULL, NULL, NULL, 0, 'OTC', 0, 9226.00, 13000.00, 'RAK C - RAK C6', 2, 0, '2026-01-08 01:59:58', '2026-01-08 01:59:58'),
(286, 'OBT01286', 'LACTO-B', 'LACTO-B', 'SERBUK', '-', 'SASET', NULL, NULL, NULL, 0, 'OTC', 0, 8200.00, 10000.00, 'RAK C - RAK C6', 10, 0, '2026-01-08 01:59:58', '2026-01-08 01:59:58'),
(287, 'OBT01287', 'L-BIO', 'L-BIO', 'SERBUK', '-', 'SASET', NULL, NULL, NULL, 0, 'OTC', 0, 9990.00, 12000.00, 'RAK C - RAK C6', 13, 0, '2026-01-08 01:59:58', '2026-01-08 01:59:58'),
(288, 'OBT01288', 'ORALIT SASET', 'ORALIT SASET', 'BOX/PACK', '-', 'BKS', NULL, NULL, NULL, 0, 'OTC', 0, 0.00, 1000.00, 'RAK C - RAK C6', 3, 0, '2026-01-08 01:59:58', '2026-01-08 01:59:58'),
(289, 'OBT01289', 'ANTASIDA SYR 60 ML', 'ANTASIDA SYR 60 ML', 'CAIRAN', '-', 'BOTOL', NULL, NULL, NULL, 0, 'OTC', 0, 4500.00, 6000.00, 'RAK C - RAK C6', 1, 0, '2026-01-08 01:59:58', '2026-01-08 01:59:58'),
(290, 'OBT01290', 'MYLANTA 50 ML', 'MYLANTA 50 ML', 'CAIRAN', '-', 'BOTOL', NULL, NULL, NULL, 0, 'OTC', 0, 15500.00, 19000.00, 'RAK C - RAK C6', 2, 0, '2026-01-08 01:59:58', '2026-01-08 01:59:58'),
(291, 'OBT01291', 'SUCRALFATE SYR 100 ML', 'SUCRALFATE SYR 100 ML', 'CAIRAN', '-', 'BOTOL', NULL, NULL, NULL, 0, 'OTC', 0, 12000.00, 15000.00, 'RAK C - RAK C6', 1, 0, '2026-01-08 01:59:58', '2026-01-08 01:59:58'),
(292, 'OBT01292', 'POLYSILANE 180 ML', 'POLYSILANE 180 ML', 'CAIRAN', '-', 'BOTOL', NULL, NULL, NULL, 0, 'OTC', 0, 0.00, 36000.00, 'RAK C - RAK C6', 1, 0, '2026-01-08 01:59:58', '2026-01-08 01:59:58'),
(293, 'OBT01293', 'POLYSILANE 100 ML', 'POLYSILANE 100 ML', 'CAIRAN', '-', 'BOTOL', NULL, NULL, NULL, 0, 'OTC', 0, 21197.00, 25500.00, 'RAK C - RAK C6', 3, 0, '2026-01-08 01:59:59', '2026-01-09 03:34:14'),
(294, 'OBT01294', 'PEDIALYTE 500 ML', 'PEDIALYTE 500 ML', 'CAIRAN', '-', 'BOTOL', NULL, NULL, NULL, 0, 'OTC', 0, 38330.00, 49000.00, 'RAK C - RAK C6', 1, 0, '2026-01-08 01:59:59', '2026-01-08 01:59:59'),
(295, 'OBT01295', 'LAURIER ACTIVE DAY X-TRA 20\'S', 'LAURIER ACTIVE DAY X-TRA 20\'S', 'BOX/PACK', '-', 'BKS', NULL, NULL, NULL, 0, 'OTC', 0, 16500.00, 19500.00, 'RAK C - RAK C7', 2, 0, '2026-01-08 01:59:59', '2026-01-08 01:59:59'),
(296, 'OBT01296', 'LAURIER ACTIVE DAY X-TRA 10\'S', 'LAURIER ACTIVE DAY X-TRA 10\'S', 'BOX/PACK', '-', 'BKS', NULL, NULL, NULL, 0, 'OTC', 0, 9000.00, 10000.00, 'RAK C - RAK C7', 2, 0, '2026-01-08 01:59:59', '2026-01-08 01:59:59'),
(297, 'OBT01297', 'SOFTEX DAUN SIRI 8\'S', 'SOFTEX DAUN SIRI 8\'S', 'BOX/PACK', '-', 'BKS', NULL, NULL, NULL, 0, 'OTC', 0, 5100.00, 7000.00, 'RAK C - RAK C7', 1, 0, '2026-01-08 01:59:59', '2026-01-08 01:59:59'),
(298, 'OBT01298', 'CHARM PANTYLINER', 'CHARM PANTYLINER', 'BOX/PACK', '-', 'BKS', NULL, NULL, NULL, 0, 'OTC', 0, 7600.00, 9000.00, 'RAK C - RAK C7', 2, 0, '2026-01-08 01:59:59', '2026-01-08 01:59:59'),
(299, 'OBT01299', 'JORDAN PASTA GIGI', 'JORDAN PASTA GIGI', 'PCS', '-', 'PCS', NULL, NULL, NULL, 0, 'OTC', 0, 29200.00, 36500.00, 'RAK C - RAK C7', 3, 0, '2026-01-08 01:59:59', '2026-01-08 01:59:59'),
(300, 'OBT01300', 'SWEETY DRY X PET XL 4\'S', 'SWEETY DRY X PET XL 4\'S', 'BOX/PACK', '-', 'BKS', NULL, NULL, NULL, 0, 'OTC', 0, 10700.00, 13000.00, 'RAK D - RAK D1', 1, 0, '2026-01-08 01:59:59', '2026-01-08 01:59:59'),
(301, 'OBT01301', 'MAMYPOKO NB 12\'S', 'MAMYPOKO NB 12\'S', 'BOX/PACK', '-', 'BKS', NULL, NULL, NULL, 0, 'OTC', 0, 18700.00, 23500.00, 'RAK D - RAK D1', 1, 0, '2026-01-08 01:59:59', '2026-01-08 01:59:59'),
(302, 'OBT01302', 'MAMYPOKO PANTS 22\'S', 'MAMYPOKO PANTS 22\'S', 'BOX/PACK', '-', 'BKS', NULL, NULL, NULL, 0, 'OTC', 0, 18700.00, 46500.00, 'RAK D - RAK D1', 1, 0, '2026-01-08 01:59:59', '2026-01-08 01:59:59'),
(303, 'OBT01303', 'DETTOL FAMILY SB 100 G', 'DETTOL FAMILY SB 100 G', 'BATANG', '-', 'BTG', NULL, NULL, NULL, 0, 'OTC', 0, 4000.00, 8000.00, 'RAK D - RAK D2', 3, 0, '2026-01-08 01:59:59', '2026-01-08 01:59:59'),
(304, 'OBT01304', 'DETTOL RE-ENERGIZE SB 100 G', 'DETTOL RE-ENERGIZE SB 100 G', 'BATANG', '-', 'BTG', NULL, NULL, NULL, 0, 'OTC', 0, 7100.00, 8000.00, 'RAK D - RAK D2', 2, 0, '2026-01-08 01:59:59', '2026-01-08 01:59:59'),
(305, 'OBT01305', 'DERMYTOL SB', 'DERMYTOL SB', 'BATANG', '-', 'BTG', NULL, NULL, NULL, 0, 'OTC', 0, 3000.00, 5000.00, 'RAK D - RAK D2', 3, 0, '2026-01-08 01:59:59', '2026-01-08 01:59:59'),
(306, 'OBT01306', 'LIFEBOY MILD CARE 85 ML SASET', 'LIFEBOY MILD CARE 85 ML SASET', 'PCS', '-', 'PCS', NULL, NULL, NULL, 0, 'OTC', 0, 4300.00, 5000.00, 'RAK D - RAK D2', 2, 0, '2026-01-08 01:59:59', '2026-01-08 01:59:59'),
(307, 'OBT01307', 'LIFEBOY MILD TOTAL 85 ML SASET', 'LIFEBOY MILD TOTAL 85 ML SASET', 'PCS', '-', 'PCS', NULL, NULL, NULL, 0, 'OTC', 0, 4500.00, 5000.00, 'RAK D - RAK D2', 2, 0, '2026-01-08 01:59:59', '2026-01-08 01:59:59'),
(308, 'OBT01308', 'BIORE BODY WASH 220 ML REFIL', 'BIORE BODY WASH 220 ML REFIL', 'PCS', '-', 'PCS', NULL, NULL, NULL, 0, 'OTC', 0, 15600.00, 18000.00, 'RAK D - RAK D2', 1, 0, '2026-01-08 01:59:59', '2026-01-08 01:59:59'),
(309, 'OBT01309', 'DETTOL ORIGINAL BODY WASH 100 G', 'DETTOL ORIGINAL BODY WASH 100 G', 'CAIRAN', '-', 'BOTOL', NULL, NULL, NULL, 0, 'OTC', 0, 8000.00, 23000.00, 'RAK D - RAK D2', 3, 0, '2026-01-08 01:59:59', '2026-01-08 01:59:59'),
(310, 'OBT01310', 'DETTOL ORIGINAL BODY WASH REFIL 200 GR', 'DETTOL ORIGINAL BODY WASH REFIL 200 GR', 'PCS', '-', 'PCS', NULL, NULL, NULL, 0, 'OTC', 0, 7000.00, 10000.00, 'RAK D - RAK D2', 3, 0, '2026-01-08 01:59:59', '2026-01-08 01:59:59'),
(311, 'OBT01311', 'DETTOL SKINCARE REFIL 200 GR', 'DETTOL SKINCARE REFIL 200 GR', 'PCS', '-', 'PCS', NULL, NULL, NULL, 0, 'OTC', 0, 7000.00, 10000.00, 'RAK D - RAK D2', 3, 0, '2026-01-08 01:59:59', '2026-01-08 01:59:59'),
(312, 'OBT01312', 'DETTOL SKINCARE REFIL 2340 GR', 'DETTOL SKINCARE REFIL 2340 GR', 'PCS', '-', 'PCS', NULL, NULL, NULL, 0, 'OTC', 0, 13000.00, 25000.00, 'RAK D - RAK D2', 1, 0, '2026-01-08 01:59:59', '2026-01-08 01:59:59'),
(313, 'OBT01313', 'MINYAK NASIAM BESAR', 'MINYAK NASIAM BESAR', 'CAIRAN', '-', 'BOTOL', NULL, NULL, NULL, 0, 'OTC', 0, 25000.00, 40000.00, 'RAK D - RAK D3', 1, 0, '2026-01-08 01:59:59', '2026-01-08 01:59:59'),
(314, 'OBT01314', 'CALADINE LOTION 60 ML', 'CALADINE LOTION 60 ML', 'CAIRAN', '-', 'BOTOL', NULL, NULL, NULL, 0, 'OTC', 0, 18000.00, 19000.00, 'RAK D - RAK D3', 1, 0, '2026-01-08 01:59:59', '2026-01-08 01:59:59'),
(315, 'OBT01315', 'CALADINE POWDER 100 GR', 'CALADINE POWDER 100 GR', 'PCS', '-', 'PCS', NULL, NULL, NULL, 0, 'OTC', 0, 18500.00, 22500.00, 'RAK D - RAK D3', 1, 0, '2026-01-08 01:59:59', '2026-01-08 01:59:59'),
(316, 'OBT01316', 'HEROCYN POWDER 150 GR', 'HEROCYN POWDER 150 GR', 'PCS', '-', 'PCS', NULL, NULL, NULL, 0, 'OTC', 0, 19600.00, 23000.00, 'RAK D - RAK D3', 1, 0, '2026-01-08 01:59:59', '2026-01-08 01:59:59'),
(317, 'OBT01317', 'BEDAK DORIS', 'BEDAK DORIS', 'PCS', '-', 'PCS', NULL, NULL, NULL, 0, 'OTC', 0, 21000.00, 26000.00, 'RAK D - RAK D3', 1, 0, '2026-01-08 01:59:59', '2026-01-08 01:59:59'),
(318, 'OBT01318', 'SOFFEL', 'SOFFEL', 'PCS', '-', 'PCS', NULL, NULL, NULL, 0, 'OTC', 0, 11000.00, 13000.00, 'RAK D - RAK D3', 6, 0, '2026-01-08 01:59:59', '2026-01-08 01:59:59'),
(319, 'OBT01319', 'VANISH', 'VANISH', 'PCS', '-', 'PCS', NULL, NULL, NULL, 0, 'OTC', 0, 10000.00, 15000.00, 'RAK D - RAK D3', 1, 0, '2026-01-08 01:59:59', '2026-01-08 01:59:59'),
(320, 'OBT01320', 'VITACIMIN', 'VITACIMIN', 'TABLET', '-', 'TABLET', NULL, NULL, NULL, 0, 'OTC', 0, 827.00, 1000.00, 'RAK D - RAK D3', 10, 0, '2026-01-08 01:59:59', '2026-01-10 12:33:33'),
(321, 'OBT01321', 'LIFEBOY SABUN BATANG', 'LIFEBOY SABUN BATANG', 'BATANG', '-', 'BTG', NULL, NULL, NULL, 0, 'OTC', 0, 3750.00, 4000.00, 'RAK D - RAK D4', 4, 0, '2026-01-08 01:59:59', '2026-01-08 01:59:59'),
(322, 'OBT01322', 'STOP COLD', 'STOP COLD', 'PAPAN', '-', 'PAPAN', NULL, NULL, NULL, 0, 'OTC', 0, 3050.00, 5000.00, 'RAK D - RAK D4', 4, 0, '2026-01-08 01:59:59', '2026-01-08 01:59:59'),
(323, 'OBT01323', 'FEMINAX', 'FEMINAX', 'PAPAN', '-', 'PAPAN', NULL, NULL, NULL, 0, 'OTC', 0, 3170.00, 5000.00, 'RAK D - RAK D4', 5, 0, '2026-01-08 01:59:59', '2026-01-08 01:59:59'),
(324, 'OBT01324', 'ANTIMO', 'ANTIMO', 'PAPAN', '-', 'PAPAN', NULL, NULL, NULL, 0, 'OTC', 0, 4800.00, 6000.00, 'RAK D - RAK D4', 2, 0, '2026-01-08 01:59:59', '2026-01-08 01:59:59'),
(325, 'OBT01325', 'AMBEVEN', 'AMBEVEN', 'PAPAN', '-', 'PAPAN', NULL, NULL, NULL, 0, 'OTC', 0, 1853.00, 24000.00, 'RAK D - RAK D4', 1, 0, '2026-01-08 01:59:59', '2026-01-08 01:59:59'),
(326, 'OBT01326', 'BODREX EXTRA 4\'S', 'BODREX EXTRA 4\'S', 'PAPAN', '-', 'PAPAN', NULL, NULL, NULL, 0, 'OTC', 0, 2170.00, 3000.00, 'RAK D - RAK D4', 9, 0, '2026-01-08 01:59:59', '2026-01-13 11:00:23'),
(327, 'OBT01327', 'DECOLGEN 4\'S', 'DECOLGEN 4\'S', 'PAPAN', '-', 'PAPAN', NULL, NULL, NULL, 0, 'OTC', 0, 2225.00, 3000.00, 'RAK D - RAK D4', 9, 0, '2026-01-08 01:59:59', '2026-01-13 10:59:18'),
(328, 'OBT01328', 'HIBKA', 'HIBKA', 'SERBUK', '-', 'SASET', NULL, NULL, NULL, 0, 'OTC', 0, 1400.00, 3000.00, 'RAK D - RAK D4', 5, 0, '2026-01-08 01:59:59', '2026-01-08 01:59:59'),
(329, 'OBT01329', 'VICKS INHALER', 'VICKS INHALER', 'PCS', '-', 'PCS', NULL, NULL, NULL, 0, 'OTC', 0, 15800.00, 20000.00, 'RAK D - RAK D4', 2, 0, '2026-01-08 01:59:59', '2026-01-08 01:59:59'),
(330, 'OBT01330', 'PANADOL HIJAU', 'PANADOL HIJAU', 'PAPAN', '-', 'PAPAN', NULL, NULL, NULL, 0, 'OTC', 0, 0.00, 20000.00, 'RAK D - RAK D4', 5, 0, '2026-01-08 01:59:59', '2026-01-13 11:02:16'),
(331, 'OBT01331', 'PANADOL BIRU', 'PANADOL BIRU', 'PAPAN', '-', 'PAPAN', NULL, NULL, NULL, 0, 'OTC', 0, 11000.00, 15000.00, 'RAK D - RAK D4', 2, 0, '2026-01-08 01:59:59', '2026-01-08 01:59:59'),
(332, 'OBT01332', 'PANADOL MERAH', 'PANADOL MERAH', 'PAPAN', '-', 'PAPAN', NULL, NULL, NULL, 0, 'OTC', 0, 12500.00, 15000.00, 'RAK D - RAK D4', 3, 0, '2026-01-08 01:59:59', '2026-01-13 11:01:28'),
(333, 'OBT01333', 'NEOZEP', 'NEOZEP', 'PAPAN', '-', 'PAPAN', NULL, NULL, NULL, 0, 'OTC', 0, 2650.00, 4000.00, 'RAK D - RAK D4', 4, 0, '2026-01-08 01:59:59', '2026-01-08 01:59:59'),
(334, 'OBT01334', 'BODREX MIGRA', 'BODREX MIGRA', 'PAPAN', '-', 'PAPAN', NULL, NULL, NULL, 0, 'OTC', 0, 2150.00, 3000.00, 'RAK D - RAK D4', 4, 0, '2026-01-08 01:59:59', '2026-01-08 01:59:59'),
(335, 'OBT01335', 'COMBANTRIN 250', 'COMBANTRIN 250', 'PAPAN', '-', 'PAPAN', NULL, NULL, NULL, 0, 'OTC', 0, 17416.00, 22500.00, 'RAK D - RAK D4', 2, 0, '2026-01-08 01:59:59', '2026-01-08 01:59:59'),
(336, 'OBT01336', 'HYDROCORTISON SALEP', 'HYDROCORTISON SALEP', 'SALEP/KRIM', '-', 'TUBE', NULL, NULL, NULL, 0, 'OTC', 0, 5400.00, 6500.00, 'RAK D - RAK D4', 6, 0, '2026-01-08 01:59:59', '2026-01-09 03:21:22'),
(337, 'OBT01337', 'KETOCONAZOLE SALEP', 'KETOCONAZOLE SALEP', 'SALEP/KRIM', '-', 'TUBE', NULL, NULL, NULL, 0, 'OTC', 0, 4500.00, 5000.00, 'RAK D - RAK D4', 3, 0, '2026-01-08 01:59:59', '2026-01-08 01:59:59'),
(338, 'OBT01338', 'MICONAZOLE CREAM', 'MICONAZOLE CREAM', 'SALEP/KRIM', '-', 'TUBE', NULL, NULL, NULL, 0, 'OTC', 0, 3600.00, 7000.00, 'RAK D - RAK D4', 1, 0, '2026-01-08 01:59:59', '2026-01-08 01:59:59'),
(339, 'OBT01339', 'PI KANG SUANG', 'PI KANG SUANG', 'SALEP/KRIM', '-', 'TUBE', NULL, NULL, NULL, 0, 'OTC', 0, 10500.00, 13500.00, 'RAK D - RAK D4', 2, 0, '2026-01-08 01:59:59', '2026-01-08 01:59:59'),
(340, 'OBT01340', 'NEO ULTRACILIN', 'NEO ULTRACILIN', 'SALEP/KRIM', '-', 'TUBE', NULL, NULL, NULL, 0, 'OTC', 0, 9430.00, 11000.00, 'RAK D - RAK D4', 1, 0, '2026-01-08 01:59:59', '2026-01-08 01:59:59'),
(341, 'OBT01341', 'VITAMIN- C STRIP', 'VITACIMIN- C STRIP', 'PAPAN', '-', 'PAPAN', NULL, NULL, NULL, 0, 'OTC', 0, 0.00, 3000.00, 'RAK D - RAK D5', 14, 0, '2026-01-08 01:59:59', '2026-01-09 03:06:13'),
(342, 'OBT01342', 'WOODS PEPPERMINT PERMEN', 'WOODS PEPPERMINT PERMEN', 'BOX/PACK', '-', 'BKS', NULL, NULL, NULL, 0, 'OTC', 0, 0.00, 9000.00, 'RAK D - RAK D5', 4, 0, '2026-01-08 01:59:59', '2026-01-08 01:59:59'),
(343, 'OBT01343', 'SANMOL TAB', 'SANMOL TAB', 'PAPAN', '-', 'PAPAN', NULL, NULL, NULL, 0, 'OTC', 0, 0.00, 4000.00, 'RAK D - RAK D5', 16, 0, '2026-01-08 01:59:59', '2026-01-08 01:59:59'),
(344, 'OBT01344', 'POLYSILANE TAB', 'POLYSILANE TAB', 'PAPAN', '-', 'PAPAN', NULL, NULL, NULL, 0, 'OTC', 0, 0.00, 12000.00, 'RAK D - RAK D5', 3, 0, '2026-01-08 01:59:59', '2026-01-08 01:59:59'),
(345, 'OBT01345', 'NEUROBION FORTE (PINK)', 'NEUROBION FORTE (PINK)', 'PAPAN', '-', 'PAPAN', NULL, NULL, NULL, 0, 'OTC', 0, 0.00, 48000.00, 'RAK D - RAK D5', 1, 0, '2026-01-08 01:59:59', '2026-01-12 12:03:59'),
(346, 'OBT01346', 'NEUROBION TAB (PUTIH)', 'NEUROBION TAB (PUTIH)', 'PAPAN', '-', 'PAPAN', NULL, NULL, NULL, 0, 'OTC', 0, 0.00, 29500.00, 'RAK D - RAK D5', 3, 0, '2026-01-08 01:59:59', '2026-01-08 01:59:59'),
(347, 'OBT01347', 'VIOSTIN', 'VIOSTIN', 'PAPAN', '-', 'PAPAN', NULL, NULL, NULL, 0, 'OTC', 0, 0.00, 37500.00, 'RAK D - RAK D5', 3, 0, '2026-01-08 01:59:59', '2026-01-08 01:59:59'),
(348, 'OBT01348', 'VENARON TAB', 'VENARON TAB', 'TABLET', '-', 'TABLET', NULL, NULL, NULL, 0, 'OTC', 0, 0.00, 4200.00, 'RAK D - RAK D5', 17, 0, '2026-01-08 01:59:59', '2026-01-08 01:59:59'),
(349, 'OBT01349', 'DEGIROL TAB', 'DEGIROL TAB', 'PAPAN', '-', 'PAPAN', NULL, NULL, NULL, 0, 'OTC', 0, 0.00, 16000.00, 'RAK D - RAK D5', 2, 0, '2026-01-08 01:59:59', '2026-01-08 01:59:59'),
(350, 'OBT01350', 'FG TROCES', 'FG TROCES', 'TABLET', '-', 'TABLET', NULL, NULL, NULL, 0, 'OTC', 0, 0.00, 2200.00, 'RAK D - RAK D5', 13, 0, '2026-01-08 01:59:59', '2026-01-08 01:59:59'),
(351, 'OBT01351', 'KODOMO PASTA GIGI', 'KODOMO PASTA GIGI', 'PCS', '-', 'PCS', NULL, NULL, NULL, 0, 'OTC', 0, 0.00, 8000.00, 'RAK D - RAK D5', 2, 0, '2026-01-08 01:59:59', '2026-01-08 01:59:59'),
(352, 'OBT01352', 'FORMULA JUNIOR PASTA GIGI', 'FORMULA JUNIOR PASTA GIGI', 'PCS', '-', 'PCS', NULL, NULL, NULL, 0, 'OTC', 0, 0.00, 9000.00, 'RAK D - RAK D5', 1, 0, '2026-01-08 01:59:59', '2026-01-08 01:59:59'),
(353, 'OBT01353', 'BABY HAPPY XXL 24\'S', 'BABY HAPPY XXL 24\'S', 'BOX/PACK', '-', 'BKS', NULL, NULL, NULL, 0, 'OTC', 0, 0.00, 52000.00, 'RAK D - RAK D5', 1, 0, '2026-01-08 01:59:59', '2026-01-08 01:59:59'),
(354, 'OBT01354', 'MINYAK KARO 100 ML', 'MINYAK KARO 100 ML', 'CAIRAN', '-', 'BOTOL', NULL, NULL, NULL, 0, 'OTC', 0, 18000.00, 30000.00, 'RAK E - RAK E1', 5, 0, '2026-01-08 01:59:59', '2026-01-08 01:59:59'),
(355, 'OBT01355', 'PERMEN NANO-NANO', 'PERMEN NANO-NANO', 'BOX/PACK', '-', 'BKS', NULL, NULL, NULL, 0, 'OTC', 0, 1500.00, 2000.00, 'RAK E - RAK E1', 14, 0, '2026-01-08 01:59:59', '2026-01-08 01:59:59'),
(356, 'OBT01356', 'PERMEN HEXOS', 'PERMEN HEXOS', 'BOX/PACK', '-', 'BKS', NULL, NULL, NULL, 0, 'OTC', 0, 1500.00, 2000.00, 'RAK E - RAK E1', 25, 0, '2026-01-08 01:59:59', '2026-01-08 01:59:59'),
(357, 'OBT01357', 'MASKER KARET', 'MASKER KARET', 'PCS', '-', 'PCS', NULL, NULL, NULL, 0, 'OTC', 0, 800.00, 1000.00, 'RAK E - RAK E1', 29, 0, '2026-01-08 01:59:59', '2026-01-08 01:59:59'),
(358, 'OBT01358', 'MASKER KN95', 'MASKER KN95', 'PCS', '-', 'PCS', NULL, NULL, NULL, 0, 'OTC', 0, 3600.00, 4500.00, 'RAK E - RAK E1', 4, 0, '2026-01-08 02:00:00', '2026-01-08 02:00:00'),
(359, 'OBT01359', 'MASKER PUTIH', 'MASKER PUTIH', 'PCS', '-', 'PCS', NULL, NULL, NULL, 0, 'OTC', 0, 800.00, 1000.00, 'RAK E - RAK E1', 22, 0, '2026-01-08 02:00:00', '2026-01-08 02:00:00'),
(360, 'OBT01360', 'KOTAK P3K', 'KOTAK P3K', 'KTK', '-', 'KTK', NULL, NULL, NULL, 0, 'OTC', 0, 35000.00, 45000.00, 'RAK E - RAK E1', 1, 0, '2026-01-08 02:00:00', '2026-01-08 02:00:00'),
(361, 'OBT01361', 'UNDERPAD', 'UNDERPAD', 'BOX/PACK', '-', 'BKS', NULL, NULL, NULL, 0, 'OTC', 0, 25600.00, 32000.00, 'RAK E - RAK E1', 1, 0, '2026-01-08 02:00:00', '2026-01-08 02:00:00'),
(362, 'OBT01362', 'MEDICRAPE 6 INCH', 'MEDICRAPE 6 INCH', 'PCS', '-', 'PCS', NULL, NULL, NULL, 0, 'OTC', 0, 22000.00, 27500.00, 'RAK E - RAK E1', 1, 0, '2026-01-08 02:00:00', '2026-01-08 02:00:00'),
(363, 'OBT01363', 'MEDICRAPE 4 INCH', 'MEDICRAPE 4 INCH', 'PCS', '-', 'PCS', NULL, NULL, NULL, 0, 'OTC', 0, 17200.00, 21500.00, 'RAK E - RAK E1', 1, 0, '2026-01-08 02:00:00', '2026-01-08 02:00:00'),
(364, 'OBT01364', 'MEDICREPE 3 INCH', 'MEDICREPE 3 INCH', 'PCS', '-', 'PCS', NULL, NULL, NULL, 0, 'OTC', 0, 13200.00, 16500.00, 'RAK E - RAK E1', 1, 0, '2026-01-08 02:00:00', '2026-01-08 02:00:00'),
(365, 'OBT01365', 'GUNTING KUKU TRAVEL BAG', 'GUNTING KUKU TRAVEL BAG', 'KTK', '-', 'KTK', NULL, NULL, NULL, 0, 'OTC', 0, 4000.00, 8000.00, 'RAK E - RAK E1', 2, 0, '2026-01-08 02:00:00', '2026-01-08 02:00:00'),
(366, 'OBT01366', 'KASA KOTAK', 'KASA KOTAK', 'KTK', '-', 'KTK', NULL, NULL, NULL, 0, 'OTC', 0, 5000.00, 6000.00, 'RAK E - RAK E1', 1, 0, '2026-01-08 02:00:00', '2026-01-08 02:00:00'),
(367, 'OBT01367', 'HANSAPLAST PLESTER', 'HANSAPLAST PLESTER', 'PCS', '-', 'PCS', NULL, NULL, NULL, 0, 'OTC', 0, 300.00, 500.00, 'RAK E - RAK E1', 1, 0, '2026-01-08 02:00:00', '2026-01-08 02:00:00'),
(368, 'OBT01368', 'EXTRA JOSS', 'EXTRA JOSS', 'KTK', '-', 'KTK', NULL, NULL, NULL, 0, 'OTC', 0, 6450.00, 8000.00, 'RAK E - RAK E1', 5, 0, '2026-01-08 02:00:00', '2026-01-08 02:00:00'),
(369, 'OBT01369', 'KUKU BIMA', 'KUKU BIMA', 'KTK', '-', 'KTK', NULL, NULL, NULL, 0, 'OTC', 0, 6900.00, 8000.00, 'RAK E - RAK E1', 5, 0, '2026-01-08 02:00:00', '2026-01-08 02:00:00'),
(370, 'OBT01370', 'DERMAFIX TULLE', 'DERMAFIX TULLE', 'PCS', '-', 'PCS', NULL, NULL, NULL, 0, 'OTC', 0, 6400.00, 8000.00, 'RAK E - RAK E1', 4, 0, '2026-01-08 02:00:00', '2026-01-08 02:00:00'),
(371, 'OBT01371', 'PASEO SMALL/TRAVEL', 'PASEO SMALL/TRAVEL', 'BOX/PACK', '-', 'BKS', NULL, NULL, NULL, 0, 'OTC', 0, 1016.00, 1500.00, 'RAK E - RAK E2', 10, 0, '2026-01-08 02:00:00', '2026-01-08 02:00:00'),
(372, 'OBT01372', 'TISSUE JOLLY 250\'S', 'TISSUE JOLLY 250\'S', 'BOX/PACK', '-', 'BKS', NULL, NULL, NULL, 0, 'OTC', 0, 7500.00, 9000.00, 'RAK E - RAK E2', 1, 0, '2026-01-08 02:00:00', '2026-01-08 02:00:00'),
(373, 'OBT01373', 'CUSSON  BABY TISSUE', 'CUSSON  BABY TISSUE', 'BOX/PACK', '-', 'BKS', NULL, NULL, NULL, 0, 'OTC', 0, 5600.00, 7000.00, 'RAK E - RAK E2', 2, 0, '2026-01-08 02:00:00', '2026-01-08 02:00:00'),
(374, 'OBT01374', 'TISSUE TESSA TRAVEL', 'TISSUE TESSA TRAVEL', 'BOX/PACK', '-', 'BKS', NULL, NULL, NULL, 0, 'OTC', 0, 4600.00, 7000.00, 'RAK E - RAK E2', 1, 0, '2026-01-08 02:00:00', '2026-01-08 02:00:00'),
(375, 'OBT01375', 'GENGGIGEL', 'GENGGIGEL', 'SERBUK', '-', 'SASET', NULL, NULL, NULL, 0, 'OTC', 0, 10800.00, 13500.00, 'RAK E - RAK E2', 14, 0, '2026-01-08 02:00:00', '2026-01-08 02:00:00'),
(376, 'OBT01376', 'ALHOKOL SWAB', 'ALHOKOL SWAB', 'SERBUK', '-', 'SASET', NULL, NULL, NULL, 0, 'OTC', 0, 300.00, 500.00, 'RAK E - RAK E2', 50, 0, '2026-01-08 02:00:00', '2026-01-08 02:00:00'),
(377, 'OBT01377', 'COTTON SWAB STERIL', 'COTTON SWAB STERIL', 'BOX/PACK', '-', 'BKS', NULL, NULL, NULL, 0, 'OTC', 0, 2800.00, 3500.00, 'RAK E - RAK E2', 10, 0, '2026-01-08 02:00:00', '2026-01-08 02:00:00'),
(378, 'OBT01378', 'THERMOMETER DIGITAL', 'THERMOMETER DIGITAL', 'PCS', '-', 'PCS', NULL, NULL, NULL, 0, 'OTC', 0, 18600.00, 25000.00, 'RAK E - RAK E2', 2, 0, '2026-01-08 02:00:00', '2026-01-08 02:00:00'),
(379, 'OBT01379', 'MICROPORE 1 INCH', 'MICROPORE 1 INCH', 'PCS', '-', 'PCS', NULL, NULL, NULL, 0, 'OTC', 0, 8000.00, 10000.00, 'RAK E - RAK E2', 1, 0, '2026-01-08 02:00:00', '2026-01-08 02:00:00'),
(380, 'OBT01380', 'MICROPORE 1/2 INCH', 'MICROPORE 1/2 INCH', 'PCS', '-', 'PCS', NULL, NULL, NULL, 0, 'OTC', 0, 4050.00, 6000.00, 'RAK E - RAK E2', 3, 0, '2026-01-08 02:00:00', '2026-01-08 02:00:00'),
(381, 'OBT01381', 'ULTRAFIX 5*5', 'ULTRAFIX 5*5', 'KTK', '-', 'KTK', NULL, NULL, NULL, 0, 'OTC', 0, 14250.00, 17500.00, 'RAK E - RAK E2', 1, 0, '2026-01-08 02:00:00', '2026-01-08 02:00:00'),
(382, 'OBT01382', 'PLESTERL ROLL 2,5 CM * 1 CM', 'PLESTERL ROLL 2,5 CM * 1 CM', 'ROLL', '-', 'ROLL', NULL, NULL, NULL, 0, 'OTC', 0, 5600.00, 7000.00, 'RAK E - RAK E2', 2, 0, '2026-01-08 02:00:00', '2026-01-08 02:00:00'),
(383, 'OBT01383', 'PLESTER ROLL 1,25 CM * 1 CM', 'PLESTER ROLL 1,25 CM * 1 CM', 'ROLL', '-', 'ROLL', NULL, NULL, NULL, 0, 'OTC', 0, 4430.00, 5000.00, 'RAK E - RAK E2', 1, 0, '2026-01-08 02:00:00', '2026-01-08 02:00:00'),
(384, 'OBT01384', 'FISHERMEN', 'FISHERMEN', 'BOX/PACK', '-', 'BKS', NULL, NULL, NULL, 0, 'OTC', 0, 19900.00, 20000.00, 'RAK E - RAK E2', 2, 0, '2026-01-08 02:00:00', '2026-01-08 02:00:00'),
(385, 'OBT01385', 'STREPSIL 8\'2', 'STREPSIL 8\'2', 'BOX/PACK', '-', 'BKS', NULL, NULL, NULL, 0, 'OTC', 0, 19000.00, 24000.00, 'RAK E - RAK E2', 2, 0, '2026-01-08 02:00:00', '2026-01-08 02:00:00'),
(386, 'OBT01386', 'XYLITOL', 'XYLITOL', 'BOX/PACK', '-', 'BKS', NULL, NULL, NULL, 0, 'OTC', 0, 4000.00, 5000.00, 'RAK E - RAK E2', 7, 0, '2026-01-08 02:00:00', '2026-01-08 02:00:00'),
(387, 'OBT01387', 'FORMULA SIKAT GIGI', 'FORMULA SIKAT GIGI', 'PCS', '-', 'PCS', NULL, NULL, NULL, 0, 'OTC', 0, 3266.00, 4000.00, 'RAK E - RAK E2', 13, 0, '2026-01-08 02:00:00', '2026-01-08 02:00:00'),
(388, 'OBT01388', 'CUTTON SWAB KONSINASI', 'CUTTON SWAB KONSINASI', 'PCS', '-', 'PCS', NULL, NULL, NULL, 0, 'OTC', 0, 3716.00, 6000.00, 'RAK E - RAK E2', 6, 0, '2026-01-08 02:00:00', '2026-01-08 02:00:00'),
(389, 'OBT01389', 'CUTTON SWAB', 'CUTTON SWAB', 'PCS', '-', 'PCS', NULL, NULL, NULL, 0, 'OTC', 0, 4575.00, 6000.00, 'RAK E - RAK E2', 2, 0, '2026-01-08 02:00:00', '2026-01-08 02:00:00'),
(390, 'OBT01390', 'DETTAL FLOS', 'DETTAL FLOS', 'BOX/PACK', '-', 'BKS', NULL, NULL, NULL, 0, 'OTC', 0, 14800.00, 18000.00, 'RAK E - RAK E2', 5, 0, '2026-01-08 02:00:00', '2026-01-08 02:00:00'),
(391, 'OBT01391', 'PISPOT PRIA', 'PISPOT PRIA', 'PCS', '-', 'PCS', NULL, NULL, NULL, 0, 'OTC', 0, 0.00, 0.00, 'RAK E - RAK E3', 2, 0, '2026-01-08 02:00:00', '2026-01-08 02:00:00'),
(392, 'OBT01392', 'PISPOT WANITA', 'PISPOT WANITA', 'PCS', '-', 'PCS', NULL, NULL, NULL, 0, 'OTC', 0, 0.00, 0.00, 'RAK E - RAKE3', 2, 0, '2026-01-08 02:00:00', '2026-01-08 02:00:00'),
(393, 'OBT01393', 'TISSUE CASSIE 200\'S', 'TISSUE CASSIE 200\'S', 'PCS', '-', 'PCS', NULL, NULL, NULL, 0, 'OTC', 0, 7200.00, 9000.00, 'RAK E - RAK E3', 3, 0, '2026-01-08 02:00:00', '2026-01-08 02:00:00'),
(394, 'OBT01394', 'KODOMO BABY WIPES 50\'S', 'KODOMO BABY WIPES 50\'S', 'PCS', '-', 'PCS', NULL, NULL, NULL, 0, 'OTC', 0, 5800.00, 11000.00, 'RAK E - RAK E4', 3, 0, '2026-01-08 02:00:00', '2026-01-08 02:00:00'),
(395, 'OBT01395', 'MITU BABY WIPES 10\'S', 'MITU BABY WIPES 10\'S', 'PCS', '-', 'PCS', NULL, NULL, NULL, 0, 'OTC', 0, 5900.00, 8000.00, 'RAK E - RAK E5', 1, 0, '2026-01-08 02:00:00', '2026-01-08 02:00:00'),
(396, 'OBT01396', 'DETTOL BABY WIPES 10\'S', 'DETTOL BABY WIPES 10\'S', 'PCS', '-', 'PCS', NULL, NULL, NULL, 0, 'OTC', 0, 4000.00, 7000.00, 'RAK E - RAK E5', 1, 0, '2026-01-08 02:00:00', '2026-01-08 02:00:00'),
(397, 'OBT01397', 'INFUSED ANAK', 'INFUSED ANAK', 'PCS', '-', 'PCS', NULL, NULL, NULL, 0, 'OTC', 0, 3064.00, 8000.00, 'RAK E - RAK E5', 3, 0, '2026-01-08 02:00:00', '2026-01-08 02:00:00'),
(398, 'OBT01398', 'INFUSET DEWASA', 'INFUSET DEWASA', 'PCS', '-', 'PCS', NULL, NULL, NULL, 0, 'OTC', 0, 5600.00, 7000.00, 'RAK E - RAK E5', 3, 0, '2026-01-08 02:00:00', '2026-01-08 02:00:00'),
(399, 'OBT01399', 'URINE BAG', 'URINE BAG', 'PCS', '-', 'PCS', NULL, NULL, NULL, 0, 'OTC', 0, 5056.00, 10000.00, 'RAK E - RAK E5', 1, 0, '2026-01-08 02:00:00', '2026-01-08 02:00:00'),
(400, 'OBT01400', 'NASAL OXUGEN CANULLA ADULT /DEWASA', 'NASAL OXUGEN CANULLA ADULT /DEWASA', 'PCS', '-', 'PCS', NULL, NULL, NULL, 0, 'OTC', 0, 4479.00, 15000.00, 'RAK E - RAK E5', 1, 0, '2026-01-08 02:00:01', '2026-01-08 02:00:01'),
(401, 'OBT01401', 'NASAL OXUGEN CANULLA ANAK', 'NASAL OXUGEN CANULLA ANAK', 'PCS', '-', 'PCS', NULL, NULL, NULL, 0, 'OTC', 0, 4479.00, 15000.00, 'RAK E - RAK E5', 1, 0, '2026-01-08 02:00:01', '2026-01-08 02:00:01'),
(402, 'OBT01402', 'NASAL OXYGEN INFANT/BAYI', 'NASAL OXYGEN INFANT/BAYI', 'PCS', '-', 'PCS', NULL, NULL, NULL, 0, 'OTC', 0, 4479.00, 15000.00, 'RAK E - RAK E5', 1, 0, '2026-01-08 02:00:01', '2026-01-08 02:00:01'),
(403, 'OBT01403', 'IV CHATETER NO 14 GEA', 'IV CHATETER NO 14 GEA', 'PCS', '-', 'PCS', NULL, NULL, NULL, 0, 'OTC', 0, 1000.00, 4000.00, 'RAK E - RAK E5', 1, 0, '2026-01-08 02:00:01', '2026-01-08 02:00:01'),
(404, 'OBT01404', 'IV CHATETER NO 18 GEA', 'IV CHATETER NO 18 GEA', 'PCS', '-', 'PCS', NULL, NULL, NULL, 0, 'OTC', 0, 1000.00, 4000.00, 'RAK E - RAK E5', 1, 0, '2026-01-08 02:00:01', '2026-01-08 02:00:01'),
(405, 'OBT01405', 'IV CHATETER NO 20 GEA', 'IV CHATETER NO 20 GEA', 'PCS', '-', 'PCS', NULL, NULL, NULL, 0, 'OTC', 0, 1000.00, 4000.00, 'RAK E - RAK E5', 1, 0, '2026-01-08 02:00:01', '2026-01-08 02:00:01'),
(406, 'OBT01406', 'IV CHATETER NO 24 GEA', 'IV CHATETER NO 24 GEA', 'PCS', '-', 'PCS', NULL, NULL, NULL, 0, 'OTC', 0, 1000.00, 4000.00, 'RAK E - RAK E5', 1, 0, '2026-01-08 02:00:01', '2026-01-08 02:00:01'),
(407, 'OBT01407', 'IV CHATETER NO 26 GEA', 'IV CHATETER NO 26 GEA', 'PCS', '-', 'PCS', NULL, NULL, NULL, 0, 'OTC', 0, 1000.00, 4000.00, 'RAK E - RAK E5', 1, 0, '2026-01-08 02:00:01', '2026-01-08 02:00:01'),
(408, 'OBT01408', 'SYRING 20 ML', 'SYRING 20 ML', 'PCS', '-', 'PCS', NULL, NULL, NULL, 0, 'OTC', 0, 4800.00, 6000.00, 'RAK E - RAK E5', 1, 0, '2026-01-08 02:00:01', '2026-01-08 02:00:01'),
(409, 'OBT01409', 'SONDE', 'SONDE', 'PCS', '-', 'PCS', NULL, NULL, NULL, 0, 'OTC', 0, 12000.00, 15000.00, 'RAK E - RAK E5', 1, 0, '2026-01-08 02:00:01', '2026-01-08 02:00:01'),
(410, 'OBT01410', 'TOURNIQUTE', 'TOURNIQUTE', 'PCS', '-', 'PCS', NULL, NULL, NULL, 0, 'OTC', 0, 10110.00, 15000.00, 'RAK E - RAK E5', 1, 0, '2026-01-08 02:00:01', '2026-01-08 02:00:01'),
(411, 'OBT01411', 'KAPAS 50 GR', 'KAPAS 50 GR', 'PCS', '-', 'PCS', NULL, NULL, NULL, 0, 'OTC', 0, 4000.00, 5000.00, 'RAK E - RAK E5', 1, 0, '2026-01-08 02:00:01', '2026-01-08 02:00:01'),
(412, 'OBT01412', 'KAPAS 25 GR', 'KAPAS 25 GR', 'PCS', '-', 'PCS', NULL, NULL, NULL, 0, 'OTC', 0, 2400.00, 3000.00, 'RAK E - RAK E5', 1, 0, '2026-01-08 02:00:01', '2026-01-08 02:00:01'),
(413, 'OBT01413', 'KAPAS 100 GR', 'KAPAS 100 GR', 'PCS', '-', 'PCS', NULL, NULL, NULL, 0, 'OTC', 0, 6400.00, 8000.00, 'RAK E - RAK E5', 2, 0, '2026-01-08 02:00:01', '2026-01-08 02:00:01'),
(414, 'OBT01414', 'KASA GULUNG 15 CM', 'KASA GULUNG 15 CM', 'PCS', '-', 'PCS', NULL, NULL, NULL, 0, 'OTC', 0, 3200.00, 4000.00, 'RAK E - RAK E5', 3, 0, '2026-01-08 02:00:01', '2026-01-08 02:00:01'),
(415, 'OBT01415', 'KASA GULUNG 10 CM', 'KASA GULUNG 10 CM', 'PCS', '-', 'PCS', NULL, NULL, NULL, 0, 'OTC', 0, 2400.00, 3000.00, 'RAK E - RAK E5', 7, 0, '2026-01-08 02:00:01', '2026-01-08 02:00:01'),
(416, 'OBT01416', 'KASA GULUNG 5 CM', 'KASA GULUNG 5 CM', 'PCS', '-', 'PCS', NULL, NULL, NULL, 0, 'OTC', 0, 2400.00, 3000.00, 'RAK E - RAK E5', 14, 0, '2026-01-08 02:00:01', '2026-01-08 02:00:01'),
(417, 'OBT01417', 'GLOVES', 'GLOVES', 'PCS', '-', 'PCS', NULL, NULL, NULL, 0, 'OTC', 0, 800.00, 1000.00, 'RAK E - RAK E5', 91, 0, '2026-01-08 02:00:01', '2026-01-08 02:00:01'),
(418, 'OBT01418', 'HAND SOAP YURI REFIL 375 ML', 'HAND SOAP YURI REFIL 375 ML', 'PACK', '-', 'PACK', NULL, NULL, NULL, 0, 'OTC', 0, 19200.00, 24000.00, 'RAK E - RAK E6', 1, 0, '2026-01-08 02:00:01', '2026-01-08 02:00:01'),
(419, 'OBT01419', 'PEPSODENT 120 GR', 'PEPSODENT 120 GR', 'PCS', '-', 'PCS', NULL, NULL, NULL, 0, 'OTC', 0, 8800.00, 11000.00, 'RAK E - RAK E6', 4, 0, '2026-01-08 02:00:01', '2026-01-08 02:00:01'),
(420, 'OBT01420', 'FORMULA SIKAT GIGI ANAK', 'FORMULA SIKAT GIGI ANAK', 'PCS', '-', 'PCS', NULL, NULL, NULL, 0, 'OTC', 0, 3500.00, 5000.00, 'RAK E - RAK E6', 5, 0, '2026-01-08 02:00:01', '2026-01-08 02:00:01'),
(421, 'OBT01421', 'JORDAN SIKAT + PASTA', 'JORDAN SIKAT + PASTA', 'PCS', '-', 'PCS', NULL, NULL, NULL, 0, 'OTC', 0, 34000.00, 45000.00, 'RAK E - RAK E6', 1, 0, '2026-01-08 02:00:01', '2026-01-08 02:00:01'),
(422, 'OBT01422', 'KODOMO SIKAT +MAINAN', 'KODOMO SIKAT +MAINAN', 'PCS', '-', 'PCS', NULL, NULL, NULL, 0, 'OTC', 0, 6800.00, 8500.00, 'RAK E - RAK E6', 1, 0, '2026-01-08 02:00:01', '2026-01-08 02:00:01'),
(423, 'OBT01423', 'PEPSODENT WHITENING 75 GR', 'PEPSODENT WHITENING 75 GR', 'PCS', '-', 'PCS', NULL, NULL, NULL, 0, 'OTC', 0, 9600.00, 12000.00, 'RAK E - RAK E6', 5, 0, '2026-01-08 02:00:01', '2026-01-08 02:00:01'),
(424, 'OBT01424', 'POLIDENT 8.5 GR', 'POLIDENT 8.5 GR', 'PCS', '-', 'PCS', NULL, NULL, NULL, 0, 'OTC', 0, 10000.00, 22000.00, 'RAK E - RAK E6', 2, 0, '2026-01-08 02:00:01', '2026-01-08 02:00:01'),
(425, 'OBT01425', 'MADU TJ MURNI250 GR', 'MADU TJ MURNI250 GR', 'CAIRAN', '-', 'BTL', NULL, NULL, NULL, 0, 'OTC', 0, 32000.00, 40000.00, 'RAK F - RAK F1', 1, 0, '2026-01-08 02:00:01', '2026-01-08 02:00:01'),
(426, 'OBT01426', 'MADU TJ MASUK ANGIN 150 GR', 'MADU TJ MASUK ANGIN 150 GR', 'CAIRAN', '-', 'BTL', NULL, NULL, NULL, 0, 'OTC', 0, 21800.00, 26500.00, 'RAK F - RAK F1', 1, 0, '2026-01-08 02:00:01', '2026-01-08 02:00:01'),
(427, 'OBT01427', 'MADU TJ MURNI 150 GR', 'MADU TJ MURNI 150 GR', 'CAIRAN', '-', 'BTL', NULL, NULL, NULL, 0, 'OTC', 0, 22300.00, 26000.00, 'RAK F - RAK F1', 2, 0, '2026-01-08 02:00:01', '2026-01-08 02:00:01'),
(428, 'OBT01428', 'MADURASA SASET', 'MADURASA SASET', 'SERBUK', '-', 'SASET', NULL, NULL, NULL, 0, 'OTC', 0, 825.00, 1000.00, 'RAK F - RAK F1', 7, 0, '2026-01-08 02:00:01', '2026-01-08 02:00:01'),
(429, 'OBT01429', 'MADU TJ JOYBEE 100 ML', 'MADU TJ JOYBEE 100 ML', 'CAIRAN', '-', 'BTL', NULL, NULL, NULL, 0, 'OTC', 0, 16800.00, 20000.00, 'RAK F - RAK F1', 1, 0, '2026-01-08 02:00:01', '2026-01-08 02:00:01'),
(430, 'OBT01430', 'ALKOHOL 70 % 100 ML', 'ALKOHOL 70 % 100 ML', 'CAIRAN', '-', 'BTL', NULL, NULL, NULL, 0, 'OTC', 0, 3000.00, 9000.00, 'RAK F - RAK F1', 10, 0, '2026-01-08 02:00:01', '2026-01-10 04:54:50'),
(431, 'OBT01431', 'RIVANOL 100 ML', 'RIVANOL 100 ML', 'CAIRAN', '-', 'BTL', NULL, NULL, NULL, 0, 'OTC', 0, 4250.00, 6000.00, 'RAK F - RAK F1', 3, 0, '2026-01-08 02:00:01', '2026-01-08 02:00:01'),
(432, 'OBT01432', 'BETADINE SALEP 5 GR', 'BETADINE SALEP 5 GR', 'PCS', '-', 'PCS', NULL, NULL, NULL, 0, 'OTC', 0, 14000.00, 17000.00, 'RAK F - RAK F1', 1, 0, '2026-01-08 02:00:01', '2026-01-08 02:00:01'),
(433, 'OBT01433', 'BETADINE SALEP 10 GR', 'BETADINE SALEP 10 GR', 'PCS', '-', 'PCS', NULL, NULL, NULL, 0, 'OTC', 0, 24000.00, 29000.00, 'RAK F - RAK F1', 1, 0, '2026-01-08 02:00:01', '2026-01-08 02:00:01'),
(434, 'OBT01434', 'BETADINE 5 ML', 'BETADINE 5 ML', 'PCS', '-', 'PCS', NULL, NULL, NULL, 0, 'OTC', 0, 6350.00, 7500.00, 'RAK F - RAK F1', 2, 0, '2026-01-08 02:00:01', '2026-01-08 02:00:01'),
(435, 'OBT01435', 'BETADINE 15 ML', 'BETADINE 15 ML', 'PCS', '-', 'PCS', NULL, NULL, NULL, 0, 'OTC', 0, 15207.00, 20000.00, 'RAK F - RAK F1', 2, 0, '2026-01-08 02:00:01', '2026-01-08 02:00:01'),
(436, 'OBT01436', 'BETADINE 30 ML', 'BETADINE 30 ML', 'PCS', '-', 'PCS', NULL, NULL, NULL, 0, 'OTC', 0, 25974.00, 32000.00, 'RAK F - RAK F1', 2, 0, '2026-01-08 02:00:01', '2026-01-08 02:00:01'),
(437, 'OBT01437', 'VIT B1 IPI', 'VIT B1 IPI', 'CAIRAN', '-', 'BTL', NULL, NULL, NULL, 0, 'OTC', 0, 5600.00, 7000.00, 'RAK F - RAK F1', 1, 0, '2026-01-08 02:00:01', '2026-01-08 02:00:01'),
(438, 'OBT01438', 'VIT D3 +K2 IPI', 'VIT D3 +K2 IPI', 'CAIRAN', '-', 'BTL', NULL, NULL, NULL, 0, 'OTC', 0, 8300.00, 10500.00, 'RAK F - RAK F1', 1, 0, '2026-01-08 02:00:01', '2026-01-08 02:00:01'),
(439, 'OBT01439', 'COUNTERPAIN 30 GR', 'COUNTERPAIN 30 GR', 'PCS', '-', 'PCS', NULL, NULL, NULL, 0, 'OTC', 0, 46400.00, 58000.00, 'RAK F - RAK F1', 1, 0, '2026-01-08 02:00:01', '2026-01-08 02:00:01'),
(440, 'OBT01440', 'PLOSSA 8 ML', 'PLOSSA 8 ML', 'PCS', '-', 'PCS', NULL, NULL, NULL, 0, 'OTC', 0, 10400.00, 13000.00, 'RAK F - RAK F1', 2, 0, '2026-01-08 02:00:01', '2026-01-08 02:00:01'),
(441, 'OBT01441', 'MKP AYAM 150 ML', 'MKP AYAM 150 ML', 'CAIRAN', '-', 'BTL', NULL, NULL, NULL, 0, 'OTC', 0, 57600.00, 73000.00, 'RAK F - RAK F1', 1, 0, '2026-01-08 02:00:01', '2026-01-08 02:00:01'),
(442, 'OBT01442', 'MKP AYAM 40 ML', 'MKP AYAM 40 ML', 'CAIRAN', '-', 'BTL', NULL, NULL, NULL, 0, 'OTC', 0, 16600.00, 22000.00, 'RAK F - RAK F1', 2, 0, '2026-01-08 02:00:01', '2026-01-08 02:00:01'),
(443, 'OBT01443', 'MKP AYAM 25 ML', 'MKP AYAM 25 ML', 'CAIRAN', '-', 'BTL', NULL, NULL, NULL, 0, 'OTC', 0, 10700.00, 15000.00, 'RAK F - RAK F1', 2, 0, '2026-01-08 02:00:01', '2026-01-08 02:00:01'),
(444, 'OBT01444', 'MKP AYAM 12 ML', 'MKP AYAM 12 ML', 'CAIRAN', '-', 'BTL', NULL, NULL, NULL, 0, 'OTC', 0, 6500.00, 8000.00, 'RAK F - RAK F1', 2, 0, '2026-01-08 02:00:01', '2026-01-08 02:00:01'),
(445, 'OBT01445', 'MKP LANG 120 ML', 'MKP LANG 120 ML', 'CAIRAN', '-', 'BTL', NULL, NULL, NULL, 0, 'OTC', 0, 38200.00, 46000.00, 'RAK F - RAK F1', 2, 0, '2026-01-08 02:00:01', '2026-01-08 02:00:01'),
(446, 'OBT01446', 'MKP LANG 15 ML', 'MKP LANG 15 ML', 'CAIRAN', '-', 'BTL', NULL, NULL, NULL, 0, 'OTC', 0, 6400.00, 8000.00, 'RAK F - RAK F1', 3, 0, '2026-01-08 02:00:01', '2026-01-08 02:00:01'),
(447, 'OBT01447', 'FRESHCARE LAVENDER 10 ML', 'FRESHCARE LAVENDER 10 ML', 'PCS', '-', 'PCS', NULL, NULL, NULL, 0, 'OTC', 0, 10923.00, 15000.00, 'RAK F - RAK F1', 1, 0, '2026-01-08 02:00:01', '2026-01-08 02:00:01'),
(448, 'OBT01448', 'FRESHCARE STRONG 10 ML', 'FRESHCARE STRONG 10 ML', 'PCS', '-', 'PCS', NULL, NULL, NULL, 0, 'OTC', 0, 10922.00, 14000.00, 'RAK F - RAK F1', 1, 0, '2026-01-08 02:00:01', '2026-01-08 02:00:01'),
(449, 'OBT01449', 'FRESHCARE GREEN TEA 10 ML', 'FRESHCARE GREEN TEA 10 ML', 'PCS', '-', 'PCS', NULL, NULL, NULL, 0, 'OTC', 0, 10922.00, 14000.00, 'RAK F - RAK F1', 1, 0, '2026-01-08 02:00:01', '2026-01-08 02:00:01'),
(450, 'OBT01450', 'MEDICATE OIL 6 ML', 'MEDICATE OIL 6 ML', 'PCS', '-', 'PCS', NULL, NULL, NULL, 0, 'OTC', 0, 11349.00, 14000.00, 'RAK F - RAK F1', 1, 0, '2026-01-08 02:00:01', '2026-01-08 02:00:01'),
(451, 'OBT01451', 'MEDICATE OIL 12 ML', 'MEDICATE OIL 12 ML', 'PCS', '-', 'PCS', NULL, NULL, NULL, 0, 'OTC', 0, 19691.00, 0.00, 'RAK F - RAK F1', 1, 0, '2026-01-08 02:00:02', '2026-01-08 02:00:02'),
(452, 'OBT01452', 'MEDICATE OIL 20 ML', 'MEDICATE OIL 20 ML', 'PCS', '-', 'PCS', NULL, NULL, NULL, 0, 'OTC', 0, 26966.00, 33000.00, 'RAK F - RAK F1', 1, 0, '2026-01-08 02:00:02', '2026-01-08 02:00:02'),
(453, 'OBT01453', 'MEDICATE OIL 40 ML', 'MEDICATE OIL 40 ML', 'PCS', '-', 'PCS', NULL, NULL, NULL, 0, 'OTC', 0, 43650.00, 52500.00, 'RAK F - RAK F1', 1, 0, '2026-01-08 02:00:02', '2026-01-08 02:00:02'),
(454, 'OBT01454', 'DEWI TUNJONG 3 ML', 'DEWI TUNJONG 3 ML', 'PCS', '-', 'PCS', NULL, NULL, NULL, 0, 'OTC', 0, 5052.00, 7000.00, 'RAK F - RAK F1', 1, 0, '2026-01-08 02:00:02', '2026-01-08 02:00:02'),
(455, 'OBT01455', 'DEWI TUNJONG 8ML', 'DEWI TUNJONG 8ML', 'PCS', '-', 'PCS', NULL, NULL, NULL, 0, 'OTC', 0, 10898.00, 14000.00, 'RAK F - RAK F1', 1, 0, '2026-01-08 02:00:02', '2026-01-08 02:00:02'),
(456, 'OBT01456', 'DEWI TUNJONG 40 ML', 'DEWI TUNJONG 40 ML', 'PCS', '-', 'PCS', NULL, NULL, NULL, 0, 'OTC', 0, 35903.00, 44500.00, 'RAK F - RAK F1', 1, 0, '2026-01-08 02:00:02', '2026-01-08 02:00:02'),
(457, 'OBT01457', 'KAPAK 3 ML', 'KAPAK 3 ML', 'PCS', '-', 'PCS', NULL, NULL, NULL, 0, 'OTC', 0, 6709.00, 16500.00, 'RAK F - RAK F1', 1, 0, '2026-01-08 02:00:02', '2026-01-08 02:00:02'),
(458, 'OBT01458', 'KAPAK 10 ML', 'KAPAK 10 ML', 'PCS', '-', 'PCS', NULL, NULL, NULL, 0, 'OTC', 0, 17952.00, 22000.00, 'RAK F - RAK F1', 1, 0, '2026-01-08 02:00:02', '2026-01-08 02:00:02'),
(459, 'OBT01459', 'KAPAK 14 ML', 'KAPAK 14 ML', 'PCS', '-', 'PCS', NULL, NULL, NULL, 0, 'OTC', 0, 25075.00, 30500.00, 'RAK F - RAK F1', 1, 0, '2026-01-08 02:00:02', '2026-01-08 02:00:02'),
(460, 'OBT01460', 'KAPAK 28 ML', 'KAPAK 28 ML', 'PCS', '-', 'PCS', NULL, NULL, NULL, 0, 'OTC', 0, 42800.00, 52000.00, 'RAK F - RAK F1', 1, 0, '2026-01-08 02:00:02', '2026-01-08 02:00:02'),
(461, 'OBT01461', 'KAPAK 5 ML', 'KAPAK 5 ML', 'PCS', '-', 'PCS', NULL, NULL, NULL, 0, 'OTC', 0, 10750.00, 13000.00, 'RAK F - RAK F1', 1, 0, '2026-01-08 02:00:02', '2026-01-08 02:00:02'),
(462, 'OBT01462', 'KONICARE KAYU PUTIH 30 ML', 'KONICARE KAYU PUTIH 30 ML', 'CAIRAN', '-', 'BTL', NULL, NULL, NULL, 0, 'OTC', 0, 14500.00, 16000.00, 'RAK F - RAK F1', 3, 0, '2026-01-08 02:00:02', '2026-01-08 02:00:02'),
(463, 'OBT01463', 'TELON LANG PLUS 60 ML', 'TELON LANG PLUS 60 ML', 'CAIRAN', '-', 'BTL', NULL, NULL, NULL, 0, 'OTC', 0, 18700.00, 25000.00, 'RAK F - RAK F1', 1, 0, '2026-01-08 02:00:02', '2026-01-08 02:00:02'),
(464, 'OBT01464', 'MY BABY TELON 150 ML', 'MY BABY TELON 150 ML', 'CAIRAN', '-', 'BTL', NULL, NULL, NULL, 0, 'OTC', 0, 32500.00, 39000.00, 'RAK F - RAK F1', 1, 0, '2026-01-08 02:00:02', '2026-01-08 02:00:02'),
(465, 'OBT01465', 'HOT IN CREAM 60 GR', 'HOT IN CREAM 60 GR', 'PCS', '-', 'PCS', NULL, NULL, NULL, 0, 'OTC', 0, 17500.00, 21000.00, 'RAK F - RAK F1', 1, 0, '2026-01-08 02:00:02', '2026-01-08 02:00:02'),
(466, 'OBT01466', 'HOT IN DCL 60 GR', 'HOT IN DCL 60 GR', 'PCS', '-', 'PCS', NULL, NULL, NULL, 0, 'OTC', 0, 19059.00, 23000.00, 'RAK F - RAK F1', 2, 0, '2026-01-08 02:00:02', '2026-01-08 02:00:02'),
(467, 'OBT01467', 'GELIGA 40 GR', 'GELIGA 40 GR', 'PCS', '-', 'PCS', NULL, NULL, NULL, 0, 'OTC', 0, 16356.00, 22000.00, 'RAK F - RAK F2', 1, 0, '2026-01-08 02:00:02', '2026-01-08 02:00:02'),
(468, 'OBT01468', 'GELIGA 20 GR', 'GELIGA 20 GR', 'PCS', '-', 'PCS', NULL, NULL, NULL, 0, 'OTC', 0, 8354.00, 11000.00, 'RAK F - RAK F2', 1, 0, '2026-01-08 02:00:02', '2026-01-08 02:00:02'),
(469, 'OBT01469', 'GELIGA 10 GR', 'GELIGA 10 GR', 'PCS', '-', 'PCS', NULL, NULL, NULL, 0, 'OTC', 0, 4652.00, 7000.00, 'RAK F - RAK F2', 1, 0, '2026-01-08 02:00:02', '2026-01-08 02:00:02'),
(470, 'OBT01470', 'BALPIRIK 20 GR', 'BALPIRIK 20 GR', 'PCS', '-', 'PCS', NULL, NULL, NULL, 0, 'OTC', 0, 11750.00, 15000.00, 'RAK F - RAK F2', 1, 0, '2026-01-08 02:00:02', '2026-01-08 02:00:02'),
(471, 'OBT01471', 'AFITSON 18 GR', 'AFITSON 18 GR', 'PCS', '-', 'PCS', NULL, NULL, NULL, 0, 'OTC', 0, 6250.00, 8000.00, 'RAK F - RAK F2', 1, 0, '2026-01-08 02:00:02', '2026-01-08 02:00:02'),
(472, 'OBT01472', 'BALSEM LANG 10 GR', 'BALSEM LANG 10 GR', 'PCS', '-', 'PCS', NULL, NULL, NULL, 0, 'OTC', 0, 5500.00, 7000.00, 'RAK F - RAK F2', 1, 0, '2026-01-08 02:00:02', '2026-01-08 02:00:02'),
(473, 'OBT01473', 'VAPORUB 10 GR', 'VAPORUB 10 GR', 'PCS', '-', 'PCS', NULL, NULL, NULL, 0, 'OTC', 0, 8100.00, 10000.00, 'RAK F - RAK F2', 2, 0, '2026-01-08 02:00:02', '2026-01-08 02:00:02'),
(474, 'OBT01474', 'NOSIB 6 GR', 'NOSIB 6 GR', 'PCS', '-', 'PCS', NULL, NULL, NULL, 0, 'OTC', 0, 8500.00, 10500.00, 'RAK F - RAK F2', 1, 0, '2026-01-08 02:00:02', '2026-01-08 02:00:02'),
(475, 'OBT01475', 'NOSIB 14 GR', 'NOSIB 14 GR', 'PCS', '-', 'PCS', NULL, NULL, NULL, 0, 'OTC', 0, 13000.00, 16000.00, 'RAK F - RAK F2', 1, 0, '2026-01-08 02:00:02', '2026-01-08 02:00:02'),
(476, 'OBT01476', 'ZAM-BUK', 'ZAM-BUK', 'PCS', '-', 'PCS', NULL, NULL, NULL, 0, 'OTC', 0, 15200.00, 19000.00, 'RAK F - RAK F2', 1, 0, '2026-01-08 02:00:02', '2026-01-08 02:00:02'),
(477, 'OBT01477', 'PAGODA SALEP 10 GR', 'PAGODA SALEP 10 GR', 'PCS', '-', 'PCS', NULL, NULL, NULL, 0, 'OTC', 0, 6750.00, 8500.00, 'RAK F - RAK F2', 2, 0, '2026-01-08 02:00:02', '2026-01-08 02:00:02'),
(478, 'OBT01478', 'LARUTAN PK', 'LARUTAN PK', 'PCS', '-', 'PCS', NULL, NULL, NULL, 0, 'OTC', 0, 6000.00, 7500.00, 'RAK F - RAK F2', 2, 0, '2026-01-08 02:00:02', '2026-01-08 02:00:02'),
(479, 'OBT01479', 'ICHTYOL 12 GR', 'ICHTYOL 12 GR', 'PCS', '-', 'PCS', NULL, NULL, NULL, 0, 'OTC', 0, 5600.00, 7000.00, 'RAK F - RAK F2', 1, 0, '2026-01-08 02:00:02', '2026-01-08 02:00:02'),
(480, 'OBT01480', 'KALPANAX SALEP 6 GR', 'KALPANAX SALEP 6 GR', 'PCS', '-', 'PCS', NULL, NULL, NULL, 0, 'OTC', 0, 10500.00, 13000.00, 'RAK F - RAK F2', 1, 0, '2026-01-08 02:00:02', '2026-01-08 02:00:02'),
(481, 'OBT01481', 'KALPANAX CREAM 10 GR', 'KALPANAX CREAM 10 GR', 'PCS', '-', 'PCS', NULL, NULL, NULL, 0, 'OTC', 0, 28747.00, 35000.00, 'RAK F - RAK F2', 2, 0, '2026-01-08 02:00:02', '2026-01-08 02:00:02'),
(482, 'OBT01482', 'DAKTARIN 5 GR', 'DAKTARIN 5 GR', 'PCS', '-', 'PCS', NULL, NULL, NULL, 0, 'OTC', 0, 25783.00, 33000.00, 'RAK F - RAK F2', 3, 0, '2026-01-08 02:00:02', '2026-01-08 02:00:02'),
(483, 'OBT01483', 'NATUR E', 'NATUR E', 'TABLET', '-', 'TABLET', NULL, NULL, NULL, 0, 'OTC', 0, 1000.00, 2000.00, 'RAK F - RAK F2', 6, 0, '2026-01-08 02:00:02', '2026-01-08 02:00:02'),
(484, 'OBT01484', 'BURUNG KAKAK TUA', 'BURUNG KAKAK TUA', 'PCS', '-', 'PCS', NULL, NULL, NULL, 0, 'OTC', 0, 12500.00, 15000.00, 'RAK F - RAK F2', 2, 0, '2026-01-08 02:00:02', '2026-01-08 02:00:02'),
(485, 'OBT01485', 'GENTIAN VIOLET', 'GENTIAN VIOLET', 'CAIRAN', '-', 'BTL', NULL, NULL, NULL, 0, 'OTC', 0, 2500.00, 5000.00, 'RAK F - RAK F2', 1, 0, '2026-01-08 02:00:02', '2026-01-08 02:00:02');
INSERT INTO `products` (`id`, `sku`, `nama_dagang`, `nama_generik`, `bentuk`, `kekuatan_dosis`, `satuan`, `unit_kemasan`, `unit_terkecil`, `isi_per_kemasan`, `jual_eceran`, `golongan`, `wajib_resep`, `harga_beli`, `harga_jual`, `lokasi_rak`, `minimal_stok`, `konsinyasi`, `created_at`, `updated_at`) VALUES
(486, 'OBT01486', 'NORIT', 'NORIT', 'PCS', '-', 'PCS', NULL, NULL, NULL, 0, 'OTC', 0, 17500.00, 21000.00, 'RAK F - RAK F2', 1, 0, '2026-01-08 02:00:02', '2026-01-08 02:00:02'),
(487, 'OBT01487', 'PEDITOX 50 ML', 'PEDITOX 50 ML', 'PCS', '-', 'PCS', NULL, NULL, NULL, 0, 'OTC', 0, 10000.00, 14000.00, 'RAK F - RAK F2', 1, 0, '2026-01-08 02:00:02', '2026-01-08 02:00:02'),
(488, 'OBT01488', 'KANNA 15 GR', 'KANNA 15 GR', 'PCS', '-', 'PCS', NULL, NULL, NULL, 0, 'OTC', 0, 12000.00, 15000.00, 'RAK F - RAK F2', 2, 0, '2026-01-08 02:00:02', '2026-01-08 02:00:02'),
(489, 'OBT01489', 'BIOCREAM 20 GR', 'BIOCREAM 20 GR', 'PCS', '-', 'PCS', NULL, NULL, NULL, 0, 'OTC', 0, 33965.00, 42500.00, 'RAK F - RAK F2', 1, 0, '2026-01-08 02:00:02', '2026-01-08 02:00:02'),
(490, 'OBT01490', 'DULCOLAX TAB', 'DULCOLAX TAB', 'TABLET', '-', 'TABLET', NULL, NULL, NULL, 0, 'OTC', 0, 1850.00, 2250.00, 'RAK F - RAK F2', 10, 0, '2026-01-08 02:00:02', '2026-01-08 02:00:02'),
(491, 'OBT01491', 'SUTRA KONDOM', 'SUTRA KONDOM', 'STRIP', '-', 'STRIP', NULL, NULL, NULL, 0, 'OTC', 0, 7333.00, 9000.00, 'RAK F - RAK F2', 3, 0, '2026-01-08 02:00:02', '2026-01-08 02:00:02'),
(492, 'OBT01492', 'BINTANG TOEJOE', 'BINTANG TOEJOE', 'SERBUK', '-', 'SASET', NULL, NULL, NULL, 0, 'OTC', 0, 750.00, 1000.00, 'RAK F - RAK F2', 53, 0, '2026-01-08 02:00:02', '2026-01-08 02:00:02'),
(493, 'OBT01493', 'BODREX 10\'S', 'BODREX 10\'S', 'PAPAN', '-', 'PAPAN', NULL, NULL, NULL, 0, 'OTC', 0, 4000.00, 6000.00, 'RAK F - RAK F2', 10, 0, '2026-01-08 02:00:02', '2026-01-08 02:00:02'),
(494, 'OBT01494', 'ENTROSTOP 10\'S', 'ENTROSTOP 10\'S', 'PAPAN', '-', 'PAPAN', NULL, NULL, NULL, 0, 'OTC', 0, 7780.00, 10000.00, 'RAK F - RAK F2', 4, 0, '2026-01-08 02:00:02', '2026-01-08 02:00:02'),
(495, 'OBT01495', 'PROMAG TAB 10\'S', 'PROMAG TAB 10\'S', 'PAPAN', '-', 'PAPAN', NULL, NULL, NULL, 0, 'OTC', 0, 7934.00, 9500.00, 'RAK F - RAK F2', 4, 0, '2026-01-08 02:00:02', '2026-01-08 02:00:02'),
(496, 'OBT01496', 'PROMAG SASET', 'PROMAG SASET', 'SERBUK', '-', 'SASET', NULL, NULL, NULL, 0, 'OTC', 0, 825.00, 2000.00, 'RAK F - RAK F2', 16, 0, '2026-01-08 02:00:02', '2026-01-08 02:00:02'),
(497, 'OBT01497', 'KOMIX OBH SASET', 'KOMIX OBH SASET', 'SERBUK', '-', 'SASET', NULL, NULL, NULL, 0, 'OTC', 0, 1646.00, 3000.00, 'RAK F - RAK F2', 9, 0, '2026-01-08 02:00:02', '2026-01-08 02:00:02'),
(498, 'OBT01498', 'KOMIX HERBAL SASET', 'KOMIX HERBAL SASET', 'SERBUK', '-', 'SASET', NULL, NULL, NULL, 0, 'OTC', 0, 2400.00, 3000.00, 'RAK F - RAK F2', 1, 0, '2026-01-08 02:00:02', '2026-01-08 02:00:02'),
(499, 'OBT01499', 'KOMIX HERBAL 15 ML', 'KOMIX HERBAL 15 ML', 'BOX/PACK', '-', 'BOX', NULL, NULL, NULL, 0, 'OTC', 0, 10000.00, 12000.00, 'RAK F - RAK F2', 1, 0, '2026-01-08 02:00:02', '2026-01-08 02:00:02'),
(500, 'OBT01500', 'MIXAGRIP GREGES 15 ML', 'MIXAGRIP GREGES 15 ML', 'SERBUK', '-', 'SASET', NULL, NULL, NULL, 0, 'OTC', 0, 2916.00, 3500.00, 'RAK F - RAK F2', 12, 0, '2026-01-08 02:00:02', '2026-01-08 02:00:02'),
(501, 'OBT01501', 'MENARA 5', 'MENARA 5', 'PCS', '-', 'PCS', NULL, NULL, NULL, 0, 'OTC', 0, 2125.00, 3000.00, 'RAK F - RAK F3', 58, 0, '2026-01-08 02:00:02', '2026-01-08 02:00:02'),
(502, 'OBT01502', 'KOOLFEVER ANAK', 'KOOLFEVER ANAK', 'PCS', '-', 'PCS', NULL, NULL, NULL, 0, 'OTC', 0, 6740.00, 8000.00, 'RAK F - RAK F3', 4, 0, '2026-01-08 02:00:02', '2026-01-08 02:00:02'),
(503, 'OBT01503', 'BYE-BYE FEVER ANAK', 'BYE-BYE FEVER ANAK', 'PCS', '-', 'PCS', NULL, NULL, NULL, 0, 'OTC', 0, 9215.00, 12000.00, 'RAK F - RAK F3', 2, 0, '2026-01-08 02:00:02', '2026-01-08 02:00:02'),
(504, 'OBT01504', 'BYE-BYE FEVER BAYI', 'BYE-BYE FEVER BAYI', 'PCS', '-', 'PCS', NULL, NULL, NULL, 0, 'OTC', 0, 6782.00, 8000.00, 'RAK F - RAK F3', 4, 0, '2026-01-08 02:00:02', '2026-01-08 02:00:02'),
(505, 'OBT01505', 'BYE-BYE FEVER DEWASA', 'BYE-BYE FEVER DEWASA', 'PCS', '-', 'PCS', NULL, NULL, NULL, 0, 'OTC', 0, 12000.00, 15000.00, 'RAK F - RAK F3', 5, 0, '2026-01-08 02:00:02', '2026-01-08 02:00:02'),
(506, 'OBT01506', 'BEJO HERBAL', 'BEJO HERBAL', 'SERBUK', '-', 'SASET', NULL, NULL, NULL, 0, 'OTC', 0, 3000.00, 4000.00, 'RAK F - RAK F3', 4, 0, '2026-01-08 02:00:02', '2026-01-08 02:00:02'),
(507, 'OBT01507', 'TOLAK ANGIN SUGAR FREE', 'TOLAK ANGIN SUGAR FREE', 'SERBUK', '-', 'SASET', NULL, NULL, NULL, 0, 'OTC', 0, 1541.00, 3000.00, 'RAK F - RAK F3', 2, 0, '2026-01-08 02:00:02', '2026-01-08 02:00:02'),
(508, 'OBT01508', 'ANTIMO ANAK', 'ANTIMO ANAK', 'SERBUK', '-', 'SASET', NULL, NULL, NULL, 0, 'OTC', 0, 1510.00, 2500.00, 'RAK F - RAK F3', 5, 0, '2026-01-08 02:00:02', '2026-01-08 02:00:02'),
(509, 'OBT01509', 'TOLAK ANGIN 15 ML', 'TOLAK ANGIN 15 ML', 'SERBUK', '-', 'SASET', NULL, NULL, NULL, 0, 'OTC', 0, 3666.00, 5000.00, 'RAK F - RAK F3', 1, 0, '2026-01-08 02:00:02', '2026-01-08 02:00:02'),
(510, 'OBT01510', 'TOLAK ANGIN FLU', 'TOLAK ANGIN FLU', 'SERBUK', '-', 'SASET', NULL, NULL, NULL, 0, 'OTC', 0, 3006.00, 4000.00, 'RAK F - RAK F3', 3, 0, '2026-01-08 02:00:02', '2026-01-08 02:00:02'),
(511, 'OBT01511', 'ANTANGIN TAB 4\'S', 'ANTANGIN TAB 4\'S', 'PAPAN', '-', 'PAPAN', NULL, NULL, NULL, 0, 'OTC', 0, 3251.00, 5000.00, 'RAK F - RAK F3', 10, 0, '2026-01-08 02:00:02', '2026-01-08 02:00:02'),
(512, 'OBT01512', 'ANTANGIN CAIR', 'ANTANGIN CAIR', 'SERBUK', '-', 'SASET', NULL, NULL, NULL, 0, 'OTC', 0, 3102.00, 4000.00, 'RAK F - RAK F3', 2, 0, '2026-01-08 02:00:02', '2026-01-08 02:00:02'),
(513, 'OBT01513', 'ANTANGIN JUNIOR', 'ANTANGIN JUNIOR', 'SERBUK', '-', 'SASET', NULL, NULL, NULL, 0, 'OTC', 0, 2420.00, 3000.00, 'RAK F - RAK F3', 3, 0, '2026-01-08 02:00:02', '2026-01-08 02:00:02'),
(514, 'OBT01514', 'TOLAK ANGIN ANAK', 'TOLAK ANGIN ANAK', 'SERBUK', '-', 'SASET', NULL, NULL, NULL, 0, 'OTC', 0, 2416.00, 3000.00, 'RAK F - RAK F3', 5, 0, '2026-01-08 02:00:02', '2026-01-08 02:00:02'),
(515, 'OBT01515', 'MYLANTA', 'MYLANTA', 'PAPAN', '-', 'PAPAN', NULL, NULL, NULL, 0, 'OTC', 0, 871.00, 11000.00, 'RAK F - RAK F3', 5, 0, '2026-01-08 02:00:03', '2026-01-08 02:00:03'),
(516, 'OBT01516', 'FATIGON', 'FATIGON', 'PAPAN', '-', 'PAPAN', NULL, NULL, NULL, 0, 'OTC', 0, 7026.00, 10000.00, 'RAK F - RAK F3', 5, 0, '2026-01-08 02:00:03', '2026-01-08 02:00:03'),
(517, 'OBT01517', 'FATIGON SPIRIT', 'FATIGON SPIRIT', 'PAPAN', '-', 'PAPAN', NULL, NULL, NULL, 0, 'OTC', 0, 9874.00, 13000.00, 'RAK F - RAK F3', 5, 0, '2026-01-08 02:00:03', '2026-01-08 02:00:03'),
(518, 'OBT01518', 'KOYA HANSAPLAST', 'KOYA HANSAPLAST', 'SERBUK', '-', 'SASET', NULL, NULL, NULL, 0, 'OTC', 0, 8950.00, 10000.00, 'RAK F - RAK F3', 2, 0, '2026-01-08 02:00:03', '2026-01-08 02:00:03'),
(519, 'OBT01519', 'SALONPAS', 'SALONPAS', 'SERBUK', '-', 'SASET', NULL, NULL, NULL, 0, 'OTC', 0, 6700.00, 8500.00, 'RAK F - RAK F3', 2, 0, '2026-01-08 02:00:03', '2026-01-08 02:00:03'),
(520, 'OBT01520', 'NEO HORMOVITON', 'NEO HORMOVITON', 'STRIP', '-', 'STRIP', NULL, NULL, NULL, 0, 'OTC', 0, 7663.00, 11000.00, 'RAK F - RAK F3', 4, 0, '2026-01-08 02:00:03', '2026-01-08 02:00:03'),
(521, 'OBT01521', 'SANGOBION', 'SANGOBION', 'TABLET', '-', 'TABLET', 'STRIP', 'KAPSUL', 10, 1, 'OTC', 0, 20680.00, 26000.00, 'RAK F - RAK F4', 100, 0, '2026-01-08 02:00:03', '2026-01-12 07:21:52'),
(522, 'OBT01522', 'CDR EFF', 'CDR EFF', 'PAPAN', '-', 'PAPAN', NULL, NULL, NULL, 0, 'OTC', 0, 10333.00, 13000.00, 'RAK F - RAK F4', 5, 0, '2026-01-08 02:00:03', '2026-01-08 02:00:03'),
(523, 'OBT01523', 'REDOXON EEF', 'REDOXON EEF', 'PAPAN', '-', 'PAPAN', NULL, NULL, NULL, 0, 'OTC', 0, 10733.00, 13000.00, 'RAK F - RAK F4', 6, 0, '2026-01-08 02:00:03', '2026-01-08 02:00:03'),
(524, 'OBT01524', 'ENERVON-C', 'ENERVON-C', 'PAPAN', '-', 'PAPAN', NULL, NULL, NULL, 0, 'OTC', 0, 4800.00, 7000.00, 'RAK F - RAK F4', 8, 0, '2026-01-08 02:00:03', '2026-01-08 02:00:03'),
(525, 'OBT01525', 'MIXAGRIP FLU 4\'S', 'MIXAGRIP FLU 4\'S', 'PAPAN', '-', 'PAPAN', NULL, NULL, NULL, 0, 'OTC', 0, 3000.00, 4000.00, 'RAK F - RAK F4', 9, 0, '2026-01-08 02:00:03', '2026-01-08 02:00:03'),
(526, 'OBT01526', 'MIXAGRIP FLU&BATUK 4\'S', 'MIXAGRIP FLU&BATUK 4\'S', 'PAPAN', '-', 'PAPAN', NULL, NULL, NULL, 0, 'OTC', 0, 3560.00, 5000.00, 'RAK F - RAK F4', 11, 0, '2026-01-08 02:00:03', '2026-01-08 02:00:03'),
(527, 'OBT01527', 'LAXING', 'LAXING', 'PAPAN', '-', 'PAPAN', NULL, NULL, NULL, 0, 'OTC', 0, 9850.00, 13000.00, 'RAK F - RAK F4', 5, 0, '2026-01-08 02:00:03', '2026-01-08 02:00:03'),
(528, 'OBT01528', 'DIAPET 10\'S', 'DIAPET 10\'S', 'PAPAN', '-', 'PAPAN', NULL, NULL, NULL, 0, 'OTC', 0, 5141.00, 6500.00, 'RAK F - RAK F4', 4, 0, '2026-01-08 02:00:03', '2026-01-08 02:00:03'),
(529, 'OBT01529', 'CHARM 23 CM 10\'S', 'CHARM 23 CM 10\'S', 'BOX/PACK', '-', 'BKS', NULL, NULL, NULL, 0, 'OTC', 0, 11400.00, 14000.00, 'RAK F - RAK F4', 1, 0, '2026-01-08 02:00:03', '2026-01-08 02:00:03'),
(530, 'OBT01530', 'CHARM 23 CM 8\'S', 'CHARM 23 CM 8\'S', 'BOX/PACK', '-', 'BKS', NULL, NULL, NULL, 0, 'OTC', 0, 4800.00, 6000.00, 'RAK F - RAK F4', 3, 0, '2026-01-08 02:00:03', '2026-01-08 02:00:03'),
(531, 'OBT01531', 'CHARM COOLING 8\'S', 'CHARM COOLING 8\'S', 'BOX/PACK', '-', 'BKS', NULL, NULL, NULL, 0, 'OTC', 0, 7900.00, 10000.00, 'RAK F - RAK F4', 1, 0, '2026-01-08 02:00:03', '2026-01-08 02:00:03'),
(532, 'OBT01532', 'CHARM NIGHT 35 CM 12\'S', 'CHARM NIGHT 35 CM 12\'S', 'BOX/PACK', '-', 'BKS', NULL, NULL, NULL, 0, 'OTC', 0, 19500.00, 21500.00, 'RAK F - RAK F4', 2, 0, '2026-01-08 02:00:03', '2026-01-08 02:00:03'),
(533, 'OBT01533', 'CHARM NIGHT 35 CM 5\'S', 'CHARM NIGHT 35 CM 5\'S', 'BOX/PACK', '-', 'BKS', NULL, NULL, NULL, 0, 'OTC', 0, 11300.00, 14500.00, 'RAK F - RAK F4', 1, 0, '2026-01-08 02:00:03', '2026-01-08 02:00:03'),
(534, 'OBT01534', 'CHARM NIGHT 290 CM 18\'S', 'CHARM NIGHT 290 CM 18\'S', 'BOX/PACK', '-', 'BKS', NULL, NULL, NULL, 0, 'OTC', 0, 19700.00, 24000.00, 'RAK F - RAK F4', 1, 0, '2026-01-08 02:00:03', '2026-01-08 02:00:03'),
(535, 'OBT01535', 'DUMIN 125 MG SUP', 'DUMIN 125 MG SUP', 'SUPP', '-', 'SUPP', NULL, NULL, NULL, 0, 'RESEP', 0, 24300.00, 30000.00, 'RAK G - RAK G1', 3, 0, '2026-01-08 02:00:03', '2026-01-08 02:00:03'),
(536, 'OBT01536', 'DUMIN 250 MG SUPP', 'DUMIN 250 MG SUPP', 'SUPP', '-', 'SUPP', NULL, NULL, NULL, 0, 'RESEP', 0, 32400.00, 39000.00, 'RAK G - RAK G1', 2, 0, '2026-01-08 02:00:03', '2026-01-08 02:00:03'),
(537, 'OBT01537', 'DUCLOLAX 10 MG SUPP', 'DUCLOLAX 10 MG SUPP', 'SUPP', '-', 'SUPP', NULL, NULL, NULL, 0, 'RESEP', 0, 24320.00, 30500.00, 'RAK G - RAK G1', 7, 0, '2026-01-08 02:00:03', '2026-01-08 02:00:03'),
(538, 'OBT01538', 'CYANOCABALAMIN INJ', 'CYANOCABALAMIN INJ', 'VIAL', '-', 'VIAL', NULL, NULL, NULL, 0, 'RESEP', 0, 8000.00, 10000.00, 'RAK G - RAK G1', 3, 0, '2026-01-08 02:00:03', '2026-01-08 02:00:03'),
(539, 'OBT01539', 'PAMOL 125 MG', 'PAMOL 125 MG', 'SUPP', '-', 'SUPP', NULL, NULL, NULL, 0, 'RESEP', 0, 16567.00, 23000.00, 'RAK G - RAK G1', 6, 0, '2026-01-08 02:00:03', '2026-01-08 02:00:03'),
(540, 'OBT01540', 'ONDANCENTRON 2 ML', 'ONDANCENTRON 2 ML', 'INJEC', '-', 'INJEC', NULL, NULL, NULL, 0, 'RESEP', 0, 1800.00, 2500.00, 'RAK G - RAK G1', 5, 0, '2026-01-08 02:00:03', '2026-01-08 02:00:03'),
(541, 'OBT01541', 'MEPROVENT', 'MEPROVENT', 'INJEC', '-', 'INJEC', NULL, NULL, NULL, 0, 'RESEP', 0, 12000.00, 15000.00, 'RAK G - RAK G1', 1, 0, '2026-01-08 02:00:03', '2026-01-08 02:00:03'),
(542, 'OBT01542', 'ANDALAN SUNTIKAN KB 3 BLN', 'ANDALAN SUNTIKAN KB 3 BLN', 'INJEC', '-', 'INJEC', NULL, NULL, NULL, 0, 'RESEP', 0, 7500.00, 9000.00, 'RAK G - RAK G1', 2, 0, '2026-01-08 02:00:03', '2026-01-08 02:00:03'),
(543, 'OBT01543', 'VENODENOL 3%', 'VENODENOL 3%', 'INJEC', '-', 'INJEC', NULL, NULL, NULL, 0, 'RESEP', 0, 229600.00, 276000.00, 'RAK G - RAK G1', 3, 0, '2026-01-08 02:00:03', '2026-01-08 02:00:03'),
(544, 'OBT01544', 'PEHACAIN 2 ML', 'PEHACAIN 2 ML', 'INJEC', '-', 'INJEC', NULL, NULL, NULL, 0, 'RESEP', 0, 3520.00, 5000.00, 'RAK G - RAK G1', 8, 0, '2026-01-08 02:00:03', '2026-01-08 02:00:03'),
(545, 'OBT01545', 'RANITIDINE INJ 2 ML', 'RANITIDINE INJ 2 ML', 'INJEC', '-', 'INJEC', NULL, NULL, NULL, 0, 'RESEP', 0, 1800.00, 5000.00, 'RAK G - RAK G1', 5, 0, '2026-01-08 02:00:03', '2026-01-08 02:00:03'),
(546, 'OBT01546', 'KETOROLAC 1 ML', 'KETOROLAC 1 ML', 'INJEC', '-', 'INJEC', NULL, NULL, NULL, 0, 'RESEP', 0, 1600.00, 3000.00, 'RAK G - RAK G1', 6, 0, '2026-01-08 02:00:03', '2026-01-09 03:33:02'),
(547, 'OBT01547', 'KANAMYCIN', 'KANAMYCIN', 'INJEC', '-', 'INJEC', NULL, NULL, NULL, 0, 'RESEP', 0, 17000.00, 20000.00, 'RAK G - RAK G1', 2, 0, '2026-01-08 02:00:03', '2026-01-08 02:00:03'),
(548, 'OBT01548', 'LIDOCAIN INJ', 'LIDOCAIN INJ', 'INJEC', '-', 'INJEC', NULL, NULL, NULL, 0, 'RESEP', 0, 2000.00, 5000.00, 'RAK G - RAK G1', 10, 0, '2026-01-08 02:00:03', '2026-01-08 02:00:03'),
(549, 'OBT01549', 'LARUTAN CAP KAKI 3', 'LARUTAN CAP KAKI 3', 'CAIRAN', '-', 'BTL', NULL, NULL, NULL, 0, 'OTC', 0, 4000.00, 5000.00, 'RAK G - RAK G1', 2, 0, '2026-01-08 02:00:03', '2026-01-08 02:00:03'),
(550, 'OBT01550', 'KIRANTI', 'KIRANTI', 'CAIRAN', '-', 'BTL', NULL, NULL, NULL, 0, 'OTC', 0, 5600.00, 7000.00, 'RAK G - RAK G1', 3, 0, '2026-01-08 02:00:03', '2026-01-08 02:00:03'),
(551, 'OBT01551', 'BEAR BRAND GOLD', 'BEAR BRAND GOLD', 'CAIRAN', '-', 'BTL', NULL, NULL, NULL, 0, 'OTC', 0, 10400.00, 13000.00, 'RAK G - RAK G1', 2, 0, '2026-01-08 02:00:03', '2026-01-08 02:00:03'),
(552, 'OBT01552', 'TUJUH KURMA', 'TUJUH KURMA', 'CAIRAN', '-', 'BTL', NULL, NULL, NULL, 0, 'OTC', 0, 10400.00, 13000.00, 'RAK G - RAK G1', 1, 0, '2026-01-08 02:00:03', '2026-01-08 02:00:03'),
(553, 'OBT01553', 'M150', 'M150', 'CAIRAN', '-', 'BTL', NULL, NULL, NULL, 0, 'OTC', 0, 5000.00, 7000.00, 'RAK G - RAK G1', 4, 0, '2026-01-08 02:00:03', '2026-01-08 02:00:03'),
(554, 'OBT01554', 'KRATINDENG', 'KRATINDENG', 'CAIRAN', '-', 'BTL', NULL, NULL, NULL, 0, 'OTC', 0, 5000.00, 7000.00, 'RAK G - RAK G1', 4, 0, '2026-01-08 02:00:03', '2026-01-08 02:00:03'),
(555, 'OBT', 'STREPSIL 1\'S', 'STREPSIL 1\'S', 'PCS', '-', 'PCS', NULL, NULL, NULL, 0, 'OTC', 0, 666.00, 2000.00, 'RAK G-RAK G2', 78, 0, '2026-01-08 05:57:00', '2026-01-08 05:57:00'),
(556, 'OBT01', 'JESSCOOL', 'JESSCOOL', 'PCS', '-', 'PCS', NULL, NULL, NULL, 0, 'OTC', 0, 2000.00, 2500.00, 'RAK G-RAK G2', 12, 0, '2026-01-08 05:59:09', '2026-01-08 05:59:09'),
(557, '8993212111102', 'COMBANTRIN SYR 10 ML', 'COMBANTRIN SYR 10 ML', 'PCS', '-', 'PCS', NULL, NULL, NULL, 0, 'BEBAS_TERBATAS', 0, 20400.00, 25000.00, 'RAK C-RAK C3', 2, 0, '2026-01-09 02:21:28', '2026-01-09 02:21:56'),
(558, '8994254011115', 'HUFAGRIP FLU+BATUK 60 ML( KUNING)', 'HUFAGRIP FLU+BATUK 60 ML( KUNING)', 'BTL', '-', 'BTL', NULL, NULL, NULL, 0, 'BEBAS_TERBATAS', 0, 21714.00, 26500.00, 'RAK C-RAK C4', 3, 0, '2026-01-09 02:26:38', '2026-01-09 02:26:38'),
(559, 'OBT02', 'CEFIXIME 100 MG 30 ML SYR', 'CEFIXIME 100 MG 30 ML SYR', 'BTL', '-', 'BTL', NULL, NULL, NULL, 0, 'RESEP', 0, 10400.00, 13000.00, 'RAK A-RAKA9', 2, 0, '2026-01-09 02:30:09', '2026-01-09 02:31:10'),
(560, 'OBT03', 'SANMOL SYR 60 ML', 'SANMOL SYR 60 ML', 'BTL', '-', 'BTL', NULL, NULL, NULL, 0, 'BEBAS_TERBATAS', 0, 18786.00, 23000.00, 'RAK C-RAKC3', 8, 0, '2026-01-09 02:34:28', '2026-01-09 02:34:58'),
(561, '4987176006943', 'VICKS FORMULA 44 ANAK 54 ML', 'VICKS FORMULA 44 ANAK 54 ML', 'BTL', '-', 'BTL', NULL, NULL, NULL, 0, 'BEBAS_TERBATAS', 0, 23275.00, 27500.00, 'RAKC-RAKC4', 2, 0, '2026-01-09 02:37:26', '2026-01-09 02:37:26'),
(562, 'OBT04', 'CURCUMA FORCE TABLET 12\'S', 'CURCUMA FORCE TABLET 12\'S', 'TABLET', '-', 'PAPAN', NULL, NULL, NULL, 0, 'BEBAS_TERBATAS', 0, 12000.00, 15000.00, 'RAKA-RAKA6', 5, 0, '2026-01-09 02:46:42', '2026-01-09 02:46:42'),
(563, '899908005205', 'VIT C IPI 45\'S', 'VITAMIN C IPI 45\'S', 'BTL', '-', 'BTL', NULL, NULL, NULL, 0, 'OTC', 0, 5846.00, 7500.00, 'RAKF-RAKF1', 1, 0, '2026-01-09 02:55:27', '2026-01-09 03:03:39'),
(564, '8993176110081', 'MKP LANG 30 ML', 'MKP LANG 30 ML', 'BTL', '-', 'BTL', NULL, NULL, NULL, 0, 'OTC', 0, 10503.00, 13000.00, 'RAKF-RAKF1', 3, 0, '2026-01-09 02:58:26', '2026-01-09 02:58:26'),
(565, '8992858667202', 'PROCOLD FLU 6\'S', 'PROCOLD FLU 6\'S', 'TABLET', '-', 'PAPAN', NULL, NULL, NULL, 0, 'OTC', 0, 4363.00, 6000.00, 'RAKD-RAKD4', 5, 0, '2026-01-09 03:00:56', '2026-01-09 03:02:14'),
(566, 'OBT05', 'DEXAMETHASONE INJECTION 1 ML', 'DEXAMETHASONE INJECTION 1 ML', 'VIAL', '-', 'VIAL', NULL, NULL, NULL, 0, 'BEBAS_TERBATAS', 0, 1875.00, 3000.00, 'RAK G-RAKG1', 5, 0, '2026-01-09 03:12:28', '2026-01-09 03:13:13'),
(567, 'OBT06', 'BETAMETHASONE CREAM 5 G', 'BETAMETHASONE CREAM 5 G', 'TUBE', '-', 'TUBE', NULL, NULL, NULL, 0, 'RESEP', 0, 2200.00, 5000.00, 'RAK D-RAK D4', 5, 0, '2026-01-09 03:15:01', '2026-01-09 03:15:01'),
(568, '8999099920585', 'SGM 6-12 BLN 150 GR', 'SGM 6-12 BLN 150 GR', 'KTK', '-', 'KTK', NULL, NULL, NULL, 0, 'OTC', 0, 15675.00, 17500.00, 'RAK A-RAK A2', 2, 0, '2026-01-09 03:23:39', '2026-01-09 03:23:39'),
(569, 'OBT07', 'SANADRYL EKSPEKTORAN 60 ML', 'SANADRYL EKSPEKTORAN 60 ML', 'BTL', '-', 'BTL', NULL, NULL, NULL, 0, 'BEBAS_TERBATAS', 0, 14308.00, 18000.00, 'RAK C-RAK C5', 3, 0, '2026-01-09 03:26:28', '2026-01-09 03:26:28'),
(570, 'OBT08', 'METFORMIN 500 MG', 'METFORMIN 500 MG', 'TABLET', '-', 'TABLET', NULL, NULL, NULL, 0, 'RESEP', 0, 198.00, 3000.00, 'RAK A-RAK A8', 200, 0, '2026-01-09 03:29:12', '2026-01-09 03:29:43'),
(571, 'OBT09', 'PARACETAMOL SYR 60 ML', 'PARACETAMOL SYR 60 ML', 'BTL', '-', 'BTL', NULL, NULL, NULL, 0, 'BEBAS_TERBATAS', 0, 4050.00, 6000.00, 'RAK C-RAK C6', 5, 0, '2026-01-09 03:31:57', '2026-01-09 03:32:28'),
(572, '8991380700036', 'GARNIER VITAMIN C  50 ML FACE WASH', 'GARNIER VITAMIN C  50 ML FACE WASH', 'PCS', '-', 'PCS', NULL, NULL, NULL, 0, 'OTC', 0, 21500.00, 26000.00, 'RAK B - RAK B2', 1, 0, '2026-01-10 03:23:22', '2026-01-10 03:23:22'),
(573, '8994993019656', 'GARNIER MICELLAR SALICYL BHA 125 ML', 'GARNIER MICELLAR SALICYL BHA 125 ML', 'BTL', '-', 'BTL', NULL, NULL, NULL, 0, 'OTC', 0, 37100.00, 45000.00, 'RAK B - RAK B2', 1, 0, '2026-01-10 03:32:16', '2026-01-10 03:32:16'),
(574, '8901526598342', 'GARNIER COLOR NATURAL', 'GARNIER COLOR NATURAL', 'SASET', '-', 'PCS', NULL, NULL, NULL, 0, 'OTC', 0, 15200.00, 19000.00, 'RAK B-RAK B5', 6, 0, '2026-01-10 03:38:50', '2026-01-10 03:38:50'),
(575, 'OBT10', 'KASA STERIL 1\'S ONEHEALT', 'KASA STERIL 1\'S ONEHEALT', 'PCS', '-', 'PCS', NULL, NULL, NULL, 0, 'OTC', 0, 1600.00, 2000.00, 'RAKE-RAKE4', 25, 0, '2026-01-10 03:49:52', '2026-01-10 03:49:52'),
(576, '8994805090163', 'LAMBUCID SYR 100 ML', 'LAMBUCID SYR 100 ML', 'CAIRAN', '-', 'BTL', NULL, NULL, NULL, 0, 'OTC', 0, 9500.00, 12000.00, 'RAKC-RAK C6', 2, 0, '2026-01-10 03:53:13', '2026-01-10 03:53:13'),
(577, 'SRP-0001', 'ANAKONIDIN YRUP 60ML', 'ANAKONIDIN SYRUP 60ML', 'BTL', '-', 'BTL', NULL, NULL, NULL, 0, 'BEBAS_TERBATAS', 0, 12000.00, 16000.00, 'RAK G-RAK G2', 5, 0, '2026-01-12 10:50:45', '2026-01-12 10:50:45'),
(578, 'SRP', 'TEMPRA DROP', 'TEMPRA DROP', 'BTL', '-', 'BTL', NULL, NULL, NULL, 0, 'BEBAS_TERBATAS', 0, 46500.00, 56000.00, 'RAK A - RAK A6', 5, 0, '2026-01-13 01:50:04', '2026-01-13 01:50:04'),
(579, 'SRP-0002', 'LAMBUCID SYRUP 60ML', 'LAMBUCID SYRUP 60ML', 'BTL', '-', 'BTL', NULL, NULL, NULL, 0, 'BEBAS_TERBATAS', 0, 8000.00, 10000.00, 'RAK G-RAK G2', 10, 0, '2026-01-13 01:52:23', '2026-01-13 01:52:23'),
(580, 'SRP-0003', 'AMOXIXILIN SYRUP 60ML', 'AMOXIXILIN SYRUP 60ML', 'BTL', '-', 'BTL', NULL, NULL, NULL, 0, 'BEBAS_TERBATAS', 0, 5500.00, 8000.00, 'RAK A - RAK A6', 6, 0, '2026-01-13 01:54:24', '2026-01-13 01:54:24'),
(581, 'SRP-0004', 'NYSTATYN DROP', 'NYSTATIN DROP', 'BTL', '-', 'BTL', NULL, NULL, NULL, 0, 'BEBAS_TERBATAS', 0, 24000.00, 28000.00, 'RAKF-RAKF1', 5, 0, '2026-01-13 01:55:47', '2026-01-13 01:55:47'),
(582, 'SRP-0005', 'VITCUR SYRUP 60ML', 'VITCUR SYRUP 60ML', 'BTL', '-', 'BTL', NULL, NULL, NULL, 0, 'OTC', 0, 6000.00, 10000.00, 'RAK G-RAK G2', 5, 0, '2026-01-13 01:56:57', '2026-01-13 01:56:57'),
(583, 'SRP-0006', 'OMEVITA SYRUP 60ML', 'OMEVITA SYRUP 60ML', 'BTL', '-', 'BTL', NULL, NULL, NULL, 0, 'OTC', 0, 6000.00, 10000.00, 'RAKF-RAKF1', 5, 0, '2026-01-13 01:57:55', '2026-01-13 01:57:55'),
(584, 'ALK-0001', 'CEK ASAM URAT', 'CEK ASAM URAT', 'PCS', '-', 'PCS', NULL, NULL, NULL, 0, 'OTC', 0, 15000.00, 15000.00, 'RAK C-RAK C3', 20, 0, '2026-01-13 02:39:58', '2026-01-13 02:39:58'),
(585, 'ALK-0002', 'CEK ASAM URAT', 'CEK ASAM URAT', 'PCS', '-', 'PCS', NULL, NULL, NULL, 0, 'OTC', 0, 15000.00, 15000.00, 'RAK G-RAK G2', 1, 0, '2026-01-13 02:54:10', '2026-01-13 02:54:10'),
(586, 'SRP-0007', 'ETAFEN SYRUP 60ML', 'ETAFEN SYRUP 60ML', 'BTL', '-', 'BTL', NULL, NULL, NULL, 0, 'OTC', 0, 6500.00, 8000.00, 'RAK C-RAK C3', 5, 0, '2026-01-13 02:56:03', '2026-01-13 02:56:03'),
(587, 'OBT-0001', 'PARAMEX TABLET', 'PARAMEX TABLET', 'TABLET', '-', 'PAPAN', NULL, NULL, NULL, 0, 'BEBAS_TERBATAS', 0, 2160.00, 3500.00, 'RAK F3', 50, 0, '2026-01-13 03:00:11', '2026-01-13 03:00:11'),
(588, 'OBT-0002', 'NEW DIATAB', 'NEW DIATAB', 'TABLET', '-', 'PAPAN', NULL, NULL, NULL, 0, 'BEBAS_TERBATAS', 0, 2480.00, 3500.00, 'RAKF-RAKF1', 25, 0, '2026-01-13 03:01:39', '2026-01-13 03:01:39'),
(589, 'OBT-0003', 'MKP LANG 60ML', 'MKP LANG 60ML', 'BTL', '-', 'BTL', NULL, NULL, NULL, 0, 'BEBAS_TERBATAS', 0, 19000.00, 24000.00, 'RAKF-RAKF1', 5, 0, '2026-01-13 03:04:42', '2026-01-13 03:04:42'),
(590, 'OBT-0004', 'MY BABY TELON 60ML', 'MY BABY TELON 60ML', 'BTL', '-', 'BTL', NULL, NULL, NULL, 0, 'OTC', 0, 14000.00, 19000.00, 'RAKF-RAKF1', 5, 0, '2026-01-13 03:07:08', '2026-01-13 03:07:08'),
(591, 'OBT-0005', 'MY BABY TELON 90ML', 'MY BABY TELON 90ML', 'BTL', '-', 'BTL', NULL, NULL, NULL, 0, 'OTC', 0, 19000.00, 25000.00, 'RAKF-RAKF1', 5, 0, '2026-01-13 03:08:08', '2026-01-13 03:08:08'),
(592, 'TOP-0001', 'ACYCLOVIR SALEP 5GR', 'ACYCLOVIR SALEP 5GR', 'SALEP/KRIM', '-', 'TUBE', NULL, NULL, NULL, 0, 'BEBAS_TERBATAS', 0, 3500.00, 6000.00, 'RAK D - RAK D4', 10, 0, '2026-01-13 03:09:29', '2026-01-13 03:09:29'),
(593, 'SRP-0008', 'COOLING-5', 'COOLING-5', 'BTL', '-', 'BTL', NULL, NULL, NULL, 0, 'BEBAS_TERBATAS', 0, 34000.00, 43000.00, 'RAK C-RAK C3', 3, 0, '2026-01-13 03:12:27', '2026-01-13 03:12:27'),
(594, 'SRP-0009', 'NOVAMOX SYRUP 60ML', 'NOVAMOX SYRUP 60ML', 'BTL', '-', 'BTL', NULL, NULL, NULL, 0, 'BEBAS_TERBATAS', 0, 6000.00, 12000.00, 'RAK C-RAK C3', 3, 0, '2026-01-13 03:14:51', '2026-01-13 03:14:51'),
(595, 'OBT-0006', 'AZITHROMYCIN CAPSUL 500MG', 'AZITHROMYCIN CAPSUL 500MG', 'TABLET', '-', 'TABLET', NULL, NULL, NULL, 0, 'BEBAS_TERBATAS', 0, 3750.00, 6000.00, 'RAK D - RAK D4', 40, 0, '2026-01-13 03:17:19', '2026-01-13 03:17:19'),
(596, 'OBT-0007', 'GLIMEPIRIDE 4MG TABLET', 'GLIMEPIRIDE 4MG TABLET', 'TABLET', '-', 'TABLET', NULL, NULL, NULL, 0, 'BEBAS_TERBATAS', 0, 300.00, 500.00, 'RAK D - RAK D4', 200, 0, '2026-01-13 03:18:45', '2026-01-13 03:18:45'),
(597, 'OBT-0008', 'ALLERON TABLET', 'ALLERON TABLET', 'TABLET', '-', 'TABLET', NULL, NULL, NULL, 0, 'BEBAS_TERBATAS', 0, 125.00, 300.00, 'RAK D - RAK D4', 200, 0, '2026-01-13 03:20:21', '2026-01-13 03:20:21'),
(598, 'OBT-0009', 'BECOM-C TABLET', 'BECOM-C TABLET', 'TABLET', '-', 'TABLET', NULL, NULL, NULL, 0, 'BEBAS_TERBATAS', 0, 1750.00, 2400.00, 'RAK G-RAK G2', 100, 0, '2026-01-13 04:27:33', '2026-01-13 04:27:33'),
(599, 'OBT-00010', 'CENDO XYTROL MD', 'CENDO XYTROL MD', 'PCS', '-', 'PCS', NULL, NULL, NULL, 0, 'BEBAS_TERBATAS', 0, 5100.00, 7500.00, 'RAK B - RAK B2', 25, 0, '2026-01-13 04:28:59', '2026-01-13 04:28:59'),
(600, 'TOP-0002', 'THROMBOPHOP GEL 10GR', 'THROMBOPHOP GEL 10GR', 'SALEP/KRIM', '-', 'TUBE', NULL, NULL, NULL, 0, 'BEBAS_TERBATAS', 0, 43000.00, 54000.00, 'RAK B - RAK B2', 3, 0, '2026-01-13 04:30:24', '2026-01-13 04:30:24'),
(601, 'OBT-00011', 'CENDO CENFRESH MD', 'CENDO CENFRESH MD', 'PCS', '-', 'PCS', NULL, NULL, NULL, 0, 'BEBAS_TERBATAS', 0, 4400.00, 6000.00, 'RAK B - RAK B2', 10, 0, '2026-01-13 04:32:04', '2026-01-13 04:32:04'),
(602, 'OBT-00012', 'DOLO NEUROBION TABLET', 'DOLO NEUROBION TABLET', 'TABLET', '-', 'TABLET', NULL, NULL, NULL, 0, 'BEBAS_TERBATAS', 0, 22500.00, 28000.00, 'RAK D - RAK D4', 100, 0, '2026-01-13 04:33:15', '2026-01-13 04:33:15'),
(603, 'TOP-0003', 'VENTOLIN NEBULES', 'VENTOLIN NEBULES', 'PCS', '-', 'PCS', NULL, NULL, NULL, 0, 'BEBAS_TERBATAS', 0, 18000.00, 22000.00, 'RAK B - RAK B2', 10, 0, '2026-01-13 04:34:28', '2026-01-13 04:34:28'),
(604, 'ALK-0003', 'CEK CHOLESTROL', 'CEK CHOLESTROL', 'PCS', '-', 'PCS', NULL, NULL, NULL, 0, 'OTC', 0, 15000.00, 25000.00, 'RAK B - RAK B2', 10, 0, '2026-01-13 05:14:08', '2026-01-13 05:14:08'),
(605, 'ALK-004', 'CEK GULA', 'CEK GULA', 'PCS', '-', 'PCS', NULL, NULL, NULL, 0, 'OTC', 0, 3000.00, 10000.00, 'RAK G-RAK G2', 25, 0, '2026-01-13 05:15:49', '2026-01-13 05:15:49'),
(606, 'ALK-005', 'CEK ASAM- URAT', 'CEK ASAM -URAT', 'PCS', '-', 'PCS', NULL, NULL, NULL, 0, 'OTC', 0, 3600.00, 15000.00, 'RAK C-RAK C3', 25, 0, '2026-01-13 05:17:14', '2026-01-13 05:17:14'),
(607, 'OBT000', 'MOLEXFLU TABLET', 'MOLEXFLU TABLET', 'TABLET', '-', 'TABLET', NULL, NULL, NULL, 0, 'BEBAS_TERBATAS', 0, 6600.00, 8000.00, 'RAK B - RAK B2', 150, 0, '2026-01-13 08:13:11', '2026-01-13 08:13:11'),
(608, 'OBT0000', 'SPUIT 1CC', 'SPUIT 1CC', 'PCS', '-', 'PCS', NULL, NULL, NULL, 0, 'OTC', 0, 1000.00, 3000.00, 'RAK D - RAK D4', 50, 0, '2026-01-13 08:29:56', '2026-01-13 08:29:56');

-- --------------------------------------------------------

--
-- Table structure for table `purchases`
--

CREATE TABLE `purchases` (
  `id` bigint(20) UNSIGNED NOT NULL,
  `supplier_id` bigint(20) UNSIGNED NOT NULL,
  `invoice_no` varchar(100) NOT NULL,
  `date` date NOT NULL,
  `discount` decimal(15,2) NOT NULL DEFAULT 0.00,
  `total` decimal(15,2) NOT NULL DEFAULT 0.00,
  `due_date` date DEFAULT NULL,
  `status` enum('POSTED','CONSIGNMENT') NOT NULL DEFAULT 'POSTED',
  `is_consignment` tinyint(1) NOT NULL DEFAULT 0,
  `created_at` timestamp NULL DEFAULT NULL,
  `updated_at` timestamp NULL DEFAULT NULL
) ENGINE=InnoDB DEFAULT CHARSET=utf8mb4 COLLATE=utf8mb4_unicode_ci;

--
-- Dumping data for table `purchases`
--

INSERT INTO `purchases` (`id`, `supplier_id`, `invoice_no`, `date`, `discount`, `total`, `due_date`, `status`, `is_consignment`, `created_at`, `updated_at`) VALUES
(1, 1, 'inv123', '2026-01-10', 20000.00, 80000.00, '2026-02-09', 'POSTED', 0, '2026-01-10 12:00:58', '2026-01-10 12:11:31'),
(2, 1, '-', '2026-01-12', 445.00, 29555.00, '2026-02-11', 'POSTED', 0, '2026-01-12 07:14:07', '2026-01-12 07:14:38'),
(3, 2, '-', '2026-01-09', 0.00, 24000.00, '2026-02-08', 'POSTED', 0, '2026-01-12 10:55:10', '2026-01-12 10:55:10'),
(12, 2, '000EB', '2026-01-09', 0.00, 80000.00, '2026-02-08', 'POSTED', 0, '2026-01-13 02:07:32', '2026-01-13 02:07:32'),
(13, 1, '0001', '2026-01-13', 0.00, 15000.00, '2026-02-12', 'POSTED', 0, '2026-01-13 02:41:58', '2026-01-13 02:41:58'),
(14, 2, '0002', '2026-01-09', 0.00, 136000.00, '2026-02-08', 'POSTED', 0, '2026-01-13 02:52:19', '2026-01-13 02:52:19'),
(15, 2, '0003', '2026-01-09', 0.00, 24000.00, '2026-02-08', 'POSTED', 0, '2026-01-13 03:25:23', '2026-01-13 03:25:23'),
(16, 2, '0004', '2026-01-09', 18000.00, 18000.00, '2026-02-08', 'POSTED', 0, '2026-01-13 03:34:30', '2026-01-13 03:38:38'),
(17, 2, '0005', '2026-01-09', 7500.00, 16500.00, '2026-02-08', 'POSTED', 0, '2026-01-13 03:47:57', '2026-01-13 03:47:57'),
(18, 2, '0006', '2026-01-09', 28500.00, 139500.00, '2026-02-08', 'POSTED', 0, '2026-01-13 03:53:01', '2026-01-13 03:53:01'),
(19, 2, '0007', '2026-01-09', 18000.00, 86000.00, '2026-02-08', 'POSTED', 0, '2026-01-13 03:54:43', '2026-01-13 03:54:43'),
(21, 2, '0008', '2026-01-09', 25500.00, 62000.00, '2026-02-08', 'POSTED', 0, '2026-01-13 03:57:38', '2026-01-13 03:57:38'),
(22, 2, '0009', '2026-01-09', 67000.00, 108000.00, '2026-02-08', 'POSTED', 0, '2026-01-13 03:59:31', '2026-01-13 03:59:31'),
(24, 2, '00010', '2026-01-09', 15000.00, 57000.00, '2026-02-08', 'POSTED', 0, '2026-01-13 04:02:50', '2026-01-13 04:02:50'),
(25, 2, '000011', '2026-01-09', 15000.00, 42000.00, '2026-02-08', 'POSTED', 0, '2026-01-13 04:04:47', '2026-01-13 04:04:47'),
(26, 2, '00012', '2026-01-09', 18000.00, 57000.00, '2026-02-08', 'POSTED', 0, '2026-01-13 04:09:32', '2026-01-13 04:09:32'),
(27, 2, '00013', '2026-01-09', 25000.00, 35000.00, '2026-02-08', 'POSTED', 0, '2026-01-13 04:10:58', '2026-01-13 04:10:58'),
(28, 2, '00014', '2026-01-09', 18000.00, 68000.00, '2026-02-08', 'POSTED', 0, '2026-01-13 04:12:54', '2026-01-13 04:12:54'),
(29, 2, '00015', '2026-01-09', 90000.00, 150000.00, '2026-02-08', 'POSTED', 0, '2026-01-13 04:15:20', '2026-01-13 04:15:20'),
(33, 2, '00016', '2026-01-09', 40000.00, 60000.00, '2026-02-08', 'POSTED', 0, '2026-01-13 04:18:05', '2026-01-13 04:18:05'),
(34, 2, '00017', '2026-01-09', 35000.00, 25000.00, '2026-02-08', 'POSTED', 0, '2026-01-13 04:20:46', '2026-01-13 04:20:46'),
(35, 2, '000013', '2026-01-09', 55000.00, 2745000.00, '2026-02-08', 'POSTED', 0, '2026-01-13 04:37:07', '2026-01-13 04:37:07'),
(36, 2, '000014', '2026-01-09', 20000.00, 90000.00, '2026-02-08', 'POSTED', 0, '2026-01-13 04:40:07', '2026-01-13 04:40:07'),
(38, 2, '000015', '2026-01-09', 70000.00, 95000.00, '2026-02-08', 'POSTED', 0, '2026-01-13 04:43:54', '2026-01-13 04:43:54'),
(41, 2, '00018', '2026-01-09', 75000.00, 175000.00, '2026-02-08', 'POSTED', 0, '2026-01-13 04:45:57', '2026-01-13 04:45:57'),
(43, 2, '000017', '2026-01-09', 60000.00, 127500.00, '2026-02-08', 'POSTED', 0, '2026-01-13 04:48:10', '2026-01-13 04:48:10'),
(45, 2, '000018', '2026-01-09', 60000.00, 127500.00, '2026-02-08', 'POSTED', 0, '2026-01-13 04:48:18', '2026-01-13 04:48:18'),
(46, 2, '000019', '2026-01-09', 65000.00, 190000.00, '2026-02-08', 'POSTED', 0, '2026-01-13 04:50:59', '2026-01-13 04:50:59'),
(47, 2, '000020', '2026-01-09', 200000.00, 1000000.00, '2026-02-08', 'POSTED', 0, '2026-01-13 04:53:03', '2026-01-13 04:53:03'),
(48, 2, '000021', '2026-01-09', 8000.00, 472000.00, '2026-02-08', 'POSTED', 0, '2026-01-13 04:55:16', '2026-01-13 04:55:16'),
(49, 2, '000022', '2026-01-09', 33000.00, 129000.00, '2026-02-08', 'POSTED', 0, '2026-01-13 04:56:34', '2026-01-13 04:56:34'),
(50, 2, '000023', '2026-01-09', 16000.00, 44000.00, '2026-02-08', 'POSTED', 0, '2026-01-13 04:58:25', '2026-01-13 04:58:25'),
(52, 2, '000025', '2026-01-09', 285000.00, 90000.00, '2026-02-08', 'POSTED', 0, '2026-01-13 05:19:23', '2026-01-13 05:19:23'),
(53, 2, '00026', '2026-01-09', 350000.00, 150000.00, '2026-02-08', 'POSTED', 0, '2026-01-13 05:21:18', '2026-01-13 05:21:18'),
(54, 2, '00027', '2026-01-09', 160000.00, 90000.00, '2026-02-08', 'POSTED', 0, '2026-01-13 05:22:58', '2026-01-13 05:22:58'),
(55, 1, '00005', '2026-01-13', 0.00, 39000.00, '2026-02-12', 'POSTED', 0, '2026-01-13 07:53:26', '2026-01-13 07:53:26'),
(59, 2, '000027', '2026-01-13', 0.00, 24000.00, '2026-02-12', 'POSTED', 0, '2026-01-13 08:02:57', '2026-01-13 08:02:57'),
(60, 1, '000027', '2026-01-13', 0.00, 120000.00, '2026-02-12', 'POSTED', 0, '2026-01-13 08:14:21', '2026-01-13 08:14:21'),
(61, 1, '000043', '2026-01-13', 0.00, 150000.00, '2026-02-12', 'POSTED', 0, '2026-01-13 08:31:36', '2026-01-13 08:31:36'),
(63, 1, '000028', '2026-12-04', 9200.00, 40800.00, '2027-01-03', 'POSTED', 0, '2026-01-13 08:41:36', '2026-01-13 08:41:36'),
(64, 1, '000029', '2026-10-03', 14360.00, 65140.00, '2026-11-02', 'POSTED', 0, '2026-01-13 08:56:43', '2026-01-13 08:56:43'),
(66, 1, '000030', '2026-01-06', 5200.00, 20800.00, '2026-02-05', 'POSTED', 0, '2026-01-13 09:24:38', '2026-01-13 09:24:38'),
(68, 1, '0000301', '2026-01-06', 33715.00, 150285.00, '2026-02-05', 'POSTED', 0, '2026-01-14 05:55:45', '2026-01-14 06:26:11'),
(69, 1, '000031', '2026-01-06', 8450.00, 46550.00, '2026-02-05', 'POSTED', 0, '2026-01-14 06:30:17', '2026-01-14 06:30:17'),
(70, 1, '00032', '2026-01-06', 27500.00, 12500.00, '2026-02-05', 'POSTED', 0, '2026-01-14 06:33:02', '2026-01-14 06:33:02'),
(71, 1, '00033', '2026-01-06', 30000.00, 90000.00, '2026-02-05', 'POSTED', 0, '2026-01-14 06:35:21', '2026-01-14 06:35:21'),
(72, 1, '00034', '2026-01-06', 35000.00, 15000.00, '2026-02-05', 'POSTED', 0, '2026-01-14 06:37:56', '2026-01-14 06:37:56'),
(74, 1, '00035', '2026-01-06', 20000.00, 40000.00, '2026-02-05', 'POSTED', 0, '2026-01-14 06:40:14', '2026-01-14 06:40:14'),
(75, 1, '00036', '2026-01-06', 10375.00, 44625.00, '2026-02-05', 'POSTED', 0, '2026-01-14 06:42:39', '2026-01-14 06:42:39'),
(77, 1, '00037', '2026-01-06', 15000.00, 60000.00, '2026-02-05', 'POSTED', 0, '2026-01-14 06:44:54', '2026-01-14 06:44:54'),
(79, 1, '00038', '2026-01-06', 24200.00, 85800.00, '2026-02-05', 'POSTED', 0, '2026-01-14 06:47:40', '2026-01-14 06:47:40'),
(82, 1, '00039', '2026-01-06', 60600.00, 59400.00, '2026-02-05', 'POSTED', 0, '2026-01-14 06:58:14', '2026-01-14 06:58:14'),
(85, 1, '00040', '2026-01-06', 2154.00, 5846.00, '2026-02-05', 'POSTED', 0, '2026-01-14 07:09:46', '2026-01-14 07:09:46'),
(87, 1, '00041', '2026-01-06', 19200.00, 10800.00, '2026-02-05', 'POSTED', 0, '2026-01-14 07:34:01', '2026-01-14 07:34:01'),
(89, 1, '00042', '2026-01-06', 10490.00, 31510.00, '2026-02-05', 'POSTED', 0, '2026-01-14 07:37:27', '2026-01-14 07:37:27'),
(91, 1, '00043', '2026-01-06', 8185.00, 21815.00, '2026-02-05', 'POSTED', 0, '2026-01-14 07:39:46', '2026-01-14 07:39:46'),
(92, 1, '00067', '2026-01-14', 14000.00, 11000.00, '2026-02-13', 'POSTED', 0, '2026-01-14 07:53:52', '2026-01-14 07:53:52'),
(93, 1, '0029', '2027-01-02', 8000.00, 27000.00, '2027-02-01', 'POSTED', 0, '2026-01-14 08:19:17', '2026-01-14 08:19:17'),
(95, 1, '0030', '2027-12-05', 4650.00, 31350.00, '2028-01-04', 'POSTED', 0, '2026-01-14 08:28:18', '2026-01-14 08:28:18'),
(96, 1, '0031', '2027-01-10', 11076.00, 42924.00, '2027-02-09', 'POSTED', 0, '2026-01-14 08:34:42', '2026-01-14 08:34:42');

-- --------------------------------------------------------

--
-- Table structure for table `purchase_items`
--

CREATE TABLE `purchase_items` (
  `id` bigint(20) UNSIGNED NOT NULL,
  `purchase_id` bigint(20) UNSIGNED NOT NULL,
  `product_id` bigint(20) UNSIGNED NOT NULL,
  `batch_no` varchar(100) NOT NULL,
  `expired_date` date DEFAULT NULL,
  `qty` int(11) NOT NULL,
  `bonus_qty` int(11) NOT NULL DEFAULT 0,
  `cost_price` decimal(15,2) NOT NULL,
  `created_at` timestamp NULL DEFAULT NULL,
  `updated_at` timestamp NULL DEFAULT NULL
) ENGINE=InnoDB DEFAULT CHARSET=utf8mb4 COLLATE=utf8mb4_unicode_ci;

--
-- Dumping data for table `purchase_items`
--

INSERT INTO `purchase_items` (`id`, `purchase_id`, `product_id`, `batch_no`, `expired_date`, `qty`, `bonus_qty`, `cost_price`, `created_at`, `updated_at`) VALUES
(2, 1, 320, 'hps123', '2027-09-10', 100, 0, 1000.00, '2026-01-10 12:11:31', '2026-01-10 12:11:31'),
(4, 2, 565, '-', '2027-04-09', 5, 0, 6000.00, '2026-01-12 07:14:38', '2026-01-12 07:14:38'),
(5, 3, 577, '25B01110', '2027-10-06', 2, 0, 12000.00, '2026-01-12 10:55:10', '2026-01-12 10:55:10'),
(6, 12, 579, '25B01110', '2027-02-17', 8, 0, 10000.00, '2026-01-13 02:07:32', '2026-01-13 02:07:32'),
(7, 13, 584, '00001', '2027-08-13', 1, 0, 15000.00, '2026-01-13 02:41:58', '2026-01-13 02:41:58'),
(8, 14, 581, '25B01111', '2027-08-13', 2, 0, 28000.00, '2026-01-13 02:52:19', '2026-01-13 02:52:19'),
(9, 14, 582, '25B01112', '2027-06-10', 2, 0, 10000.00, '2026-01-13 02:52:19', '2026-01-13 02:52:19'),
(10, 14, 583, '25B01113', '2027-06-14', 2, 0, 10000.00, '2026-01-13 02:52:19', '2026-01-13 02:52:19'),
(11, 14, 113, '25BO114', '2027-10-14', 100, 0, 400.00, '2026-01-13 02:52:19', '2026-01-13 02:52:19'),
(12, 15, 586, 'H25A61', '2027-07-08', 3, 0, 8000.00, '2026-01-13 03:25:23', '2026-01-13 03:25:23'),
(14, 16, 594, '256HJI99', '2027-09-04', 3, 0, 12000.00, '2026-01-13 03:38:38', '2026-01-13 03:38:38'),
(15, 17, 580, 'RHHY6668', '2027-05-29', 3, 0, 8000.00, '2026-01-13 03:47:57', '2026-01-13 03:47:57'),
(16, 18, 578, 'KH78M0', '2027-05-15', 3, 0, 56000.00, '2026-01-13 03:53:01', '2026-01-13 03:53:01'),
(17, 19, 251, 'BH9000', '2027-05-15', 2, 0, 52000.00, '2026-01-13 03:54:43', '2026-01-13 03:54:43'),
(18, 21, 588, 'BH005G', '2028-03-20', 25, 0, 3500.00, '2026-01-13 03:57:38', '2026-01-13 03:57:38'),
(19, 22, 587, 'BH7701', '2028-03-05', 50, 0, 3500.00, '2026-01-13 03:59:31', '2026-01-13 03:59:31'),
(20, 24, 589, 'RHHY6668', '2027-04-10', 3, 0, 24000.00, '2026-01-13 04:02:50', '2026-01-13 04:02:50'),
(21, 25, 590, '25B01110', '2027-07-17', 3, 0, 19000.00, '2026-01-13 04:04:47', '2026-01-13 04:04:47'),
(22, 26, 591, 'II8900P', '2027-04-13', 3, 0, 25000.00, '2026-01-13 04:09:32', '2026-01-13 04:09:32'),
(23, 27, 592, '2566MMI', '2027-04-22', 10, 0, 6000.00, '2026-01-13 04:10:58', '2026-01-13 04:10:58'),
(24, 28, 593, '25B0781', '2027-04-30', 2, 0, 43000.00, '2026-01-13 04:12:55', '2026-01-13 04:12:55'),
(25, 29, 595, '257HY11', '2027-06-12', 40, 0, 6000.00, '2026-01-13 04:15:20', '2026-01-13 04:15:20'),
(26, 33, 596, '245NN110', '2027-12-17', 200, 0, 500.00, '2026-01-13 04:18:05', '2026-01-13 04:18:05'),
(27, 34, 597, '25811KMM', '2027-04-17', 200, 0, 300.00, '2026-01-13 04:20:46', '2026-01-13 04:20:46'),
(28, 35, 602, '25132701', '2027-06-26', 100, 0, 28000.00, '2026-01-13 04:37:07', '2026-01-13 04:37:07'),
(29, 36, 603, '251380H', '2027-04-14', 5, 0, 22000.00, '2026-01-13 04:40:07', '2026-01-13 04:40:07'),
(30, 38, 83, '76NN110', '2027-05-20', 150, 0, 1100.00, '2026-01-13 04:43:54', '2026-01-13 04:43:54'),
(31, 41, 598, '254BB021', '2027-04-21', 100, 0, 2500.00, '2026-01-13 04:45:57', '2026-01-13 04:45:57'),
(32, 43, 599, '25NNN80', '2027-04-16', 25, 0, 7500.00, '2026-01-13 04:48:10', '2026-01-13 04:48:10'),
(33, 45, 599, '25NNN80', '2027-04-16', 25, 0, 7500.00, '2026-01-13 04:48:18', '2026-01-13 04:48:18'),
(34, 46, 118, '24500011', '2026-01-09', 30, 0, 8500.00, '2026-01-13 04:50:59', '2026-01-13 04:50:59'),
(35, 47, 345, '244000FT', '2027-05-21', 25, 0, 48000.00, '2026-01-13 04:53:03', '2026-01-13 04:53:03'),
(36, 48, 124, '25880F4', '2027-05-20', 40, 0, 12000.00, '2026-01-13 04:55:16', '2026-01-13 04:55:16'),
(37, 49, 600, '27880011', '2026-01-09', 3, 0, 54000.00, '2026-01-13 04:56:34', '2026-01-13 04:56:34'),
(38, 50, 601, '24GG67', '2026-01-09', 10, 0, 6000.00, '2026-01-13 04:58:25', '2026-01-13 04:58:25'),
(39, 52, 606, 'U25105080', '2027-06-11', 25, 0, 15000.00, '2026-01-13 05:19:23', '2026-01-13 05:19:23'),
(40, 53, 605, 'G25202080', '2027-09-23', 50, 0, 10000.00, '2026-01-13 05:21:18', '2026-01-13 05:21:18'),
(41, 54, 604, 'C25108070', '2027-01-21', 10, 0, 25000.00, '2026-01-13 05:22:58', '2026-01-13 05:22:58'),
(42, 55, 564, '34722000J', '2026-07-10', 3, 0, 13000.00, '2026-01-13 07:53:26', '2026-01-13 07:53:26'),
(43, 59, 576, '23MMM000', '2026-07-25', 2, 0, 12000.00, '2026-01-13 08:02:57', '2026-01-13 08:02:57'),
(44, 60, 607, '24500MM', '2026-10-03', 150, 0, 800.00, '2026-01-13 08:14:21', '2026-01-13 08:14:21'),
(45, 61, 608, 'MMU8890', '2027-07-16', 50, 0, 3000.00, '2026-01-13 08:31:36', '2026-01-13 08:31:36'),
(46, 63, 557, '890000K', '2027-03-13', 2, 0, 25000.00, '2026-01-13 08:41:36', '2026-01-13 08:41:36'),
(47, 64, 558, '25B011110', '2027-03-05', 3, 0, 26500.00, '2026-01-13 08:56:43', '2026-01-13 08:56:43'),
(48, 66, 559, '2500010K', '2027-03-05', 2, 0, 13000.00, '2026-01-13 09:24:38', '2026-01-13 09:24:38'),
(51, 68, 560, 'fk9793', '2027-10-16', 8, 0, 23000.00, '2026-01-14 06:26:11', '2026-01-14 06:26:11'),
(52, 69, 561, '51396298g1', '2027-05-18', 2, 0, 27500.00, '2026-01-14 06:30:17', '2026-01-14 06:30:17'),
(53, 70, 75, '25j008', '2029-10-01', 100, 0, 400.00, '2026-01-14 06:33:02', '2026-01-14 06:33:02'),
(54, 71, 72, 'tamxb55566', '2027-07-01', 200, 0, 600.00, '2026-01-14 06:35:21', '2026-01-14 06:35:21'),
(55, 72, 74, '25J007', '2029-10-01', 100, 0, 500.00, '2026-01-14 06:37:56', '2026-01-14 06:37:56'),
(56, 74, 86, 'E51501', '2028-07-13', 200, 0, 300.00, '2026-01-14 06:40:14', '2026-01-14 06:40:14'),
(57, 75, 101, 'EIH132', '2027-08-01', 50, 0, 1100.00, '2026-01-14 06:42:39', '2026-01-14 06:42:39'),
(58, 77, 562, '2500236', '2027-05-01', 5, 0, 15000.00, '2026-01-14 06:44:54', '2026-01-14 06:44:54'),
(59, 79, 91, 'KCFMC52152', '2027-05-01', 100, 0, 1100.00, '2026-01-14 06:47:40', '2026-01-14 06:47:40'),
(60, 82, 133, '0725217', '2027-07-01', 300, 0, 400.00, '2026-01-14 06:58:14', '2026-01-14 06:58:14'),
(61, 85, 563, '245JJU9', '2027-02-01', 1, 0, 8000.00, '2026-01-14 07:09:46', '2026-01-14 07:09:46'),
(62, 87, 341, '130510', '2028-09-01', 100, 0, 300.00, '2026-01-14 07:34:01', '2026-01-14 07:34:01'),
(63, 89, 564, '23000DE', '2027-02-01', 3, 0, 14000.00, '2026-01-14 07:37:27', '2026-01-14 07:37:27'),
(64, 91, 565, 'KTPPOCB54409', '2027-08-01', 5, 0, 6000.00, '2026-01-14 07:39:46', '2026-01-14 07:39:46'),
(65, 92, 567, 'LCJ3254', '2026-01-06', 5, 0, 5000.00, '2026-01-14 07:53:52', '2026-01-14 07:53:52'),
(66, 93, 336, '5B15', '2027-01-02', 5, 0, 7000.00, '2026-01-14 08:19:17', '2026-01-14 08:19:17'),
(67, 95, 10, '19052025', '2027-12-05', 2, 0, 18000.00, '2026-01-14 08:28:18', '2026-01-14 08:28:18'),
(68, 96, 569, 'FK9832', '2027-01-10', 3, 0, 18000.00, '2026-01-14 08:34:42', '2026-01-14 08:34:42');

-- --------------------------------------------------------

--
-- Table structure for table `roles`
--

CREATE TABLE `roles` (
  `id` bigint(20) UNSIGNED NOT NULL,
  `name` varchar(255) NOT NULL,
  `guard_name` varchar(255) NOT NULL,
  `created_at` timestamp NULL DEFAULT NULL,
  `updated_at` timestamp NULL DEFAULT NULL
) ENGINE=InnoDB DEFAULT CHARSET=utf8mb4 COLLATE=utf8mb4_unicode_ci;

--
-- Dumping data for table `roles`
--

INSERT INTO `roles` (`id`, `name`, `guard_name`, `created_at`, `updated_at`) VALUES
(1, 'owner', 'web', '2026-01-06 06:39:53', '2026-01-06 06:39:53'),
(2, 'kasir', 'web', '2026-01-06 06:39:53', '2026-01-06 06:39:53'),
(3, 'admin_gudang', 'web', '2026-01-06 06:39:53', '2026-01-06 06:39:53');

-- --------------------------------------------------------

--
-- Table structure for table `role_has_permissions`
--

CREATE TABLE `role_has_permissions` (
  `permission_id` bigint(20) UNSIGNED NOT NULL,
  `role_id` bigint(20) UNSIGNED NOT NULL
) ENGINE=InnoDB DEFAULT CHARSET=utf8mb4 COLLATE=utf8mb4_unicode_ci;

-- --------------------------------------------------------

--
-- Table structure for table `sales`
--

CREATE TABLE `sales` (
  `id` bigint(20) UNSIGNED NOT NULL,
  `invoice_no` varchar(50) NOT NULL,
  `user_id` bigint(20) UNSIGNED NOT NULL,
  `shift_id` bigint(20) UNSIGNED DEFAULT NULL,
  `sale_date` timestamp NOT NULL DEFAULT current_timestamp() ON UPDATE current_timestamp(),
  `payment_method` enum('CASH','NON_CASH') NOT NULL DEFAULT 'CASH',
  `subtotal` decimal(15,2) NOT NULL DEFAULT 0.00,
  `discount_total` decimal(15,2) NOT NULL DEFAULT 0.00,
  `total` decimal(15,2) NOT NULL DEFAULT 0.00,
  `paid_amount` decimal(15,2) NOT NULL DEFAULT 0.00,
  `change_amount` decimal(15,2) NOT NULL DEFAULT 0.00,
  `no_resep` varchar(100) DEFAULT NULL,
  `dokter` varchar(150) DEFAULT NULL,
  `catatan` text DEFAULT NULL,
  `is_cancelled` tinyint(1) NOT NULL DEFAULT 0,
  `cancelled_at` timestamp NULL DEFAULT NULL,
  `created_at` timestamp NULL DEFAULT NULL,
  `updated_at` timestamp NULL DEFAULT NULL,
  `cancelled_by` bigint(20) UNSIGNED DEFAULT NULL,
  `cancel_reason` text DEFAULT NULL
) ENGINE=InnoDB DEFAULT CHARSET=utf8mb4 COLLATE=utf8mb4_unicode_ci;

--
-- Dumping data for table `sales`
--

INSERT INTO `sales` (`id`, `invoice_no`, `user_id`, `shift_id`, `sale_date`, `payment_method`, `subtotal`, `discount_total`, `total`, `paid_amount`, `change_amount`, `no_resep`, `dokter`, `catatan`, `is_cancelled`, `cancelled_at`, `created_at`, `updated_at`, `cancelled_by`, `cancel_reason`) VALUES
(16, 'POS-20260108110027-355', 4, 6, '2026-01-08 04:00:27', 'CASH', 91000.00, 0.00, 91000.00, 0.00, 0.00, NULL, NULL, NULL, 0, NULL, '2026-01-08 04:00:27', '2026-01-08 04:00:27', NULL, NULL),
(17, 'POS-20260108110200-766', 4, 6, '2026-01-08 04:02:00', 'CASH', 30000.00, 0.00, 30000.00, 0.00, 0.00, NULL, NULL, NULL, 0, NULL, '2026-01-08 04:02:00', '2026-01-08 04:02:00', NULL, NULL),
(18, 'POS-20260109081119-480', 4, 8, '2026-01-09 01:11:19', 'CASH', 22500.00, 0.00, 22500.00, 0.00, 0.00, NULL, NULL, NULL, 0, NULL, '2026-01-09 01:11:19', '2026-01-09 01:11:19', NULL, NULL),
(19, 'POS-20260109104454-544', 4, 8, '2026-01-09 03:44:54', 'CASH', 28000.00, 0.00, 28000.00, 0.00, 0.00, NULL, NULL, NULL, 0, NULL, '2026-01-09 03:44:54', '2026-01-09 03:44:54', NULL, NULL),
(20, 'POS-20260109174933-414', 5, 9, '2026-01-09 10:49:33', 'CASH', 13000.00, 0.00, 13000.00, 0.00, 0.00, NULL, NULL, NULL, 0, NULL, '2026-01-09 10:49:33', '2026-01-09 10:49:33', NULL, NULL),
(21, 'POS-20260110104742-802', 4, 10, '2026-01-10 03:47:42', 'CASH', 36000.00, 0.00, 36000.00, 0.00, 0.00, NULL, NULL, NULL, 0, NULL, '2026-01-10 03:47:42', '2026-01-10 03:47:42', NULL, NULL),
(22, 'POS-20260110110501-246', 4, 10, '2026-01-10 04:05:01', 'CASH', 500.00, 0.00, 500.00, 0.00, 0.00, NULL, NULL, NULL, 0, NULL, '2026-01-10 04:05:01', '2026-01-10 04:05:01', NULL, NULL),
(23, 'POS-20260110110554-887', 4, 10, '2026-01-10 04:05:54', 'CASH', 4500.00, 0.00, 4500.00, 0.00, 0.00, NULL, NULL, NULL, 0, NULL, '2026-01-10 04:05:54', '2026-01-10 04:05:54', NULL, NULL),
(24, 'POS-20260110122449-251', 4, 10, '2026-01-10 05:24:49', 'CASH', 24000.00, 0.00, 24000.00, 0.00, 0.00, NULL, NULL, NULL, 0, NULL, '2026-01-10 05:24:49', '2026-01-10 05:24:49', NULL, NULL),
(25, 'POS-20260110161344-160', 5, 9, '2026-01-10 09:13:44', 'CASH', 24000.00, 0.00, 24000.00, 0.00, 0.00, NULL, NULL, NULL, 0, NULL, '2026-01-10 09:13:44', '2026-01-10 09:13:44', NULL, NULL),
(26, 'POS-20260110161902-167', 5, 9, '2026-01-10 09:19:02', 'CASH', 5000.00, 0.00, 5000.00, 0.00, 0.00, NULL, NULL, NULL, 0, NULL, '2026-01-10 09:19:02', '2026-01-10 09:19:02', NULL, NULL),
(27, 'POS-20260110161959-223', 5, 9, '2026-01-10 09:19:59', 'CASH', 5000.00, 0.00, 5000.00, 0.00, 0.00, NULL, NULL, NULL, 0, NULL, '2026-01-10 09:19:59', '2026-01-10 09:19:59', NULL, NULL),
(28, 'POS-20260110162239-339', 5, 9, '2026-01-10 09:22:39', 'CASH', 30000.00, 0.00, 30000.00, 0.00, 0.00, NULL, NULL, NULL, 0, NULL, '2026-01-10 09:22:39', '2026-01-10 09:22:39', NULL, NULL),
(29, 'POS-20260110165840-817', 5, 9, '2026-01-10 09:58:40', 'CASH', 12000.00, 0.00, 12000.00, 0.00, 0.00, NULL, NULL, NULL, 0, NULL, '2026-01-10 09:58:40', '2026-01-10 09:58:40', NULL, NULL),
(30, 'POS-20260110170109-996', 5, 9, '2026-01-10 10:01:09', 'CASH', 7000.00, 0.00, 7000.00, 0.00, 0.00, NULL, NULL, NULL, 0, NULL, '2026-01-10 10:01:09', '2026-01-10 10:01:09', NULL, NULL),
(31, 'POS-20260110180231-788', 5, 9, '2026-01-10 11:02:31', 'CASH', 59000.00, 0.00, 59000.00, 0.00, 0.00, NULL, NULL, NULL, 0, NULL, '2026-01-10 11:02:31', '2026-01-10 11:02:31', NULL, NULL),
(32, 'POS-20260110195045-119', 5, 9, '2026-01-10 12:50:45', 'CASH', 115000.00, 0.00, 115000.00, 0.00, 0.00, NULL, NULL, NULL, 0, NULL, '2026-01-10 12:50:45', '2026-01-10 12:50:45', NULL, NULL),
(33, 'POS-20260110195330-259', 5, 9, '2026-01-10 12:53:30', 'CASH', 30000.00, 0.00, 30000.00, 0.00, 0.00, NULL, NULL, NULL, 0, NULL, '2026-01-10 12:53:30', '2026-01-10 12:53:30', NULL, NULL),
(34, 'POS-20260110201222-873', 5, 9, '2026-01-10 13:12:22', 'CASH', 1000.00, 0.00, 1000.00, 0.00, 0.00, NULL, NULL, NULL, 0, NULL, '2026-01-10 13:12:22', '2026-01-10 13:12:22', NULL, NULL),
(35, 'POS-20260112100613-518', 5, 9, '2026-01-13 07:30:55', 'CASH', 10000.00, 0.00, 10000.00, 0.00, 0.00, NULL, NULL, NULL, 1, '2026-01-13 07:30:55', '2026-01-12 03:06:13', '2026-01-13 07:30:55', 1, 'INPUT ULANG'),
(36, 'POS-20260112100621-412', 5, 9, '2026-01-12 07:01:47', 'CASH', 10000.00, 0.00, 10000.00, 0.00, 0.00, NULL, NULL, NULL, 1, '2026-01-12 07:01:47', '2026-01-12 03:06:21', '2026-01-12 07:01:47', 1, 'Transaksi duplikat'),
(37, 'POS-20260112121909-990', 5, 9, '2026-01-13 07:31:42', 'CASH', 9000.00, 0.00, 9000.00, 0.00, 0.00, NULL, NULL, NULL, 1, '2026-01-13 07:31:42', '2026-01-12 05:19:09', '2026-01-13 07:31:42', 1, 'INPUT PENJUALAN ULANG'),
(38, 'POS-20260112122045-793', 5, 9, '2026-01-13 07:32:26', 'CASH', 6000.00, 0.00, 6000.00, 0.00, 0.00, NULL, NULL, NULL, 1, '2026-01-13 07:32:26', '2026-01-12 05:20:45', '2026-01-13 07:32:26', 1, 'INPUT ULANG PENJUALAN'),
(39, 'POS-20260112151238-426', 5, 9, '2026-01-13 07:33:06', 'CASH', 6000.00, 0.00, 6000.00, 0.00, 0.00, NULL, NULL, NULL, 1, '2026-01-13 07:33:06', '2026-01-12 08:12:38', '2026-01-13 07:33:06', 1, 'INPUT ULANG PENJUALAN'),
(40, 'POS-20260112153143-830', 5, 9, '2026-01-13 07:33:49', 'CASH', 15000.00, 0.00, 15000.00, 0.00, 0.00, NULL, NULL, NULL, 1, '2026-01-13 07:33:49', '2026-01-12 08:31:43', '2026-01-13 07:33:49', 1, 'INPUT ULANG PENJUALAN TGL 12 JANUARI'),
(41, 'POS-20260112153220-382', 5, 9, '2026-01-13 07:34:27', 'CASH', 12000.00, 0.00, 12000.00, 0.00, 0.00, NULL, NULL, NULL, 1, '2026-01-13 07:34:27', '2026-01-12 08:32:20', '2026-01-13 07:34:27', 1, 'INPUT ULANG PENJUALAN TGL 12 JANUARI'),
(42, 'POS-20260112161330-144', 5, 9, '2026-01-13 07:35:05', 'CASH', 7000.00, 0.00, 7000.00, 0.00, 0.00, NULL, NULL, NULL, 1, '2026-01-13 07:35:05', '2026-01-12 09:13:30', '2026-01-13 07:35:05', 1, 'INPUT ULANG PENJUALAN TGL 12 JANUARI'),
(43, 'POS-20260112175607-897', 5, 9, '2026-01-13 07:35:51', 'CASH', 16000.00, 0.00, 16000.00, 0.00, 0.00, NULL, NULL, NULL, 1, '2026-01-13 07:35:51', '2026-01-12 10:56:07', '2026-01-13 07:35:51', 1, 'INPUT ULANG PENJUALAN 12 JANUARI'),
(44, 'POS-20260112182456-147', 5, 9, '2026-01-13 07:36:30', 'CASH', 11000.00, 0.00, 11000.00, 0.00, 0.00, NULL, NULL, NULL, 1, '2026-01-13 07:36:30', '2026-01-12 11:24:56', '2026-01-13 07:36:30', 1, 'INPUT ULANG PENJUALAN TGL 12 JANUARI'),
(45, 'POS-20260112192012-196', 5, 9, '2026-01-13 07:37:06', 'CASH', 69000.00, 0.00, 69000.00, 0.00, 0.00, NULL, NULL, NULL, 1, '2026-01-13 07:37:06', '2026-01-12 12:20:12', '2026-01-13 07:37:06', 1, 'INPUT ULANG PENJUALAN TGL 12 JANUARI'),
(46, 'POS-20260112192135-413', 5, 9, '2026-01-13 07:28:02', 'CASH', 51000.00, 0.00, 51000.00, 0.00, 0.00, NULL, NULL, NULL, 1, '2026-01-13 07:28:02', '2026-01-12 12:21:35', '2026-01-13 07:28:02', 1, 'Transaksi duplikat'),
(47, 'POS-20260113094325-623', 5, 11, '2026-01-13 02:43:25', 'CASH', 22000.00, 0.00, 22000.00, 0.00, 0.00, NULL, NULL, NULL, 0, NULL, '2026-01-13 02:43:25', '2026-01-13 02:43:25', NULL, NULL),
(48, 'POS-20260113102748-766', 5, 11, '2026-01-13 03:27:48', 'CASH', 4000.00, 0.00, 4000.00, 0.00, 0.00, NULL, NULL, NULL, 0, NULL, '2026-01-13 03:27:48', '2026-01-13 03:27:48', NULL, NULL),
(49, 'POS-20260113102926-964', 5, 11, '2026-01-13 03:29:26', 'CASH', 14000.00, 0.00, 14000.00, 0.00, 0.00, NULL, NULL, NULL, 0, NULL, '2026-01-13 03:29:26', '2026-01-13 03:29:26', NULL, NULL),
(50, 'POS-20260113120037-131', 5, 11, '2026-01-13 05:00:37', 'CASH', 88500.00, 0.00, 88500.00, 0.00, 0.00, NULL, NULL, NULL, 0, NULL, '2026-01-13 05:00:37', '2026-01-13 05:00:37', NULL, NULL),
(51, 'POS-20260113122640-675', 5, 11, '2026-01-13 05:26:40', 'CASH', 15000.00, 0.00, 15000.00, 0.00, 0.00, NULL, NULL, NULL, 0, NULL, '2026-01-13 05:26:40', '2026-01-13 05:26:40', NULL, NULL),
(52, 'POS-20260113144749-613', 5, 12, '2026-01-13 07:47:49', 'CASH', 42000.00, 0.00, 42000.00, 0.00, 0.00, NULL, NULL, NULL, 0, NULL, '2026-01-13 07:47:49', '2026-01-13 07:47:49', NULL, NULL),
(53, 'POS-20260113144829-896', 5, 12, '2026-01-13 07:48:29', 'CASH', 10000.00, 0.00, 10000.00, 0.00, 0.00, NULL, NULL, NULL, 0, NULL, '2026-01-13 07:48:29', '2026-01-13 07:48:29', NULL, NULL),
(54, 'POS-20260113150409-532', 5, 12, '2026-01-13 08:04:09', 'CASH', 37000.00, 0.00, 37000.00, 0.00, 0.00, NULL, NULL, NULL, 0, NULL, '2026-01-13 08:04:09', '2026-01-13 08:04:09', NULL, NULL),
(55, 'POS-20260113150515-315', 5, 12, '2026-01-13 08:05:15', 'CASH', 15000.00, 0.00, 15000.00, 0.00, 0.00, NULL, NULL, NULL, 0, NULL, '2026-01-13 08:05:15', '2026-01-13 08:05:15', NULL, NULL),
(56, 'POS-20260113150540-361', 5, 12, '2026-01-13 08:05:40', 'CASH', 4000.00, 0.00, 4000.00, 0.00, 0.00, NULL, NULL, NULL, 0, NULL, '2026-01-13 08:05:40', '2026-01-13 08:05:40', NULL, NULL),
(57, 'POS-20260113150609-217', 5, 12, '2026-01-13 08:06:09', 'CASH', 16000.00, 0.00, 16000.00, 0.00, 0.00, NULL, NULL, NULL, 0, NULL, '2026-01-13 08:06:09', '2026-01-13 08:06:09', NULL, NULL),
(58, 'POS-20260113150654-101', 5, 12, '2026-01-13 08:06:54', 'CASH', 8000.00, 0.00, 8000.00, 0.00, 0.00, NULL, NULL, NULL, 0, NULL, '2026-01-13 08:06:54', '2026-01-13 08:06:54', NULL, NULL),
(59, 'POS-20260113150733-685', 5, 12, '2026-01-13 08:07:33', 'CASH', 6000.00, 0.00, 6000.00, 0.00, 0.00, NULL, NULL, NULL, 0, NULL, '2026-01-13 08:07:33', '2026-01-13 08:07:33', NULL, NULL),
(60, 'POS-20260113151737-307', 5, 12, '2026-01-13 08:17:37', 'CASH', 91000.00, 0.00, 91000.00, 0.00, 0.00, NULL, NULL, NULL, 0, NULL, '2026-01-13 08:17:37', '2026-01-13 08:17:37', NULL, NULL),
(61, 'POS-20260113151908-502', 5, 12, '2026-01-13 08:19:08', 'CASH', 23000.00, 0.00, 23000.00, 0.00, 0.00, NULL, NULL, NULL, 0, NULL, '2026-01-13 08:19:08', '2026-01-13 08:19:08', NULL, NULL),
(62, 'POS-20260113152329-308', 5, 12, '2026-01-13 08:23:29', 'CASH', 57000.00, 0.00, 57000.00, 0.00, 0.00, NULL, NULL, NULL, 0, NULL, '2026-01-13 08:23:29', '2026-01-13 08:23:29', NULL, NULL),
(63, 'POS-20260113152745-295', 5, 12, '2026-01-13 08:27:45', 'CASH', 32000.00, 0.00, 32000.00, 0.00, 0.00, NULL, NULL, NULL, 0, NULL, '2026-01-13 08:27:45', '2026-01-13 08:27:45', NULL, NULL),
(64, 'POS-20260113153234-584', 5, 12, '2026-01-13 08:32:34', 'CASH', 48000.00, 0.00, 48000.00, 0.00, 0.00, NULL, NULL, NULL, 0, NULL, '2026-01-13 08:32:34', '2026-01-13 08:32:34', NULL, NULL),
(65, 'POS-20260113154337-150', 5, 12, '2026-01-13 08:43:37', 'CASH', 25000.00, 0.00, 25000.00, 0.00, 0.00, NULL, NULL, NULL, 0, NULL, '2026-01-13 08:43:37', '2026-01-13 08:43:37', NULL, NULL),
(66, 'POS-20260113161346-648', 4, 13, '2026-01-13 09:13:46', 'CASH', 54000.00, 0.00, 54000.00, 0.00, 0.00, NULL, NULL, NULL, 0, NULL, '2026-01-13 09:13:46', '2026-01-13 09:13:46', NULL, NULL),
(67, 'POS-20260113171625-248', 4, 13, '2026-01-13 10:16:25', 'CASH', 34000.00, 0.00, 34000.00, 0.00, 0.00, NULL, NULL, NULL, 0, NULL, '2026-01-13 10:16:25', '2026-01-13 10:16:25', NULL, NULL),
(68, 'POS-20260113182301-500', 4, 13, '2026-01-13 11:23:01', 'CASH', 48000.00, 0.00, 48000.00, 0.00, 0.00, NULL, NULL, NULL, 0, NULL, '2026-01-13 11:23:01', '2026-01-13 11:23:01', NULL, NULL),
(69, 'POS-20260113182340-525', 4, 13, '2026-01-13 11:23:40', 'CASH', 12000.00, 0.00, 12000.00, 0.00, 0.00, NULL, NULL, NULL, 0, NULL, '2026-01-13 11:23:40', '2026-01-13 11:23:40', NULL, NULL),
(70, 'POS-20260113182421-289', 4, 13, '2026-01-13 11:24:21', 'CASH', 54500.00, 0.00, 54500.00, 0.00, 0.00, NULL, NULL, NULL, 0, NULL, '2026-01-13 11:24:21', '2026-01-13 11:24:21', NULL, NULL),
(71, 'POS-20260113195623-714', 4, 13, '2026-01-13 12:56:23', 'CASH', 5000.00, 0.00, 5000.00, 0.00, 0.00, NULL, NULL, NULL, 0, NULL, '2026-01-13 12:56:23', '2026-01-13 12:56:23', NULL, NULL),
(72, 'POS-20260114084714-795', 5, 15, '2026-01-14 01:47:14', 'CASH', 21000.00, 0.00, 21000.00, 0.00, 0.00, NULL, NULL, NULL, 0, NULL, '2026-01-14 01:47:14', '2026-01-14 01:47:14', NULL, NULL),
(73, 'POS-20260114095909-328', 5, 15, '2026-01-14 02:59:09', 'CASH', 15000.00, 0.00, 15000.00, 0.00, 0.00, NULL, NULL, NULL, 0, NULL, '2026-01-14 02:59:09', '2026-01-14 02:59:09', NULL, NULL),
(74, 'POS-20260114102741-524', 5, 15, '2026-01-14 03:27:41', 'CASH', 4000.00, 0.00, 4000.00, 0.00, 0.00, NULL, NULL, NULL, 0, NULL, '2026-01-14 03:27:41', '2026-01-14 03:27:41', NULL, NULL),
(75, 'POS-20260114105348-177', 5, 15, '2026-01-14 03:53:48', 'CASH', 10000.00, 0.00, 10000.00, 0.00, 0.00, NULL, NULL, NULL, 0, NULL, '2026-01-14 03:53:48', '2026-01-14 03:53:48', NULL, NULL),
(76, 'POS-20260114122956-241', 5, 15, '2026-01-14 05:29:56', 'CASH', 16500.00, 0.00, 16500.00, 0.00, 0.00, NULL, NULL, NULL, 0, NULL, '2026-01-14 05:29:56', '2026-01-14 05:29:56', NULL, NULL),
(77, 'POS-20260114134902-294', 5, 15, '2026-01-14 06:49:02', 'CASH', 10000.00, 0.00, 10000.00, 0.00, 0.00, NULL, NULL, NULL, 0, NULL, '2026-01-14 06:49:02', '2026-01-14 06:49:02', NULL, NULL),
(78, 'POS-20260114151258-208', 4, 16, '2026-01-14 08:12:58', 'CASH', 35000.00, 0.00, 35000.00, 0.00, 0.00, NULL, NULL, NULL, 0, NULL, '2026-01-14 08:12:58', '2026-01-14 08:12:58', NULL, NULL),
(79, 'POS-20260114151327-562', 4, 16, '2026-01-14 08:13:27', 'CASH', 20000.00, 0.00, 20000.00, 0.00, 0.00, NULL, NULL, NULL, 0, NULL, '2026-01-14 08:13:27', '2026-01-14 08:13:27', NULL, NULL),
(80, 'POS-20260114153533-178', 4, 16, '2026-01-14 08:35:33', 'CASH', 26500.00, 0.00, 26500.00, 0.00, 0.00, NULL, NULL, NULL, 0, NULL, '2026-01-14 08:35:33', '2026-01-14 08:35:33', NULL, NULL),
(81, 'POS-20260114153932-258', 4, 16, '2026-01-14 08:39:32', 'CASH', 4000.00, 0.00, 4000.00, 0.00, 0.00, NULL, NULL, NULL, 0, NULL, '2026-01-14 08:39:32', '2026-01-14 08:39:32', NULL, NULL);

-- --------------------------------------------------------

--
-- Table structure for table `sale_items`
--

CREATE TABLE `sale_items` (
  `id` bigint(20) UNSIGNED NOT NULL,
  `sale_id` bigint(20) UNSIGNED NOT NULL,
  `product_id` bigint(20) UNSIGNED NOT NULL,
  `qty` int(11) NOT NULL,
  `price` decimal(15,2) NOT NULL,
  `discount` decimal(15,2) NOT NULL DEFAULT 0.00,
  `line_total` decimal(15,2) NOT NULL,
  `created_at` timestamp NULL DEFAULT NULL,
  `updated_at` timestamp NULL DEFAULT NULL
) ENGINE=InnoDB DEFAULT CHARSET=utf8mb4 COLLATE=utf8mb4_unicode_ci;

--
-- Dumping data for table `sale_items`
--

INSERT INTO `sale_items` (`id`, `sale_id`, `product_id`, `qty`, `price`, `discount`, `line_total`, `created_at`, `updated_at`) VALUES
(37, 16, 23, 1, 91000.00, 0.00, 91000.00, '2026-01-08 04:00:27', '2026-01-08 04:00:27'),
(38, 17, 162, 1, 6000.00, 0.00, 6000.00, '2026-01-08 04:02:00', '2026-01-08 04:02:00'),
(39, 17, 290, 1, 19000.00, 0.00, 19000.00, '2026-01-08 04:02:00', '2026-01-08 04:02:00'),
(40, 17, 485, 1, 5000.00, 0.00, 5000.00, '2026-01-08 04:02:00', '2026-01-08 04:02:00'),
(41, 18, 519, 1, 8500.00, 0.00, 8500.00, '2026-01-09 01:11:19', '2026-01-09 01:11:19'),
(42, 18, 448, 1, 14000.00, 0.00, 14000.00, '2026-01-09 01:11:19', '2026-01-09 01:11:19'),
(43, 19, 448, 1, 14000.00, 0.00, 14000.00, '2026-01-09 03:44:55', '2026-01-09 03:44:55'),
(44, 19, 493, 1, 6000.00, 0.00, 6000.00, '2026-01-09 03:44:55', '2026-01-09 03:44:55'),
(45, 19, 237, 1, 8000.00, 0.00, 8000.00, '2026-01-09 03:44:55', '2026-01-09 03:44:55'),
(46, 20, 523, 1, 13000.00, 0.00, 13000.00, '2026-01-09 10:49:33', '2026-01-09 10:49:33'),
(47, 21, 124, 20, 800.00, 0.00, 16000.00, '2026-01-10 03:47:42', '2026-01-10 03:47:42'),
(48, 21, 104, 20, 400.00, 0.00, 8000.00, '2026-01-10 03:47:42', '2026-01-10 03:47:42'),
(49, 21, 98, 20, 600.00, 0.00, 12000.00, '2026-01-10 03:47:42', '2026-01-10 03:47:42'),
(50, 22, 143, 1, 500.00, 0.00, 500.00, '2026-01-10 04:05:01', '2026-01-10 04:05:01'),
(51, 23, 143, 9, 500.00, 0.00, 4500.00, '2026-01-10 04:05:54', '2026-01-10 04:05:54'),
(52, 24, 388, 1, 6000.00, 0.00, 6000.00, '2026-01-10 05:24:49', '2026-01-10 05:24:49'),
(53, 24, 390, 1, 18000.00, 0.00, 18000.00, '2026-01-10 05:24:49', '2026-01-10 05:24:49'),
(54, 25, 390, 1, 18000.00, 0.00, 18000.00, '2026-01-10 09:13:44', '2026-01-10 09:13:44'),
(55, 25, 67, 1, 6000.00, 0.00, 6000.00, '2026-01-10 09:13:44', '2026-01-10 09:13:44'),
(56, 26, 87, 10, 500.00, 0.00, 5000.00, '2026-01-10 09:19:02', '2026-01-10 09:19:02'),
(57, 27, 137, 10, 500.00, 0.00, 5000.00, '2026-01-10 09:19:59', '2026-01-10 09:19:59'),
(58, 28, 78, 20, 600.00, 0.00, 12000.00, '2026-01-10 09:22:39', '2026-01-10 09:22:39'),
(59, 28, 103, 20, 500.00, 0.00, 10000.00, '2026-01-10 09:22:39', '2026-01-10 09:22:39'),
(60, 28, 155, 20, 400.00, 0.00, 8000.00, '2026-01-10 09:22:39', '2026-01-10 09:22:39'),
(61, 29, 343, 3, 4000.00, 0.00, 12000.00, '2026-01-10 09:58:40', '2026-01-10 09:58:40'),
(62, 30, 148, 5, 1400.00, 0.00, 7000.00, '2026-01-10 10:01:09', '2026-01-10 10:01:09'),
(63, 31, 378, 2, 25000.00, 0.00, 50000.00, '2026-01-10 11:02:31', '2026-01-10 11:02:31'),
(64, 31, 115, 10, 400.00, 0.00, 4000.00, '2026-01-10 11:02:31', '2026-01-10 11:02:31'),
(65, 31, 130, 10, 500.00, 0.00, 5000.00, '2026-01-10 11:02:31', '2026-01-10 11:02:31'),
(66, 32, 378, 1, 25000.00, 0.00, 25000.00, '2026-01-10 12:50:45', '2026-01-10 12:50:45'),
(67, 32, 115, 10, 400.00, 0.00, 4000.00, '2026-01-10 12:50:45', '2026-01-10 12:50:45'),
(68, 32, 96, 10, 1400.00, 0.00, 14000.00, '2026-01-10 12:50:45', '2026-01-10 12:50:45'),
(69, 32, 510, 1, 4000.00, 0.00, 4000.00, '2026-01-10 12:50:45', '2026-01-10 12:50:45'),
(70, 32, 513, 2, 3000.00, 0.00, 6000.00, '2026-01-10 12:50:45', '2026-01-10 12:50:45'),
(71, 32, 507, 2, 3000.00, 0.00, 6000.00, '2026-01-10 12:50:45', '2026-01-10 12:50:45'),
(72, 32, 354, 1, 30000.00, 0.00, 30000.00, '2026-01-10 12:50:45', '2026-01-10 12:50:45'),
(73, 32, 427, 1, 26000.00, 0.00, 26000.00, '2026-01-10 12:50:45', '2026-01-10 12:50:45'),
(74, 33, 77, 10, 500.00, 0.00, 5000.00, '2026-01-10 12:53:30', '2026-01-10 12:53:30'),
(75, 33, 131, 10, 700.00, 0.00, 7000.00, '2026-01-10 12:53:30', '2026-01-10 12:53:30'),
(76, 33, 130, 10, 500.00, 0.00, 5000.00, '2026-01-10 12:53:30', '2026-01-10 12:53:30'),
(77, 33, 289, 1, 6000.00, 0.00, 6000.00, '2026-01-10 12:53:30', '2026-01-10 12:53:30'),
(78, 33, 110, 10, 700.00, 0.00, 7000.00, '2026-01-10 12:53:30', '2026-01-10 12:53:30'),
(79, 34, 357, 1, 1000.00, 0.00, 1000.00, '2026-01-10 13:12:22', '2026-01-10 13:12:22'),
(80, 35, 214, 1, 10000.00, 0.00, 10000.00, '2026-01-12 03:06:13', '2026-01-12 03:06:13'),
(81, 36, 214, 1, 10000.00, 0.00, 10000.00, '2026-01-12 03:06:21', '2026-01-12 03:06:21'),
(82, 37, 103, 10, 500.00, 0.00, 5000.00, '2026-01-12 05:19:09', '2026-01-12 05:19:09'),
(83, 37, 155, 10, 400.00, 0.00, 4000.00, '2026-01-12 05:19:09', '2026-01-12 05:19:09'),
(84, 38, 78, 10, 600.00, 0.00, 6000.00, '2026-01-12 05:20:45', '2026-01-12 05:20:45'),
(85, 39, 565, 1, 6000.00, 0.00, 6000.00, '2026-01-12 08:12:38', '2026-01-12 08:12:38'),
(86, 40, 331, 1, 15000.00, 0.00, 15000.00, '2026-01-12 08:31:43', '2026-01-12 08:31:43'),
(87, 41, 570, 4, 3000.00, 0.00, 12000.00, '2026-01-12 08:32:20', '2026-01-12 08:32:20'),
(88, 42, 72, 10, 600.00, 0.00, 6000.00, '2026-01-12 09:13:30', '2026-01-12 09:13:30'),
(89, 42, 320, 1, 1000.00, 0.00, 1000.00, '2026-01-12 09:13:30', '2026-01-12 09:13:30'),
(90, 43, 577, 1, 16000.00, 0.00, 16000.00, '2026-01-12 10:56:07', '2026-01-12 10:56:07'),
(91, 44, 93, 10, 600.00, 0.00, 6000.00, '2026-01-12 11:24:56', '2026-01-12 11:24:56'),
(92, 44, 77, 10, 500.00, 0.00, 5000.00, '2026-01-12 11:24:56', '2026-01-12 11:24:56'),
(93, 45, 345, 1, 48000.00, 0.00, 48000.00, '2026-01-12 12:20:12', '2026-01-12 12:20:12'),
(94, 45, 565, 1, 6000.00, 0.00, 6000.00, '2026-01-12 12:20:12', '2026-01-12 12:20:12'),
(95, 45, 331, 1, 15000.00, 0.00, 15000.00, '2026-01-12 12:20:12', '2026-01-12 12:20:12'),
(96, 46, 93, 10, 600.00, 0.00, 6000.00, '2026-01-12 12:21:35', '2026-01-12 12:21:35'),
(97, 46, 335, 2, 22500.00, 0.00, 45000.00, '2026-01-12 12:21:35', '2026-01-12 12:21:35'),
(98, 47, 79, 10, 300.00, 0.00, 3000.00, '2026-01-13 02:43:25', '2026-01-13 02:43:25'),
(99, 47, 584, 1, 15000.00, 0.00, 15000.00, '2026-01-13 02:43:25', '2026-01-13 02:43:25'),
(100, 47, 104, 10, 400.00, 0.00, 4000.00, '2026-01-13 02:43:25', '2026-01-13 02:43:25'),
(101, 48, 106, 10, 400.00, 0.00, 4000.00, '2026-01-13 03:27:48', '2026-01-13 03:27:48'),
(102, 49, 92, 10, 1400.00, 0.00, 14000.00, '2026-01-13 03:29:26', '2026-01-13 03:29:26'),
(103, 50, 225, 1, 88500.00, 0.00, 88500.00, '2026-01-13 05:00:37', '2026-01-13 05:00:37'),
(104, 51, 606, 1, 15000.00, 0.00, 15000.00, '2026-01-13 05:26:40', '2026-01-13 05:26:40'),
(105, 52, 565, 2, 6000.00, 0.00, 12000.00, '2026-01-13 07:47:49', '2026-01-13 07:47:49'),
(106, 52, 331, 2, 15000.00, 0.00, 30000.00, '2026-01-13 07:47:49', '2026-01-13 07:47:49'),
(107, 53, 214, 1, 10000.00, 0.00, 10000.00, '2026-01-13 07:48:29', '2026-01-13 07:48:29'),
(108, 54, 564, 1, 13000.00, 0.00, 13000.00, '2026-01-13 08:04:09', '2026-01-13 08:04:09'),
(109, 54, 570, 4, 3000.00, 0.00, 12000.00, '2026-01-13 08:04:09', '2026-01-13 08:04:09'),
(110, 54, 576, 1, 12000.00, 0.00, 12000.00, '2026-01-13 08:04:09', '2026-01-13 08:04:09'),
(111, 55, 78, 10, 600.00, 0.00, 6000.00, '2026-01-13 08:05:15', '2026-01-13 08:05:15'),
(112, 55, 155, 10, 400.00, 0.00, 4000.00, '2026-01-13 08:05:15', '2026-01-13 08:05:15'),
(113, 55, 103, 10, 500.00, 0.00, 5000.00, '2026-01-13 08:05:15', '2026-01-13 08:05:15'),
(114, 56, 155, 10, 400.00, 0.00, 4000.00, '2026-01-13 08:05:40', '2026-01-13 08:05:40'),
(115, 57, 577, 1, 16000.00, 0.00, 16000.00, '2026-01-13 08:06:09', '2026-01-13 08:06:09'),
(116, 58, 131, 10, 700.00, 0.00, 7000.00, '2026-01-13 08:06:54', '2026-01-13 08:06:54'),
(117, 58, 320, 1, 1000.00, 0.00, 1000.00, '2026-01-13 08:06:54', '2026-01-13 08:06:54'),
(118, 59, 72, 10, 600.00, 0.00, 6000.00, '2026-01-13 08:07:33', '2026-01-13 08:07:33'),
(119, 60, 93, 10, 600.00, 0.00, 6000.00, '2026-01-13 08:17:37', '2026-01-13 08:17:37'),
(120, 60, 77, 10, 500.00, 0.00, 5000.00, '2026-01-13 08:17:37', '2026-01-13 08:17:37'),
(121, 60, 607, 1, 8000.00, 0.00, 8000.00, '2026-01-13 08:17:37', '2026-01-13 08:17:37'),
(122, 60, 345, 1, 48000.00, 0.00, 48000.00, '2026-01-13 08:17:37', '2026-01-13 08:17:37'),
(123, 60, 589, 1, 24000.00, 0.00, 24000.00, '2026-01-13 08:17:37', '2026-01-13 08:17:37'),
(124, 61, 579, 1, 10000.00, 0.00, 10000.00, '2026-01-13 08:19:08', '2026-01-13 08:19:08'),
(125, 61, 115, 10, 400.00, 0.00, 4000.00, '2026-01-13 08:19:08', '2026-01-13 08:19:08'),
(126, 61, 341, 1, 3000.00, 0.00, 3000.00, '2026-01-13 08:19:08', '2026-01-13 08:19:08'),
(127, 61, 93, 10, 600.00, 0.00, 6000.00, '2026-01-13 08:19:08', '2026-01-13 08:19:08'),
(128, 62, 602, 1, 28000.00, 0.00, 28000.00, '2026-01-13 08:23:30', '2026-01-13 08:23:30'),
(129, 62, 131, 10, 700.00, 0.00, 7000.00, '2026-01-13 08:23:30', '2026-01-13 08:23:30'),
(130, 62, 270, 1, 22000.00, 0.00, 22000.00, '2026-01-13 08:23:30', '2026-01-13 08:23:30'),
(131, 63, 603, 1, 22000.00, 0.00, 22000.00, '2026-01-13 08:27:45', '2026-01-13 08:27:45'),
(132, 63, 214, 1, 10000.00, 0.00, 10000.00, '2026-01-13 08:27:45', '2026-01-13 08:27:45'),
(133, 64, 608, 1, 3000.00, 0.00, 3000.00, '2026-01-13 08:32:34', '2026-01-13 08:32:34'),
(134, 64, 335, 2, 22500.00, 0.00, 45000.00, '2026-01-13 08:32:34', '2026-01-13 08:32:34'),
(135, 65, 557, 1, 25000.00, 0.00, 25000.00, '2026-01-13 08:43:37', '2026-01-13 08:43:37'),
(136, 66, 214, 1, 10000.00, 0.00, 10000.00, '2026-01-13 09:13:46', '2026-01-13 09:13:46'),
(137, 66, 215, 1, 19000.00, 0.00, 19000.00, '2026-01-13 09:13:46', '2026-01-13 09:13:46'),
(138, 66, 174, 1, 25000.00, 0.00, 25000.00, '2026-01-13 09:13:46', '2026-01-13 09:13:46'),
(139, 67, 95, 4, 8500.00, 0.00, 34000.00, '2026-01-13 10:16:25', '2026-01-13 10:16:25'),
(140, 68, 345, 1, 48000.00, 0.00, 48000.00, '2026-01-13 11:23:01', '2026-01-13 11:23:01'),
(141, 69, 217, 2, 6000.00, 0.00, 12000.00, '2026-01-13 11:23:40', '2026-01-13 11:23:40'),
(142, 70, 581, 1, 28000.00, 0.00, 28000.00, '2026-01-13 11:24:21', '2026-01-13 11:24:21'),
(143, 70, 558, 1, 26500.00, 0.00, 26500.00, '2026-01-13 11:24:21', '2026-01-13 11:24:21'),
(144, 71, 283, 1, 5000.00, 0.00, 5000.00, '2026-01-13 12:56:23', '2026-01-13 12:56:23'),
(145, 72, 122, 10, 2100.00, 0.00, 21000.00, '2026-01-14 01:47:14', '2026-01-14 01:47:14'),
(146, 73, 449, 1, 14000.00, 0.00, 14000.00, '2026-01-14 02:59:09', '2026-01-14 02:59:09'),
(147, 73, 320, 1, 1000.00, 0.00, 1000.00, '2026-01-14 02:59:10', '2026-01-14 02:59:10'),
(148, 74, 106, 10, 400.00, 0.00, 4000.00, '2026-01-14 03:27:41', '2026-01-14 03:27:41'),
(149, 75, 531, 1, 10000.00, 0.00, 10000.00, '2026-01-14 03:53:48', '2026-01-14 03:53:48'),
(150, 76, 95, 1, 8500.00, 0.00, 8500.00, '2026-01-14 05:29:56', '2026-01-14 05:29:56'),
(151, 76, 141, 2, 4000.00, 0.00, 8000.00, '2026-01-14 05:29:56', '2026-01-14 05:29:56'),
(152, 77, 267, 1, 10000.00, 0.00, 10000.00, '2026-01-14 06:49:02', '2026-01-14 06:49:02'),
(153, 78, 272, 1, 21000.00, 0.00, 21000.00, '2026-01-14 08:12:58', '2026-01-14 08:12:58'),
(154, 78, 96, 10, 1400.00, 0.00, 14000.00, '2026-01-14 08:12:58', '2026-01-14 08:12:58'),
(155, 79, 329, 1, 20000.00, 0.00, 20000.00, '2026-01-14 08:13:27', '2026-01-14 08:13:27'),
(156, 80, 558, 1, 26500.00, 0.00, 26500.00, '2026-01-14 08:35:33', '2026-01-14 08:35:33'),
(157, 81, 75, 10, 400.00, 0.00, 4000.00, '2026-01-14 08:39:32', '2026-01-14 08:39:32');

-- --------------------------------------------------------

--
-- Table structure for table `sale_item_batches`
--

CREATE TABLE `sale_item_batches` (
  `id` bigint(20) UNSIGNED NOT NULL,
  `sale_item_id` bigint(20) UNSIGNED NOT NULL,
  `stock_batch_id` bigint(20) UNSIGNED NOT NULL,
  `qty` int(11) NOT NULL,
  `created_at` timestamp NULL DEFAULT NULL,
  `updated_at` timestamp NULL DEFAULT NULL
) ENGINE=InnoDB DEFAULT CHARSET=utf8mb4 COLLATE=utf8mb4_unicode_ci;

--
-- Dumping data for table `sale_item_batches`
--

INSERT INTO `sale_item_batches` (`id`, `sale_item_id`, `stock_batch_id`, `qty`, `created_at`, `updated_at`) VALUES
(23, 37, 521, 1, '2026-01-08 04:00:27', '2026-01-08 04:00:27'),
(24, 38, 656, 1, '2026-01-08 04:02:00', '2026-01-08 04:02:00'),
(25, 39, 784, 1, '2026-01-08 04:02:00', '2026-01-08 04:02:00'),
(26, 40, 977, 1, '2026-01-08 04:02:00', '2026-01-08 04:02:00'),
(27, 41, 1011, 1, '2026-01-09 01:11:19', '2026-01-09 01:11:19'),
(28, 42, 940, 1, '2026-01-09 01:11:19', '2026-01-09 01:11:19'),
(29, 43, 940, 1, '2026-01-09 03:44:55', '2026-01-09 03:44:55'),
(30, 44, 985, 1, '2026-01-09 03:44:55', '2026-01-09 03:44:55'),
(31, 45, 731, 1, '2026-01-09 03:44:55', '2026-01-09 03:44:55'),
(32, 46, 1015, 1, '2026-01-09 10:49:33', '2026-01-09 10:49:33'),
(33, 47, 618, 20, '2026-01-10 03:47:42', '2026-01-10 03:47:42'),
(34, 48, 598, 20, '2026-01-10 03:47:42', '2026-01-10 03:47:42'),
(35, 49, 592, 20, '2026-01-10 03:47:42', '2026-01-10 03:47:42'),
(36, 50, 637, 1, '2026-01-10 04:05:01', '2026-01-10 04:05:01'),
(37, 51, 637, 9, '2026-01-10 04:05:54', '2026-01-10 04:05:54'),
(38, 52, 880, 1, '2026-01-10 05:24:49', '2026-01-10 05:24:49'),
(39, 53, 882, 1, '2026-01-10 05:24:49', '2026-01-10 05:24:49'),
(40, 54, 882, 1, '2026-01-10 09:13:44', '2026-01-10 09:13:44'),
(41, 55, 565, 1, '2026-01-10 09:13:44', '2026-01-10 09:13:44'),
(42, 56, 581, 10, '2026-01-10 09:19:02', '2026-01-10 09:19:02'),
(43, 57, 631, 10, '2026-01-10 09:19:59', '2026-01-10 09:19:59'),
(44, 58, 574, 20, '2026-01-10 09:22:39', '2026-01-10 09:22:39'),
(45, 59, 597, 20, '2026-01-10 09:22:39', '2026-01-10 09:22:39'),
(46, 60, 649, 20, '2026-01-10 09:22:39', '2026-01-10 09:22:39'),
(47, 61, 836, 3, '2026-01-10 09:58:40', '2026-01-10 09:58:40'),
(48, 62, 642, 5, '2026-01-10 10:01:09', '2026-01-10 10:01:09'),
(49, 63, 870, 2, '2026-01-10 11:02:31', '2026-01-10 11:02:31'),
(50, 64, 609, 10, '2026-01-10 11:02:31', '2026-01-10 11:02:31'),
(51, 65, 624, 10, '2026-01-10 11:02:31', '2026-01-10 11:02:31'),
(52, 66, 870, 1, '2026-01-10 12:50:45', '2026-01-10 12:50:45'),
(53, 67, 609, 10, '2026-01-10 12:50:45', '2026-01-10 12:50:45'),
(54, 68, 590, 10, '2026-01-10 12:50:45', '2026-01-10 12:50:45'),
(55, 69, 1002, 1, '2026-01-10 12:50:45', '2026-01-10 12:50:45'),
(56, 70, 1005, 2, '2026-01-10 12:50:45', '2026-01-10 12:50:45'),
(57, 71, 999, 2, '2026-01-10 12:50:45', '2026-01-10 12:50:45'),
(58, 72, 847, 1, '2026-01-10 12:50:45', '2026-01-10 12:50:45'),
(59, 73, 919, 1, '2026-01-10 12:50:45', '2026-01-10 12:50:45'),
(60, 74, 573, 10, '2026-01-10 12:53:30', '2026-01-10 12:53:30'),
(61, 75, 625, 10, '2026-01-10 12:53:30', '2026-01-10 12:53:30'),
(62, 76, 624, 10, '2026-01-10 12:53:30', '2026-01-10 12:53:30'),
(63, 77, 783, 1, '2026-01-10 12:53:30', '2026-01-10 12:53:30'),
(64, 78, 604, 10, '2026-01-10 12:53:30', '2026-01-10 12:53:30'),
(65, 79, 850, 1, '2026-01-10 13:12:22', '2026-01-10 13:12:22'),
(66, 80, 708, 1, '2026-01-12 03:06:13', '2026-01-12 03:06:13'),
(67, 81, 708, 1, '2026-01-12 03:06:21', '2026-01-12 03:06:21'),
(68, 82, 597, 10, '2026-01-12 05:19:09', '2026-01-12 05:19:09'),
(69, 83, 649, 10, '2026-01-12 05:19:09', '2026-01-12 05:19:09'),
(70, 84, 574, 10, '2026-01-12 05:20:45', '2026-01-12 05:20:45'),
(71, 85, 1048, 1, '2026-01-12 08:12:38', '2026-01-12 08:12:38'),
(72, 86, 824, 1, '2026-01-12 08:31:43', '2026-01-12 08:31:43'),
(73, 87, 1049, 4, '2026-01-12 08:32:20', '2026-01-12 08:32:20'),
(74, 88, 570, 10, '2026-01-12 09:13:30', '2026-01-12 09:13:30'),
(75, 89, 1047, 1, '2026-01-12 09:13:30', '2026-01-12 09:13:30'),
(76, 90, 1050, 1, '2026-01-12 10:56:07', '2026-01-12 10:56:07'),
(77, 91, 587, 10, '2026-01-12 11:24:56', '2026-01-12 11:24:56'),
(78, 92, 573, 10, '2026-01-12 11:24:56', '2026-01-12 11:24:56'),
(79, 93, 838, 1, '2026-01-12 12:20:12', '2026-01-12 12:20:12'),
(80, 94, 1048, 1, '2026-01-12 12:20:12', '2026-01-12 12:20:12'),
(81, 95, 824, 1, '2026-01-12 12:20:12', '2026-01-12 12:20:12'),
(82, 96, 587, 10, '2026-01-12 12:21:35', '2026-01-12 12:21:35'),
(83, 97, 828, 2, '2026-01-12 12:21:35', '2026-01-12 12:21:35'),
(84, 98, 575, 10, '2026-01-13 02:43:25', '2026-01-13 02:43:25'),
(85, 99, 1052, 1, '2026-01-13 02:43:25', '2026-01-13 02:43:25'),
(86, 100, 598, 10, '2026-01-13 02:43:25', '2026-01-13 02:43:25'),
(87, 101, 600, 10, '2026-01-13 03:27:48', '2026-01-13 03:27:48'),
(88, 102, 586, 10, '2026-01-13 03:29:26', '2026-01-13 03:29:26'),
(89, 103, 719, 1, '2026-01-13 05:00:37', '2026-01-13 05:00:37'),
(90, 104, 1082, 1, '2026-01-13 05:26:40', '2026-01-13 05:26:40'),
(91, 105, 1048, 2, '2026-01-13 07:47:49', '2026-01-13 07:47:49'),
(92, 106, 824, 2, '2026-01-13 07:47:49', '2026-01-13 07:47:49'),
(93, 107, 708, 1, '2026-01-13 07:48:29', '2026-01-13 07:48:29'),
(94, 108, 1085, 1, '2026-01-13 08:04:09', '2026-01-13 08:04:09'),
(95, 109, 1049, 4, '2026-01-13 08:04:09', '2026-01-13 08:04:09'),
(96, 110, 1086, 1, '2026-01-13 08:04:09', '2026-01-13 08:04:09'),
(97, 111, 574, 10, '2026-01-13 08:05:15', '2026-01-13 08:05:15'),
(98, 112, 649, 10, '2026-01-13 08:05:15', '2026-01-13 08:05:15'),
(99, 113, 597, 10, '2026-01-13 08:05:15', '2026-01-13 08:05:15'),
(100, 114, 649, 10, '2026-01-13 08:05:40', '2026-01-13 08:05:40'),
(101, 115, 1050, 1, '2026-01-13 08:06:09', '2026-01-13 08:06:09'),
(102, 116, 625, 10, '2026-01-13 08:06:54', '2026-01-13 08:06:54'),
(103, 117, 1047, 1, '2026-01-13 08:06:54', '2026-01-13 08:06:54'),
(104, 118, 570, 10, '2026-01-13 08:07:33', '2026-01-13 08:07:33'),
(105, 119, 587, 10, '2026-01-13 08:17:37', '2026-01-13 08:17:37'),
(106, 120, 573, 10, '2026-01-13 08:17:37', '2026-01-13 08:17:37'),
(107, 121, 1087, 1, '2026-01-13 08:17:37', '2026-01-13 08:17:37'),
(108, 122, 838, 1, '2026-01-13 08:17:37', '2026-01-13 08:17:37'),
(109, 123, 1064, 1, '2026-01-13 08:17:37', '2026-01-13 08:17:37'),
(110, 124, 1051, 1, '2026-01-13 08:19:08', '2026-01-13 08:19:08'),
(111, 125, 609, 10, '2026-01-13 08:19:08', '2026-01-13 08:19:08'),
(112, 126, 834, 1, '2026-01-13 08:19:08', '2026-01-13 08:19:08'),
(113, 127, 587, 10, '2026-01-13 08:19:08', '2026-01-13 08:19:08'),
(114, 128, 1072, 1, '2026-01-13 08:23:30', '2026-01-13 08:23:30'),
(115, 129, 625, 10, '2026-01-13 08:23:30', '2026-01-13 08:23:30'),
(116, 130, 764, 1, '2026-01-13 08:23:30', '2026-01-13 08:23:30'),
(117, 131, 1073, 1, '2026-01-13 08:27:45', '2026-01-13 08:27:45'),
(118, 132, 708, 1, '2026-01-13 08:27:45', '2026-01-13 08:27:45'),
(119, 133, 1088, 1, '2026-01-13 08:32:34', '2026-01-13 08:32:34'),
(120, 134, 828, 2, '2026-01-13 08:32:34', '2026-01-13 08:32:34'),
(121, 135, 1089, 1, '2026-01-13 08:43:37', '2026-01-13 08:43:37'),
(122, 136, 708, 1, '2026-01-13 09:13:46', '2026-01-13 09:13:46'),
(123, 137, 709, 1, '2026-01-13 09:13:46', '2026-01-13 09:13:46'),
(124, 138, 668, 1, '2026-01-13 09:13:46', '2026-01-13 09:13:46'),
(125, 139, 589, 4, '2026-01-13 10:16:25', '2026-01-13 10:16:25'),
(126, 140, 1078, 1, '2026-01-13 11:23:01', '2026-01-13 11:23:01'),
(127, 141, 711, 2, '2026-01-13 11:23:40', '2026-01-13 11:23:40'),
(128, 142, 1053, 1, '2026-01-13 11:24:21', '2026-01-13 11:24:21'),
(129, 143, 1090, 1, '2026-01-13 11:24:21', '2026-01-13 11:24:21'),
(130, 144, 777, 1, '2026-01-13 12:56:23', '2026-01-13 12:56:23'),
(131, 145, 616, 10, '2026-01-14 01:47:14', '2026-01-14 01:47:14'),
(132, 146, 941, 1, '2026-01-14 02:59:10', '2026-01-14 02:59:10'),
(133, 147, 1047, 1, '2026-01-14 02:59:10', '2026-01-14 02:59:10'),
(134, 148, 600, 10, '2026-01-14 03:27:41', '2026-01-14 03:27:41'),
(135, 149, 1023, 1, '2026-01-14 03:53:48', '2026-01-14 03:53:48'),
(136, 150, 589, 1, '2026-01-14 05:29:56', '2026-01-14 05:29:56'),
(137, 151, 635, 2, '2026-01-14 05:29:56', '2026-01-14 05:29:56'),
(138, 152, 761, 1, '2026-01-14 06:49:02', '2026-01-14 06:49:02'),
(139, 153, 766, 1, '2026-01-14 08:12:58', '2026-01-14 08:12:58'),
(140, 154, 590, 10, '2026-01-14 08:12:58', '2026-01-14 08:12:58'),
(141, 155, 822, 1, '2026-01-14 08:13:27', '2026-01-14 08:13:27'),
(142, 156, 1090, 1, '2026-01-14 08:35:33', '2026-01-14 08:35:33'),
(143, 157, 1094, 10, '2026-01-14 08:39:32', '2026-01-14 08:39:32');

-- --------------------------------------------------------

--
-- Table structure for table `sessions`
--

CREATE TABLE `sessions` (
  `id` varchar(255) NOT NULL,
  `user_id` bigint(20) UNSIGNED DEFAULT NULL,
  `ip_address` varchar(45) DEFAULT NULL,
  `user_agent` text DEFAULT NULL,
  `payload` longtext NOT NULL,
  `last_activity` int(11) NOT NULL
) ENGINE=InnoDB DEFAULT CHARSET=utf8mb4 COLLATE=utf8mb4_unicode_ci;

-- --------------------------------------------------------

--
-- Table structure for table `shifts`
--

CREATE TABLE `shifts` (
  `id` bigint(20) UNSIGNED NOT NULL,
  `user_id` bigint(20) UNSIGNED NOT NULL,
  `opened_at` timestamp NOT NULL DEFAULT current_timestamp() ON UPDATE current_timestamp(),
  `closed_at` timestamp NULL DEFAULT NULL,
  `opening_cash` decimal(15,2) NOT NULL DEFAULT 0.00,
  `closing_cash_actual` decimal(15,2) NOT NULL DEFAULT 0.00,
  `cash_expected` decimal(15,2) NOT NULL DEFAULT 0.00,
  `discrepancy` decimal(15,2) NOT NULL DEFAULT 0.00,
  `created_at` timestamp NULL DEFAULT NULL,
  `updated_at` timestamp NULL DEFAULT NULL
) ENGINE=InnoDB DEFAULT CHARSET=utf8mb4 COLLATE=utf8mb4_unicode_ci;

--
-- Dumping data for table `shifts`
--

INSERT INTO `shifts` (`id`, `user_id`, `opened_at`, `closed_at`, `opening_cash`, `closing_cash_actual`, `cash_expected`, `discrepancy`, `created_at`, `updated_at`) VALUES
(1, 5, '2026-01-06 07:50:47', '2026-01-06 07:50:47', 0.00, 0.00, 0.00, 0.00, '2026-01-06 07:49:53', '2026-01-06 07:50:47'),
(2, 5, '2026-01-06 08:08:00', '2026-01-06 08:08:00', 0.00, 0.00, 0.00, 0.00, '2026-01-06 08:07:37', '2026-01-06 08:08:00'),
(3, 5, '2026-01-08 09:26:28', '2026-01-08 09:26:28', 0.00, 0.00, 0.00, 0.00, '2026-01-06 08:08:18', '2026-01-08 09:26:28'),
(4, 4, '2026-01-07 01:15:27', '2026-01-07 01:15:27', 191000.00, 191000.00, 191000.00, 0.00, '2026-01-06 08:19:05', '2026-01-07 01:15:27'),
(5, 4, '2026-01-07 05:04:08', '2026-01-07 05:04:08', 191000.00, 204500.00, 204500.00, 0.00, '2026-01-07 01:16:16', '2026-01-07 05:04:08'),
(6, 4, '2026-01-08 09:25:22', '2026-01-08 09:25:22', 0.00, 121000.00, 121000.00, 0.00, '2026-01-08 03:47:53', '2026-01-08 09:25:22'),
(7, 5, '2026-01-09 07:01:09', '2026-01-09 07:01:09', 0.00, 0.00, 0.00, 0.00, '2026-01-08 09:26:46', '2026-01-09 07:01:09'),
(8, 4, '2026-01-09 07:00:08', '2026-01-09 07:00:08', 0.00, 50500.00, 50500.00, 0.00, '2026-01-09 00:53:02', '2026-01-09 07:00:08'),
(9, 5, '2026-01-12 12:32:07', '2026-01-12 12:32:07', 0.00, 523000.00, 523000.00, 0.00, '2026-01-09 07:01:20', '2026-01-12 12:32:07'),
(10, 4, '2026-01-13 09:11:42', '2026-01-13 09:11:42', 0.00, 65000.00, 65000.00, 0.00, '2026-01-10 01:15:03', '2026-01-13 09:11:42'),
(11, 5, '2026-01-13 07:15:02', '2026-01-13 07:15:02', 0.00, 143500.00, 143500.00, 0.00, '2026-01-13 01:25:42', '2026-01-13 07:15:02'),
(12, 5, '2026-01-13 08:49:11', '2026-01-13 08:49:11', 0.00, 414000.00, 414000.00, 0.00, '2026-01-13 07:41:46', '2026-01-13 08:49:11'),
(13, 4, '2026-01-13 12:59:26', '2026-01-13 12:59:26', 0.00, 207500.00, 207500.00, 0.00, '2026-01-13 09:11:54', '2026-01-13 12:59:26'),
(14, 1, '2026-01-13 09:26:31', NULL, 0.00, 0.00, 0.00, 0.00, '2026-01-13 09:26:31', '2026-01-13 09:26:31'),
(15, 5, '2026-01-14 01:46:11', NULL, 0.00, 0.00, 0.00, 0.00, '2026-01-14 01:46:11', '2026-01-14 01:46:11'),
(16, 4, '2026-01-14 08:08:38', NULL, 0.00, 0.00, 0.00, 0.00, '2026-01-14 08:08:38', '2026-01-14 08:08:38');

-- --------------------------------------------------------

--
-- Table structure for table `stock_batches`
--

CREATE TABLE `stock_batches` (
  `id` bigint(20) UNSIGNED NOT NULL,
  `product_id` bigint(20) UNSIGNED NOT NULL,
  `batch_no` varchar(100) NOT NULL,
  `expired_date` date DEFAULT NULL,
  `qty_on_hand` int(11) NOT NULL DEFAULT 0,
  `cost_price` decimal(15,2) NOT NULL DEFAULT 0.00,
  `received_at` date DEFAULT NULL,
  `created_at` timestamp NULL DEFAULT NULL,
  `updated_at` timestamp NULL DEFAULT NULL
) ENGINE=InnoDB DEFAULT CHARSET=utf8mb4 COLLATE=utf8mb4_unicode_ci;

--
-- Dumping data for table `stock_batches`
--

INSERT INTO `stock_batches` (`id`, `product_id`, `batch_no`, `expired_date`, `qty_on_hand`, `cost_price`, `received_at`, `created_at`, `updated_at`) VALUES
(499, 1, 'INIT-20260108-1', '2028-01-08', 1, 49734.00, '2026-01-08', '2026-01-08 01:59:53', '2026-01-08 01:59:53'),
(500, 2, 'INIT-20260108-2', '2026-08-11', 2, 47447.00, '2026-01-08', '2026-01-08 01:59:53', '2026-01-08 01:59:53'),
(501, 3, 'INIT-20260108-3', '2028-01-08', 2, 171381.00, '2026-01-08', '2026-01-08 01:59:53', '2026-01-08 01:59:53'),
(502, 4, 'INIT-20260108-4', '2028-01-08', 2, 171381.00, '2026-01-08', '2026-01-08 01:59:53', '2026-01-08 01:59:53'),
(503, 5, 'INIT-20260108-5', '2028-01-08', 2, 77600.00, '2026-01-08', '2026-01-08 01:59:53', '2026-01-08 01:59:53'),
(504, 6, 'INIT-20260108-6', '2028-01-08', 2, 34528.00, '2026-01-08', '2026-01-08 01:59:53', '2026-01-08 01:59:53'),
(505, 7, 'INIT-20260108-7', '2026-05-25', 2, 33000.00, '2026-01-08', '2026-01-08 01:59:53', '2026-01-08 01:59:53'),
(506, 8, 'INIT-20260108-8', '2026-04-01', 1, 29295.00, '2026-01-08', '2026-01-08 01:59:53', '2026-01-08 01:59:53'),
(507, 9, 'INIT-20260108-9', '2028-01-08', 1, 52900.00, '2026-01-08', '2026-01-08 01:59:53', '2026-01-08 01:59:53'),
(508, 10, 'INIT-20260108-10', '2028-01-08', 2, 15500.00, '2026-01-08', '2026-01-08 01:59:53', '2026-01-08 01:59:53'),
(509, 11, 'INIT-20260108-11', '2026-12-08', 2, 43350.00, '2026-01-08', '2026-01-08 01:59:53', '2026-01-08 01:59:53'),
(510, 12, 'INIT-20260108-12', '2027-04-06', 2, 30750.00, '2026-01-08', '2026-01-08 01:59:53', '2026-01-08 01:59:53'),
(511, 13, 'INIT-20260108-13', '2028-01-08', 1, 15650.00, '2026-01-08', '2026-01-08 01:59:53', '2026-01-08 01:59:53'),
(512, 14, 'INIT-20260108-14', '2026-12-04', 1, 65900.00, '2026-01-08', '2026-01-08 01:59:53', '2026-01-13 07:11:48'),
(513, 15, 'INIT-20260108-15', '2026-09-01', 2, 61222.00, '2026-01-08', '2026-01-08 01:59:53', '2026-01-08 01:59:53'),
(514, 16, 'INIT-20260108-16', '2028-01-08', 2, 32339.00, '2026-01-08', '2026-01-08 01:59:53', '2026-01-08 01:59:53'),
(515, 17, 'INIT-20260108-17', '2028-01-08', 1, 40900.00, '2026-01-08', '2026-01-08 01:59:53', '2026-01-08 01:59:53'),
(516, 18, 'INIT-20260108-18', '2028-01-08', 1, 25700.00, '2026-01-08', '2026-01-08 01:59:54', '2026-01-08 01:59:54'),
(517, 19, 'INIT-20260108-19', '2028-01-08', 1, 26000.00, '2026-01-08', '2026-01-08 01:59:54', '2026-01-08 01:59:54'),
(518, 20, 'INIT-20260108-20', '2028-01-08', 2, 38500.00, '2026-01-08', '2026-01-08 01:59:54', '2026-01-08 01:59:54'),
(519, 21, 'INIT-20260108-21', '2027-01-30', 1, 71500.00, '2026-01-08', '2026-01-08 01:59:54', '2026-01-08 01:59:54'),
(520, 22, 'INIT-20260108-22', '2028-01-08', 1, 82500.00, '2026-01-08', '2026-01-08 01:59:54', '2026-01-08 01:59:54'),
(521, 23, 'INIT-20260108-23', '2027-10-01', 1, 82500.00, '2026-01-08', '2026-01-08 01:59:54', '2026-01-08 04:00:27'),
(522, 24, 'INIT-20260108-24', '2026-11-15', 1, 35157.00, '2026-01-08', '2026-01-08 01:59:54', '2026-01-08 01:59:54'),
(523, 25, 'INIT-20260108-25', '2026-05-28', 1, 81690.00, '2026-01-08', '2026-01-08 01:59:54', '2026-01-08 01:59:54'),
(524, 26, 'INIT-20260108-26', '2027-02-28', 1, 81690.00, '2026-01-08', '2026-01-08 01:59:54', '2026-01-08 01:59:54'),
(525, 27, 'INIT-20260108-27', '2027-04-06', 2, 42817.00, '2026-01-08', '2026-01-08 01:59:54', '2026-01-08 01:59:54'),
(526, 28, 'INIT-20260108-28', '2028-01-08', 2, 42817.00, '2026-01-08', '2026-01-08 01:59:54', '2026-01-08 01:59:54'),
(527, 29, 'INIT-20260108-29', '2027-01-14', 3, 48750.00, '2026-01-08', '2026-01-08 01:59:54', '2026-01-08 01:59:54'),
(528, 30, 'INIT-20260108-30', '2028-01-08', 2, 26900.00, '2026-01-08', '2026-01-08 01:59:54', '2026-01-08 01:59:54'),
(529, 31, 'INIT-20260108-31', '2028-01-08', 1, 49500.00, '2026-01-08', '2026-01-08 01:59:54', '2026-01-08 01:59:54'),
(530, 32, 'INIT-20260108-32', '2026-07-09', 1, 20580.00, '2026-01-08', '2026-01-08 01:59:54', '2026-01-08 01:59:54'),
(531, 33, 'INIT-20260108-33', '2028-01-08', 1, 9600.00, '2026-01-08', '2026-01-08 01:59:54', '2026-01-08 01:59:54'),
(532, 34, 'INIT-20260108-34', '2028-01-08', 1, 9700.00, '2026-01-08', '2026-01-08 01:59:54', '2026-01-08 01:59:54'),
(533, 35, 'INIT-20260108-35', '2028-01-08', 1, 14100.00, '2026-01-08', '2026-01-08 01:59:54', '2026-01-08 01:59:54'),
(534, 36, 'INIT-20260108-36', '2026-12-05', 2, 9000.00, '2026-01-08', '2026-01-08 01:59:54', '2026-01-13 07:10:03'),
(535, 37, 'INIT-20260108-37', '2028-01-08', 14, 1487.00, '2026-01-08', '2026-01-08 01:59:54', '2026-01-08 01:59:54'),
(536, 38, 'INIT-20260108-38', '2026-12-07', 5, 1812.00, '2026-01-08', '2026-01-08 01:59:54', '2026-01-08 01:59:54'),
(537, 39, 'INIT-20260108-39', '2026-12-09', 8, 1312.00, '2026-01-08', '2026-01-08 01:59:54', '2026-01-08 01:59:54'),
(538, 40, 'INIT-20260108-40', '2026-12-11', 4, 12500.00, '2026-01-08', '2026-01-08 01:59:54', '2026-01-13 06:56:33'),
(539, 41, 'INIT-20260108-41', '2029-04-10', 3, 3500.00, '2026-01-08', '2026-01-08 01:59:54', '2026-01-08 01:59:54'),
(540, 42, 'INIT-20260108-42', '2027-01-05', 3, 3500.00, '2026-01-08', '2026-01-08 01:59:54', '2026-01-13 06:52:14'),
(541, 43, 'INIT-20260108-43', '2026-12-05', 2, 17700.00, '2026-01-08', '2026-01-08 01:59:54', '2026-01-13 06:56:57'),
(542, 44, 'INIT-20260108-44', '2026-10-27', 1, 13100.00, '2026-01-08', '2026-01-08 01:59:54', '2026-01-13 06:54:38'),
(543, 45, 'INIT-20260108-45', '2026-11-07', 4, 26700.00, '2026-01-08', '2026-01-08 01:59:54', '2026-01-13 07:03:43'),
(544, 46, 'INIT-20260108-46', '2027-01-02', 4, 9500.00, '2026-01-08', '2026-01-08 01:59:54', '2026-01-13 07:04:47'),
(545, 47, 'INIT-20260108-47', '2028-01-08', 5, 15200.00, '2026-01-08', '2026-01-08 01:59:54', '2026-01-08 01:59:54'),
(546, 48, 'INIT-20260108-48', '2028-01-08', 4, 25800.00, '2026-01-08', '2026-01-08 01:59:54', '2026-01-08 01:59:54'),
(547, 49, 'INIT-20260108-49', '2026-12-05', 3, 16300.00, '2026-01-08', '2026-01-08 01:59:54', '2026-01-13 06:57:21'),
(548, 50, 'INIT-20260108-50', '2028-01-08', 6, 19819.00, '2026-01-08', '2026-01-08 01:59:54', '2026-01-08 01:59:54'),
(549, 51, 'INIT-20260108-51', '2028-01-08', 6, 18468.00, '2026-01-08', '2026-01-08 01:59:54', '2026-01-08 01:59:54'),
(550, 52, 'INIT-20260108-52', '2028-01-08', 1, 102702.00, '2026-01-08', '2026-01-08 01:59:54', '2026-01-08 01:59:54'),
(551, 53, 'INIT-20260108-53', '2028-01-08', 2, 16666.00, '2026-01-08', '2026-01-08 01:59:54', '2026-01-08 01:59:54'),
(552, 54, 'INIT-20260108-54', '2028-01-08', 3, 12612.00, '2026-01-08', '2026-01-08 01:59:54', '2026-01-08 01:59:54'),
(553, 55, 'INIT-20260108-55', '2028-01-08', 1, 49549.00, '2026-01-08', '2026-01-08 01:59:54', '2026-01-08 01:59:54'),
(554, 56, 'INIT-20260108-56', '2028-01-08', 1, 28378.00, '2026-01-08', '2026-01-08 01:59:54', '2026-01-08 01:59:54'),
(555, 57, 'INIT-20260108-57', '2028-01-08', 30, 4717.00, '2026-01-08', '2026-01-08 01:59:54', '2026-01-08 01:59:54'),
(556, 58, 'INIT-20260108-58', '2028-01-08', 6, 18468.00, '2026-01-08', '2026-01-08 01:59:54', '2026-01-08 01:59:54'),
(557, 59, 'INIT-20260108-59', '2028-01-08', 6, 18468.00, '2026-01-08', '2026-01-08 01:59:54', '2026-01-08 01:59:54'),
(558, 60, 'INIT-20260108-60', '2028-01-08', 1, 19819.00, '2026-01-08', '2026-01-08 01:59:54', '2026-01-08 01:59:54'),
(559, 61, 'INIT-20260108-61', '2028-01-08', 1, 19819.00, '2026-01-08', '2026-01-08 01:59:54', '2026-01-08 01:59:54'),
(560, 62, 'INIT-20260108-62', '2028-01-08', 1, 19819.00, '2026-01-08', '2026-01-08 01:59:54', '2026-01-08 01:59:54'),
(561, 63, 'INIT-20260108-63', '2028-01-08', 1, 13513.00, '2026-01-08', '2026-01-08 01:59:55', '2026-01-08 01:59:55'),
(562, 64, 'INIT-20260108-64', '2028-01-08', 1, 13513.00, '2026-01-08', '2026-01-08 01:59:55', '2026-01-08 01:59:55'),
(563, 65, 'INIT-20260108-65', '2028-01-08', 3, 9009.00, '2026-01-08', '2026-01-08 01:59:55', '2026-01-08 01:59:55'),
(564, 66, 'INIT-20260108-66', '2028-01-08', 3, 8821.00, '2026-01-08', '2026-01-08 01:59:55', '2026-01-08 01:59:55'),
(565, 67, 'INIT-20260108-67', '2028-01-08', 11, 3944.00, '2026-01-08', '2026-01-08 01:59:55', '2026-01-10 09:13:44'),
(566, 68, 'INIT-20260108-68', '2028-01-08', 1, 28378.00, '2026-01-08', '2026-01-08 01:59:55', '2026-01-08 01:59:55'),
(567, 69, 'INIT-20260108-69', '2028-01-08', 1, 22072.00, '2026-01-08', '2026-01-08 01:59:55', '2026-01-08 01:59:55'),
(568, 70, 'INIT-20260108-70', '2028-01-08', 1, 31981.00, '2026-01-08', '2026-01-08 01:59:55', '2026-01-08 01:59:55'),
(569, 71, 'INIT-20260108-71', '2028-01-08', 2, 31981.00, '2026-01-08', '2026-01-08 01:59:55', '2026-01-08 01:59:55'),
(570, 72, 'INIT-20260108-72', '2028-01-08', 1, 472.00, '2026-01-08', '2026-01-08 01:59:55', '2026-01-13 08:07:33'),
(571, 73, 'INIT-20260108-73', '2027-07-01', 20, 0.00, '2026-01-08', '2026-01-08 01:59:55', '2026-01-08 01:59:55'),
(572, 76, 'INIT-20260108-76', '2027-05-01', 50, 585.00, '2026-01-08', '2026-01-08 01:59:55', '2026-01-08 01:59:55'),
(573, 77, 'INIT-20260108-77', '2027-11-01', 70, 100.00, '2026-01-08', '2026-01-08 01:59:55', '2026-01-13 08:17:37'),
(574, 78, 'INIT-20260108-78', '2027-07-01', 350, 450.00, '2026-01-08', '2026-01-08 01:59:55', '2026-01-13 08:05:15'),
(575, 79, 'INIT-20260108-79', '2028-08-01', 250, 180.00, '2026-01-08', '2026-01-08 01:59:55', '2026-01-13 02:43:25'),
(576, 81, 'INIT-20260108-81', '2029-12-01', 1, 6500.00, '2026-01-08', '2026-01-08 01:59:55', '2026-01-08 01:59:55'),
(577, 82, 'INIT-20260108-82', '2026-11-01', 30, 0.00, '2026-01-08', '2026-01-08 01:59:55', '2026-01-08 01:59:55'),
(578, 83, 'INIT-20260108-83', '2028-01-08', 1, 670.00, '2026-01-08', '2026-01-08 01:59:55', '2026-01-08 01:59:55'),
(579, 84, 'INIT-20260108-84', '2026-07-01', 2, 26000.00, '2026-01-08', '2026-01-08 01:59:55', '2026-01-08 01:59:55'),
(580, 85, 'INIT-20260108-85', '2027-03-01', 80, 616.00, '2026-01-08', '2026-01-08 01:59:55', '2026-01-08 01:59:55'),
(581, 87, 'INIT-20260108-87', '2026-02-01', 10, 210.00, '2026-01-08', '2026-01-08 01:59:55', '2026-01-10 09:19:02'),
(582, 88, 'INIT-20260108-88', '2028-11-01', 30, 265.00, '2026-01-08', '2026-01-08 01:59:55', '2026-01-08 01:59:55'),
(583, 89, 'INIT-20260108-89', '2026-11-01', 40, 200.00, '2026-01-08', '2026-01-08 01:59:55', '2026-01-08 01:59:55'),
(584, 90, 'INIT-20260108-90', '2028-01-08', 30, 3180.00, '2026-01-08', '2026-01-08 01:59:55', '2026-01-08 01:59:55'),
(585, 91, 'INIT-20260108-91', '2028-01-08', 2, 725.00, '2026-01-08', '2026-01-08 01:59:55', '2026-01-08 01:59:55'),
(586, 92, 'INIT-20260108-92', '2027-03-01', 50, 1100.00, '2026-01-08', '2026-01-08 01:59:55', '2026-01-13 03:29:26'),
(587, 93, 'INIT-20260108-93', '2028-10-01', 50, 450.00, '2026-01-08', '2026-01-08 01:59:55', '2026-01-13 08:19:08'),
(588, 94, 'INIT-20260108-94', '2028-04-01', 50, 90.00, '2026-01-08', '2026-01-08 01:59:55', '2026-01-08 01:59:55'),
(589, 95, 'INIT-20260108-95', '2028-04-01', 19, 7175.00, '2026-01-08', '2026-01-08 01:59:55', '2026-01-14 05:29:56'),
(590, 96, 'INIT-20260108-96', '2028-06-01', 0, 1025.00, '2026-01-08', '2026-01-08 01:59:55', '2026-01-14 08:12:58'),
(591, 97, 'INIT-20260108-97', '2026-06-01', 5, 10285.00, '2026-01-08', '2026-01-08 01:59:55', '2026-01-08 01:59:55'),
(592, 98, 'INIT-20260108-98', '2026-08-01', 80, 350.00, '2026-01-08', '2026-01-08 01:59:55', '2026-01-10 03:47:42'),
(593, 99, 'INIT-20260108-99', '2026-08-01', 170, 0.00, '2026-01-08', '2026-01-08 01:59:55', '2026-01-08 01:59:55'),
(594, 100, 'INIT-20260108-100', '2030-02-01', 20, 1100.00, '2026-01-08', '2026-01-08 01:59:55', '2026-01-08 01:59:55'),
(595, 101, 'INIT-20260108-101', '2028-01-08', 1, 825.00, '2026-01-08', '2026-01-08 01:59:55', '2026-01-08 01:59:55'),
(596, 102, 'INIT-20260108-102', '2026-05-28', 2, 0.00, '2026-01-08', '2026-01-08 01:59:55', '2026-01-08 01:59:55'),
(597, 103, 'INIT-20260108-103', '2030-12-03', 820, 223.00, '2026-01-08', '2026-01-08 01:59:55', '2026-01-13 08:05:15'),
(598, 104, 'INIT-20260108-104', '2028-01-08', 840, 246.00, '2026-01-08', '2026-01-08 01:59:55', '2026-01-13 02:43:25'),
(599, 105, 'INIT-20260108-105', '2028-01-01', 42, 2018.00, '2026-01-08', '2026-01-08 01:59:55', '2026-01-08 01:59:55'),
(600, 106, 'INIT-20260108-106', '2028-05-01', 0, 315.00, '2026-01-08', '2026-01-08 01:59:55', '2026-01-14 03:27:41'),
(601, 107, 'INIT-20260108-107', '2028-01-08', 100, 1110.00, '2026-01-08', '2026-01-08 01:59:55', '2026-01-08 01:59:55'),
(602, 108, 'INIT-20260108-108', '2028-01-08', 2, 330.00, '2026-01-08', '2026-01-08 01:59:55', '2026-01-08 01:59:55'),
(603, 109, 'INIT-20260108-109', '2027-07-01', 22, 0.00, '2026-01-08', '2026-01-08 01:59:55', '2026-01-08 01:59:55'),
(604, 110, 'INIT-20260108-110', '2027-05-01', 300, 420.00, '2026-01-08', '2026-01-08 01:59:55', '2026-01-10 12:53:30'),
(605, 111, 'INIT-20260108-111', '2027-03-01', 60, 285.00, '2026-01-08', '2026-01-08 01:59:55', '2026-01-08 01:59:55'),
(606, 112, 'INIT-20260108-112', '2029-05-01', 20, 1916.00, '2026-01-08', '2026-01-08 01:59:55', '2026-01-08 01:59:55'),
(607, 113, 'INIT-20260108-113', '2027-07-01', 10, 195.00, '2026-01-08', '2026-01-08 01:59:55', '2026-01-08 01:59:55'),
(608, 114, 'INIT-20260108-114', '2027-08-01', 90, 250.00, '2026-01-08', '2026-01-08 01:59:55', '2026-01-08 01:59:55'),
(609, 115, 'INIT-20260108-115', '2030-09-01', 60, 243.00, '2026-01-08', '2026-01-08 01:59:55', '2026-01-13 08:19:08'),
(610, 116, 'INIT-20260108-116', '2026-08-26', 70, 183.00, '2026-01-08', '2026-01-08 01:59:55', '2026-01-08 01:59:55'),
(611, 117, 'INIT-20260108-117', '2028-01-08', 4, 200.00, '2026-01-08', '2026-01-08 01:59:55', '2026-01-08 01:59:55'),
(612, 118, 'INIT-20260108-118', '2028-03-01', 2, 6710.00, '2026-01-08', '2026-01-08 01:59:55', '2026-01-08 01:59:55'),
(613, 119, 'INIT-20260108-119', '2027-08-01', 200, 400.00, '2026-01-08', '2026-01-08 01:59:55', '2026-01-08 01:59:55'),
(614, 120, 'INIT-20260108-120', '2026-12-01', 20, 0.00, '2026-01-08', '2026-01-08 01:59:55', '2026-01-08 01:59:55'),
(615, 121, 'INIT-20260108-121', '2027-11-01', 100, 2750.00, '2026-01-08', '2026-01-08 01:59:55', '2026-01-08 01:59:55'),
(616, 122, 'INIT-20260108-122', '2026-11-26', 44, 1715.00, '2026-01-08', '2026-01-08 01:59:55', '2026-01-14 01:47:14'),
(617, 123, 'INIT-20260108-123', '2029-02-01', 3, 12000.00, '2026-01-08', '2026-01-08 01:59:56', '2026-01-08 01:59:56'),
(618, 124, 'INIT-20260108-124', '2028-02-01', 0, 625.00, '2026-01-08', '2026-01-08 01:59:56', '2026-01-10 03:47:42'),
(619, 125, 'INIT-20260108-125', '2027-04-01', 30, 415.00, '2026-01-08', '2026-01-08 01:59:56', '2026-01-08 01:59:56'),
(620, 126, 'INIT-20260108-126', '2029-07-01', 80, 325.00, '2026-01-08', '2026-01-08 01:59:56', '2026-01-08 01:59:56'),
(621, 127, 'INIT-20260108-127', '2028-01-08', 150, 0.00, '2026-01-08', '2026-01-08 01:59:56', '2026-01-08 01:59:56'),
(622, 128, 'INIT-20260108-128', '2027-03-01', 30, 2200.00, '2026-01-08', '2026-01-08 01:59:56', '2026-01-08 01:59:56'),
(623, 129, 'INIT-20260108-129', '2029-07-01', 210, 132.00, '2026-01-08', '2026-01-08 01:59:56', '2026-01-08 01:59:56'),
(624, 130, 'INIT-20260108-130', '2027-04-01', 70, 250.00, '2026-01-08', '2026-01-08 01:59:56', '2026-01-10 12:53:30'),
(625, 131, 'INIT-20260108-131', '2027-08-01', 30, 550.00, '2026-01-08', '2026-01-08 01:59:56', '2026-01-13 08:23:30'),
(626, 132, 'INIT-20260108-132', '2027-03-01', 56, 1929.00, '2026-01-08', '2026-01-08 01:59:56', '2026-01-08 01:59:56'),
(627, 133, 'INIT-20260108-133', '2027-01-01', 10, 195.00, '2026-01-08', '2026-01-08 01:59:56', '2026-01-08 01:59:56'),
(628, 134, 'INIT-20260108-134', '2026-02-01', 80, 200.00, '2026-01-08', '2026-01-08 01:59:56', '2026-01-08 01:59:56'),
(629, 135, 'INIT-20260108-135', '2027-01-01', 40, 202.00, '2026-01-08', '2026-01-08 01:59:56', '2026-01-08 01:59:56'),
(630, 136, 'INIT-20260108-136', '2026-06-01', 70, 115.00, '2026-01-08', '2026-01-08 01:59:56', '2026-01-08 01:59:56'),
(631, 137, 'INIT-20260108-137', '2028-05-01', 30, 211.00, '2026-01-08', '2026-01-08 01:59:56', '2026-01-10 09:19:59'),
(632, 138, 'INIT-20260108-138', '2026-07-01', 3, 7950.00, '2026-01-08', '2026-01-08 01:59:56', '2026-01-08 01:59:56'),
(633, 139, 'INIT-20260108-139', '2027-01-01', 100, 130.00, '2026-01-08', '2026-01-08 01:59:56', '2026-01-08 01:59:56'),
(634, 140, 'INIT-20260108-140', '2027-01-01', 10, 105.00, '2026-01-08', '2026-01-08 01:59:56', '2026-01-08 01:59:56'),
(635, 141, 'INIT-20260108-141', '2026-10-01', 70, 3050.00, '2026-01-08', '2026-01-08 01:59:56', '2026-01-14 05:29:56'),
(636, 142, 'INIT-20260108-142', '2028-01-01', 50, 7651.00, '2026-01-08', '2026-01-08 01:59:56', '2026-01-08 01:59:56'),
(637, 143, 'INIT-20260108-143', '2026-09-01', 30, 225.00, '2026-01-08', '2026-01-08 01:59:56', '2026-01-10 04:05:54'),
(638, 144, 'INIT-20260108-144', '2026-07-01', 30, 5462.00, '2026-01-08', '2026-01-08 01:59:56', '2026-01-08 01:59:56'),
(639, 145, 'INIT-20260108-145', '2027-08-01', 110, 205.00, '2026-01-08', '2026-01-08 01:59:56', '2026-01-08 01:59:56'),
(640, 146, 'INIT-20260108-146', '2027-01-01', 70, 296.00, '2026-01-08', '2026-01-08 01:59:56', '2026-01-08 01:59:56'),
(641, 147, 'INIT-20260108-147', '2027-02-01', 20, 0.00, '2026-01-08', '2026-01-08 01:59:56', '2026-01-08 01:59:56'),
(642, 148, 'INIT-20260108-148', '2026-12-01', 65, 1150.00, '2026-01-08', '2026-01-08 01:59:56', '2026-01-10 10:01:09'),
(643, 149, 'INIT-20260108-149', '2028-01-08', 8, 160.00, '2026-01-08', '2026-01-08 01:59:56', '2026-01-08 01:59:56'),
(644, 150, 'INIT-20260108-150', '2026-09-01', 30, 359.00, '2026-01-08', '2026-01-08 01:59:56', '2026-01-08 01:59:56'),
(645, 151, 'INIT-20260108-151', '2026-07-01', 30, 135.00, '2026-01-08', '2026-01-08 01:59:56', '2026-01-08 01:59:56'),
(646, 152, 'INIT-20260108-152', '2027-11-01', 40, 3072.00, '2026-01-08', '2026-01-08 01:59:56', '2026-01-08 01:59:56'),
(647, 153, 'INIT-20260108-153', '2027-08-01', 50, 600.00, '2026-01-08', '2026-01-08 01:59:56', '2026-01-08 01:59:56'),
(648, 154, 'INIT-20260108-154', '2028-06-01', 110, 225.00, '2026-01-08', '2026-01-08 01:59:56', '2026-01-08 01:59:56'),
(649, 155, 'INIT-20260108-155', '2026-11-01', 130, 250.00, '2026-01-08', '2026-01-08 01:59:56', '2026-01-13 08:05:40'),
(650, 156, 'INIT-20260108-156', '2027-07-01', 1, 135000.00, '2026-01-08', '2026-01-08 01:59:56', '2026-01-08 01:59:56'),
(651, 157, 'INIT-20260108-157', '2026-05-01', 2, 139500.00, '2026-01-08', '2026-01-08 01:59:56', '2026-01-08 01:59:56'),
(652, 158, 'INIT-20260108-158', '2027-09-01', 1, 92000.00, '2026-01-08', '2026-01-08 01:59:56', '2026-01-08 01:59:56'),
(653, 159, 'INIT-20260108-159', '2026-10-01', 2, 9000.00, '2026-01-08', '2026-01-08 01:59:56', '2026-01-08 01:59:56'),
(654, 160, 'INIT-20260108-160', '2028-09-01', 1, 69980.00, '2026-01-08', '2026-01-08 01:59:56', '2026-01-08 01:59:56'),
(655, 161, 'INIT-20260108-161', '2028-08-01', 1, 5500.00, '2026-01-08', '2026-01-08 01:59:56', '2026-01-08 01:59:56'),
(656, 162, 'INIT-20260108-162', '2028-12-01', 1, 3600.00, '2026-01-08', '2026-01-08 01:59:56', '2026-01-08 04:02:00'),
(657, 163, 'INIT-20260108-163', '2028-01-08', 1, 38350.00, '2026-01-08', '2026-01-08 01:59:56', '2026-01-08 01:59:56'),
(658, 164, 'INIT-20260108-164', '2027-11-06', 1, 26411.00, '2026-01-08', '2026-01-08 01:59:56', '2026-01-08 01:59:56'),
(659, 165, 'INIT-20260108-165', '2028-04-21', 1, 54060.00, '2026-01-08', '2026-01-08 01:59:56', '2026-01-08 01:59:56'),
(660, 166, 'INIT-20260108-166', '2027-05-01', 2, 6000.00, '2026-01-08', '2026-01-08 01:59:56', '2026-01-08 01:59:56'),
(661, 167, 'INIT-20260108-167', '2029-03-01', 1, 11133.00, '2026-01-08', '2026-01-08 01:59:56', '2026-01-08 01:59:56'),
(662, 168, 'INIT-20260108-168', '2026-12-01', 1, 38517.00, '2026-01-08', '2026-01-08 01:59:56', '2026-01-08 01:59:56'),
(663, 169, 'INIT-20260108-169', '2028-11-01', 1, 66623.00, '2026-01-08', '2026-01-08 01:59:56', '2026-01-08 01:59:56'),
(664, 170, 'INIT-20260108-170', '2027-03-01', 3, 71000.00, '2026-01-08', '2026-01-08 01:59:56', '2026-01-08 01:59:56'),
(665, 171, 'INIT-20260108-171', '2027-02-01', 2, 28000.00, '2026-01-08', '2026-01-08 01:59:56', '2026-01-08 01:59:56'),
(666, 172, 'INIT-20260108-172', '2027-01-01', 1, 44250.00, '2026-01-08', '2026-01-08 01:59:56', '2026-01-08 01:59:56'),
(667, 173, 'INIT-20260108-173', '2027-02-01', 4, 27950.00, '2026-01-08', '2026-01-08 01:59:56', '2026-01-08 01:59:56'),
(668, 174, 'INIT-20260108-174', '2026-10-01', 5, 18500.00, '2026-01-08', '2026-01-08 01:59:56', '2026-01-13 09:13:46'),
(669, 175, 'INIT-20260108-175', '2027-09-13', 18, 13750.00, '2026-01-08', '2026-01-08 01:59:56', '2026-01-08 01:59:56'),
(670, 176, 'INIT-20260108-176', '2027-05-01', 1, 12200.00, '2026-01-08', '2026-01-08 01:59:56', '2026-01-08 01:59:56'),
(671, 177, 'INIT-20260108-177', '2028-01-08', 6, 11900.00, '2026-01-08', '2026-01-08 01:59:56', '2026-01-08 01:59:56'),
(672, 178, 'INIT-20260108-178', '2028-01-08', 2, 10600.00, '2026-01-08', '2026-01-08 01:59:56', '2026-01-08 01:59:56'),
(673, 179, 'INIT-20260108-179', '2028-01-08', 6, 13200.00, '2026-01-08', '2026-01-08 01:59:56', '2026-01-08 01:59:56'),
(674, 180, 'INIT-20260108-180', '2028-01-08', 3, 18600.00, '2026-01-08', '2026-01-08 01:59:56', '2026-01-08 01:59:56'),
(675, 181, 'INIT-20260108-181', '2028-01-08', 2, 17300.00, '2026-01-08', '2026-01-08 01:59:56', '2026-01-08 01:59:56'),
(676, 182, 'INIT-20260108-182', '2028-01-08', 1, 17300.00, '2026-01-08', '2026-01-08 01:59:56', '2026-01-08 01:59:56'),
(677, 183, 'INIT-20260108-183', '2027-04-01', 2, 40500.00, '2026-01-08', '2026-01-08 01:59:56', '2026-01-08 01:59:56'),
(678, 184, 'INIT-20260108-184', '2026-12-01', 1, 35500.00, '2026-01-08', '2026-01-08 01:59:56', '2026-01-08 01:59:56'),
(679, 185, 'INIT-20260108-185', '2028-01-01', 1, 33200.00, '2026-01-08', '2026-01-08 01:59:56', '2026-01-08 01:59:56'),
(680, 186, 'INIT-20260108-186', '2027-04-01', 6, 6000.00, '2026-01-08', '2026-01-08 01:59:56', '2026-01-08 01:59:56'),
(681, 187, 'INIT-20260108-187', '2028-01-08', 3, 16900.00, '2026-01-08', '2026-01-08 01:59:57', '2026-01-08 01:59:57'),
(682, 188, 'INIT-20260108-188', '2028-01-08', 3, 37100.00, '2026-01-08', '2026-01-08 01:59:57', '2026-01-08 01:59:57'),
(683, 189, 'INIT-20260108-189', '2027-11-01', 3, 38200.00, '2026-01-08', '2026-01-08 01:59:57', '2026-01-08 01:59:57'),
(684, 190, 'INIT-20260108-190', '2028-11-10', 3, 25600.00, '2026-01-08', '2026-01-08 01:59:57', '2026-01-08 01:59:57'),
(685, 191, 'INIT-20260108-191', '2028-01-08', 3, 15600.00, '2026-01-08', '2026-01-08 01:59:57', '2026-01-08 01:59:57'),
(686, 192, 'INIT-20260108-192', '2026-11-07', 3, 21500.00, '2026-01-08', '2026-01-08 01:59:57', '2026-01-13 07:06:22'),
(687, 193, 'INIT-20260108-193', '2028-11-02', 2, 16700.00, '2026-01-08', '2026-01-08 01:59:57', '2026-01-08 01:59:57'),
(688, 194, 'INIT-20260108-194', '2028-02-01', 1, 42769.00, '2026-01-08', '2026-01-08 01:59:57', '2026-01-08 01:59:57'),
(689, 195, 'INIT-20260108-195', '2028-04-01', 3, 20500.00, '2026-01-08', '2026-01-08 01:59:57', '2026-01-08 01:59:57'),
(690, 196, 'INIT-20260108-196', '2027-03-06', 1, 17500.00, '2026-01-08', '2026-01-08 01:59:57', '2026-01-13 06:50:01'),
(691, 197, 'INIT-20260108-197', '2027-10-01', 1, 37600.00, '2026-01-08', '2026-01-08 01:59:57', '2026-01-08 01:59:57'),
(692, 198, 'INIT-20260108-198', '2026-12-05', 11, 4400.00, '2026-01-08', '2026-01-08 01:59:57', '2026-01-13 07:00:25'),
(693, 199, 'INIT-20260108-199', '2027-11-11', 2, 9600.00, '2026-01-08', '2026-01-08 01:59:57', '2026-01-08 01:59:57'),
(694, 200, 'INIT-20260108-200', '2026-03-07', 2, 10500.00, '2026-01-08', '2026-01-08 01:59:57', '2026-01-13 06:59:15'),
(695, 201, 'INIT-20260108-201', '2026-08-07', 2, 7800.00, '2026-01-08', '2026-01-08 01:59:57', '2026-01-13 07:02:32'),
(696, 202, 'INIT-20260108-202', '2027-01-05', 2, 0.00, '2026-01-08', '2026-01-08 01:59:57', '2026-01-13 06:53:45'),
(697, 203, 'INIT-20260108-203', '2027-04-03', 2, 20600.00, '2026-01-08', '2026-01-08 01:59:57', '2026-01-13 07:02:51'),
(698, 204, 'INIT-20260108-204', '2027-05-02', 3, 19950.00, '2026-01-08', '2026-01-08 01:59:57', '2026-01-08 01:59:57'),
(699, 205, 'INIT-20260108-205', '2026-08-14', 2, 13700.00, '2026-01-08', '2026-01-08 01:59:57', '2026-01-13 07:07:57'),
(700, 206, 'INIT-20260108-206', '2026-11-07', 2, 23300.00, '2026-01-08', '2026-01-08 01:59:57', '2026-01-13 07:03:59'),
(701, 207, 'INIT-20260108-207', '2027-08-05', 1, 26500.00, '2026-01-08', '2026-01-08 01:59:57', '2026-01-08 01:59:57'),
(702, 208, 'INIT-20260108-208', '2028-01-08', 6, 17700.00, '2026-01-08', '2026-01-08 01:59:57', '2026-01-08 01:59:57'),
(703, 209, 'INIT-20260108-209', '2028-01-08', 6, 17700.00, '2026-01-08', '2026-01-08 01:59:57', '2026-01-08 01:59:57'),
(704, 210, 'INIT-20260108-210', '2028-02-01', 9, 13700.00, '2026-01-08', '2026-01-08 01:59:57', '2026-01-08 01:59:57'),
(705, 211, 'INIT-20260108-211', '2026-12-05', 2, 19100.00, '2026-01-08', '2026-01-08 01:59:57', '2026-01-13 07:04:13'),
(706, 212, 'INIT-20260108-212', '2027-01-08', 12, 14142.00, '2026-01-08', '2026-01-08 01:59:57', '2026-01-13 06:59:32'),
(707, 213, 'INIT-20260108-213', '2027-02-03', 2, 0.00, '2026-01-08', '2026-01-08 01:59:57', '2026-01-13 07:00:44'),
(708, 214, 'INIT-20260108-214', '2028-01-08', 2, 8500.00, '2026-01-08', '2026-01-08 01:59:57', '2026-01-13 09:13:46'),
(709, 215, 'INIT-20260108-215', '2028-01-08', 5, 15180.00, '2026-01-08', '2026-01-08 01:59:57', '2026-01-13 09:13:46'),
(710, 216, 'INIT-20260108-216', '2028-01-08', 3, 9000.00, '2026-01-08', '2026-01-08 01:59:57', '2026-01-08 01:59:57'),
(711, 217, 'INIT-20260108-217', '2028-01-08', 6, 4500.00, '2026-01-08', '2026-01-08 01:59:57', '2026-01-13 11:23:40'),
(712, 218, 'INIT-20260108-218', '2028-01-08', 1, 6900.00, '2026-01-08', '2026-01-08 01:59:57', '2026-01-08 01:59:57'),
(713, 219, 'INIT-20260108-219', '2028-01-08', 3, 4500.00, '2026-01-08', '2026-01-08 01:59:57', '2026-01-08 01:59:57'),
(714, 220, 'INIT-20260108-220', '2028-01-08', 3, 4500.00, '2026-01-08', '2026-01-08 01:59:57', '2026-01-08 01:59:57'),
(715, 221, 'INIT-20260108-221', '2028-01-08', 1, 70200.00, '2026-01-08', '2026-01-08 01:59:57', '2026-01-08 01:59:57'),
(716, 222, 'INIT-20260108-222', '2028-01-08', 1, 18700.00, '2026-01-08', '2026-01-08 01:59:57', '2026-01-08 01:59:57'),
(717, 223, 'INIT-20260108-223', '2028-01-08', 1, 18700.00, '2026-01-08', '2026-01-08 01:59:57', '2026-01-08 01:59:57'),
(718, 224, 'INIT-20260108-224', '2028-01-08', 1, 73600.00, '2026-01-08', '2026-01-08 01:59:57', '2026-01-08 01:59:57'),
(719, 225, 'INIT-20260108-225', '2028-01-08', 0, 80200.00, '2026-01-08', '2026-01-08 01:59:57', '2026-01-13 05:00:37'),
(720, 226, 'INIT-20260108-226', '2028-01-08', 1, 76900.00, '2026-01-08', '2026-01-08 01:59:57', '2026-01-08 01:59:57'),
(721, 227, 'INIT-20260108-227', '2028-01-08', 1, 76900.00, '2026-01-08', '2026-01-08 01:59:57', '2026-01-08 01:59:57'),
(722, 228, 'INIT-20260108-228', '2028-01-08', 1, 79900.00, '2026-01-08', '2026-01-08 01:59:57', '2026-01-08 01:59:57'),
(723, 229, 'INIT-20260108-229', '2028-01-08', 1, 39900.00, '2026-01-08', '2026-01-08 01:59:57', '2026-01-08 01:59:57'),
(724, 230, 'INIT-20260108-230', '2027-06-01', 1, 31050.00, '2026-01-08', '2026-01-08 01:59:57', '2026-01-08 01:59:57'),
(725, 231, 'INIT-20260108-231', '2027-10-01', 6, 9000.00, '2026-01-08', '2026-01-08 01:59:57', '2026-01-08 01:59:57'),
(726, 232, 'INIT-20260108-232', '2028-05-01', 1, 85033.00, '2026-01-08', '2026-01-08 01:59:57', '2026-01-08 01:59:57'),
(727, 233, 'INIT-20260108-233', '2026-12-01', 3, 5000.00, '2026-01-08', '2026-01-08 01:59:58', '2026-01-08 01:59:58'),
(728, 234, 'INIT-20260108-234', '2026-09-01', 2, 8000.00, '2026-01-08', '2026-01-08 01:59:58', '2026-01-08 01:59:58'),
(729, 235, 'INIT-20260108-235', '2028-07-01', 3, 6250.00, '2026-01-08', '2026-01-08 01:59:58', '2026-01-08 01:59:58'),
(730, 236, 'INIT-20260108-236', '2026-10-01', 3, 5750.00, '2026-01-08', '2026-01-08 01:59:58', '2026-01-08 01:59:58'),
(731, 237, 'INIT-20260108-237', '2029-04-01', 4, 6571.00, '2026-01-08', '2026-01-08 01:59:58', '2026-01-09 03:44:55'),
(732, 238, 'INIT-20260108-238', '2026-12-09', 3, 0.00, '2026-01-08', '2026-01-08 01:59:58', '2026-01-08 01:59:58'),
(733, 239, 'INIT-20260108-239', '2027-01-01', 1, 13875.00, '2026-01-08', '2026-01-08 01:59:58', '2026-01-08 01:59:58'),
(734, 240, 'INIT-20260108-240', '2026-11-01', 1, 15207.00, '2026-01-08', '2026-01-08 01:59:58', '2026-01-08 01:59:58'),
(735, 241, 'INIT-20260108-241', '2026-10-01', 1, 44400.00, '2026-01-08', '2026-01-08 01:59:58', '2026-01-08 01:59:58'),
(736, 242, 'INIT-20260108-242', '2026-07-01', 3, 59752.00, '2026-01-08', '2026-01-08 01:59:58', '2026-01-08 01:59:58'),
(737, 243, 'INIT-20260108-243', '2028-01-08', 3, 20922.00, '2026-01-08', '2026-01-08 01:59:58', '2026-01-08 01:59:58'),
(738, 244, 'INIT-20260108-244', '2028-01-08', 2, 33447.00, '2026-01-08', '2026-01-08 01:59:58', '2026-01-08 01:59:58'),
(739, 245, 'INIT-20260108-245', '2027-02-01', 2, 6300.00, '2026-01-08', '2026-01-08 01:59:58', '2026-01-08 01:59:58'),
(740, 246, 'INIT-20260108-246', '2028-02-01', 2, 5000.00, '2026-01-08', '2026-01-08 01:59:58', '2026-01-08 01:59:58'),
(741, 247, 'INIT-20260108-247', '2027-02-01', 9, 5250.00, '2026-01-08', '2026-01-08 01:59:58', '2026-01-08 01:59:58'),
(742, 248, 'INIT-20260108-248', '2026-11-01', 2, 22977.00, '2026-01-08', '2026-01-08 01:59:58', '2026-01-08 01:59:58'),
(743, 249, 'INIT-20260108-249', '2026-09-01', 2, 26793.00, '2026-01-08', '2026-01-08 01:59:58', '2026-01-08 01:59:58'),
(744, 250, 'INIT-20260108-250', '2027-10-01', 3, 103868.00, '2026-01-08', '2026-01-08 01:59:58', '2026-01-08 01:59:58'),
(745, 251, 'INIT-20260108-251', '2027-03-01', 1, 44214.00, '2026-01-08', '2026-01-08 01:59:58', '2026-01-08 01:59:58'),
(746, 252, 'INIT-20260108-252', '2026-08-01', 1, 47286.00, '2026-01-08', '2026-01-08 01:59:58', '2026-01-08 01:59:58'),
(747, 253, 'INIT-20260108-253', '2027-01-01', 1, 12488.00, '2026-01-08', '2026-01-08 01:59:58', '2026-01-08 01:59:58'),
(748, 254, 'INIT-20260108-254', '2027-02-01', 1, 10810.00, '2026-01-08', '2026-01-08 01:59:58', '2026-01-08 01:59:58'),
(749, 255, 'INIT-20260108-255', '2028-12-01', 2, 13635.00, '2026-01-08', '2026-01-08 01:59:58', '2026-01-08 01:59:58'),
(750, 256, 'INIT-20260108-256', '2026-10-01', 1, 31091.00, '2026-01-08', '2026-01-08 01:59:58', '2026-01-08 01:59:58'),
(751, 257, 'INIT-20260108-257', '2028-01-08', 2, 10993.00, '2026-01-08', '2026-01-08 01:59:58', '2026-01-08 01:59:58'),
(752, 258, 'INIT-20260108-258', '2027-01-08', 3, 9926.00, '2026-01-08', '2026-01-08 01:59:58', '2026-01-08 01:59:58'),
(753, 259, 'INIT-20260108-259', '2027-06-07', 6, 21300.00, '2026-01-08', '2026-01-08 01:59:58', '2026-01-08 01:59:58'),
(754, 260, 'INIT-20260108-260', '2028-03-01', 2, 61250.00, '2026-01-08', '2026-01-08 01:59:58', '2026-01-08 01:59:58'),
(755, 261, 'INIT-20260108-261', '2027-07-01', 1, 61250.00, '2026-01-08', '2026-01-08 01:59:58', '2026-01-08 01:59:58'),
(756, 262, 'INIT-20260108-262', '2027-12-01', 3, 61250.00, '2026-01-08', '2026-01-08 01:59:58', '2026-01-08 01:59:58'),
(757, 263, 'INIT-20260108-263', '2026-09-01', 2, 22375.00, '2026-01-08', '2026-01-08 01:59:58', '2026-01-08 01:59:58'),
(758, 264, 'INIT-20260108-264', '2027-01-01', 1, 22375.00, '2026-01-08', '2026-01-08 01:59:58', '2026-01-08 01:59:58'),
(759, 265, 'INIT-20260108-265', '2026-06-01', 3, 34932.00, '2026-01-08', '2026-01-08 01:59:58', '2026-01-08 01:59:58'),
(760, 266, 'INIT-20260108-266', '2027-03-01', 1, 34932.00, '2026-01-08', '2026-01-08 01:59:58', '2026-01-08 01:59:58'),
(761, 267, 'INIT-20260108-267', '2026-12-01', 2, 8000.00, '2026-01-08', '2026-01-08 01:59:58', '2026-01-14 06:49:02'),
(762, 268, 'INIT-20260108-268', '2026-12-01', 3, 8000.00, '2026-01-08', '2026-01-08 01:59:58', '2026-01-08 01:59:58'),
(763, 269, 'INIT-20260108-269', '2027-05-01', 3, 13400.00, '2026-01-08', '2026-01-08 01:59:58', '2026-01-08 01:59:58'),
(764, 270, 'INIT-20260108-270', '2029-04-01', 2, 18191.00, '2026-01-08', '2026-01-08 01:59:58', '2026-01-13 08:23:30'),
(765, 271, 'INIT-20260108-271', '2026-05-01', 2, 15000.00, '2026-01-08', '2026-01-08 01:59:58', '2026-01-08 01:59:58'),
(766, 272, 'INIT-20260108-272', '2026-10-01', 1, 17591.00, '2026-01-08', '2026-01-08 01:59:58', '2026-01-14 08:12:58'),
(767, 273, 'INIT-20260108-273', '2027-03-01', 1, 38197.00, '2026-01-08', '2026-01-08 01:59:58', '2026-01-08 01:59:58'),
(768, 274, 'INIT-20260108-274', '2027-02-01', 2, 22610.00, '2026-01-08', '2026-01-08 01:59:58', '2026-01-08 01:59:58'),
(769, 275, 'INIT-20260108-275', '2028-10-01', 2, 21055.00, '2026-01-08', '2026-01-08 01:59:58', '2026-01-08 01:59:58'),
(770, 276, 'INIT-20260108-276', '2026-09-01', 1, 20500.00, '2026-01-08', '2026-01-08 01:59:58', '2026-01-08 01:59:58'),
(771, 277, 'INIT-20260108-277', '2026-08-01', 2, 28500.00, '2026-01-08', '2026-01-08 01:59:58', '2026-01-08 01:59:58'),
(772, 278, 'INIT-20260108-278', '2027-05-01', 3, 15214.00, '2026-01-08', '2026-01-08 01:59:58', '2026-01-08 01:59:58'),
(773, 279, 'INIT-20260108-279', '2026-04-01', 1, 17341.00, '2026-01-08', '2026-01-08 01:59:58', '2026-01-08 01:59:58'),
(774, 280, 'INIT-20260108-280', '2026-11-09', 1, 0.00, '2026-01-08', '2026-01-08 01:59:58', '2026-01-08 01:59:58'),
(775, 281, 'INIT-20260108-281', '2027-10-01', 2, 29817.00, '2026-01-08', '2026-01-08 01:59:58', '2026-01-08 01:59:58'),
(776, 282, 'INIT-20260108-282', '2026-09-01', 5, 13500.00, '2026-01-08', '2026-01-08 01:59:58', '2026-01-08 01:59:58'),
(777, 283, 'INIT-20260108-283', '2027-11-01', 5, 1000.00, '2026-01-08', '2026-01-08 01:59:58', '2026-01-13 12:56:23'),
(778, 284, 'INIT-20260108-284', '2026-06-01', 2, 23310.00, '2026-01-08', '2026-01-08 01:59:58', '2026-01-08 01:59:58'),
(779, 285, 'INIT-20260108-285', '2027-04-01', 4, 9226.00, '2026-01-08', '2026-01-08 01:59:58', '2026-01-08 01:59:58'),
(780, 286, 'INIT-20260108-286', '2026-06-01', 19, 8200.00, '2026-01-08', '2026-01-08 01:59:58', '2026-01-08 01:59:58'),
(781, 287, 'INIT-20260108-287', '2026-10-01', 26, 9990.00, '2026-01-08', '2026-01-08 01:59:58', '2026-01-08 01:59:58'),
(782, 288, 'INIT-20260108-288', '2026-06-01', 6, 0.00, '2026-01-08', '2026-01-08 01:59:58', '2026-01-08 01:59:58'),
(783, 289, 'INIT-20260108-289', '2027-03-01', 1, 4500.00, '2026-01-08', '2026-01-08 01:59:58', '2026-01-10 12:53:30'),
(784, 290, 'INIT-20260108-290', '2027-09-01', 2, 15500.00, '2026-01-08', '2026-01-08 01:59:58', '2026-01-08 04:02:00'),
(785, 291, 'INIT-20260108-291', '2027-08-01', 1, 12000.00, '2026-01-08', '2026-01-08 01:59:58', '2026-01-08 01:59:58'),
(786, 292, 'INIT-20260108-292', '2026-06-01', 1, 0.00, '2026-01-08', '2026-01-08 01:59:58', '2026-01-08 01:59:58'),
(787, 293, 'INIT-20260108-293', '2027-02-01', 1, 21500.00, '2026-01-08', '2026-01-08 01:59:59', '2026-01-08 01:59:59'),
(788, 294, 'INIT-20260108-294', '2026-11-06', 1, 38330.00, '2026-01-08', '2026-01-08 01:59:59', '2026-01-08 01:59:59'),
(789, 295, 'INIT-20260108-295', '2028-01-08', 3, 16500.00, '2026-01-08', '2026-01-08 01:59:59', '2026-01-08 01:59:59'),
(790, 296, 'INIT-20260108-296', '2028-01-08', 3, 9000.00, '2026-01-08', '2026-01-08 01:59:59', '2026-01-08 01:59:59'),
(791, 297, 'INIT-20260108-297', '2028-01-08', 2, 5100.00, '2026-01-08', '2026-01-08 01:59:59', '2026-01-08 01:59:59'),
(792, 298, 'INIT-20260108-298', '2028-01-08', 4, 7600.00, '2026-01-08', '2026-01-08 01:59:59', '2026-01-08 01:59:59'),
(793, 299, 'INIT-20260108-299', '2027-06-01', 6, 29200.00, '2026-01-08', '2026-01-08 01:59:59', '2026-01-08 01:59:59'),
(794, 300, 'INIT-20260108-300', '2028-01-08', 1, 10700.00, '2026-01-08', '2026-01-08 01:59:59', '2026-01-08 01:59:59'),
(795, 301, 'INIT-20260108-301', '2028-01-08', 1, 18700.00, '2026-01-08', '2026-01-08 01:59:59', '2026-01-08 01:59:59'),
(796, 302, 'INIT-20260108-302', '2028-01-08', 1, 18700.00, '2026-01-08', '2026-01-08 01:59:59', '2026-01-08 01:59:59'),
(797, 303, 'INIT-20260108-303', '2026-09-05', 5, 4000.00, '2026-01-08', '2026-01-08 01:59:59', '2026-01-13 07:05:50'),
(798, 304, 'INIT-20260108-304', '2026-08-27', 3, 7100.00, '2026-01-08', '2026-01-08 01:59:59', '2026-01-13 07:01:03'),
(799, 305, 'INIT-20260108-305', '2028-01-08', 5, 3000.00, '2026-01-08', '2026-01-08 01:59:59', '2026-01-08 01:59:59'),
(800, 306, 'INIT-20260108-306', '2027-04-08', 3, 4300.00, '2026-01-08', '2026-01-08 01:59:59', '2026-01-08 01:59:59'),
(801, 307, 'INIT-20260108-307', '2027-06-07', 3, 4500.00, '2026-01-08', '2026-01-08 01:59:59', '2026-01-08 01:59:59'),
(802, 308, 'INIT-20260108-308', '2027-07-08', 2, 15600.00, '2026-01-08', '2026-01-08 01:59:59', '2026-01-08 01:59:59'),
(803, 309, 'INIT-20260108-309', '2027-01-05', 5, 8000.00, '2026-01-08', '2026-01-08 01:59:59', '2026-01-13 06:53:20'),
(804, 310, 'INIT-20260108-310', '2026-12-27', 5, 7000.00, '2026-01-08', '2026-01-08 01:59:59', '2026-01-13 06:56:10'),
(805, 311, 'INIT-20260108-311', '2026-12-18', 5, 7000.00, '2026-01-08', '2026-01-08 01:59:59', '2026-01-13 07:03:09'),
(806, 312, 'INIT-20260108-312', '2026-11-13', 2, 13000.00, '2026-01-08', '2026-01-08 01:59:59', '2026-01-13 07:03:27'),
(807, 313, 'INIT-20260108-313', '2028-01-08', 2, 25000.00, '2026-01-08', '2026-01-08 01:59:59', '2026-01-08 01:59:59'),
(808, 314, 'INIT-20260108-314', '2027-01-05', 2, 18000.00, '2026-01-08', '2026-01-08 01:59:59', '2026-01-13 06:54:14'),
(809, 315, 'INIT-20260108-315', '2026-12-10', 2, 18500.00, '2026-01-08', '2026-01-08 01:59:59', '2026-01-13 06:55:06'),
(810, 316, 'INIT-20260108-316', '2026-12-11', 2, 19600.00, '2026-01-08', '2026-01-08 01:59:59', '2026-01-13 07:01:59'),
(811, 317, 'INIT-20260108-317', '2026-11-07', 2, 21000.00, '2026-01-08', '2026-01-08 01:59:59', '2026-01-13 06:57:47'),
(812, 318, 'INIT-20260108-318', '2026-09-19', 12, 11000.00, '2026-01-08', '2026-01-08 01:59:59', '2026-01-13 07:07:46'),
(813, 319, 'INIT-20260108-319', '2026-06-06', 1, 10000.00, '2026-01-08', '2026-01-08 01:59:59', '2026-01-13 06:58:56'),
(814, 321, 'INIT-20260108-321', '2026-06-06', 7, 3750.00, '2026-01-08', '2026-01-08 01:59:59', '2026-01-13 07:01:44'),
(815, 322, 'INIT-20260108-322', '2026-11-19', 8, 3050.00, '2026-01-08', '2026-01-08 01:59:59', '2026-01-13 07:02:17'),
(816, 323, 'INIT-20260108-323', '2028-01-08', 9, 3170.00, '2026-01-08', '2026-01-08 01:59:59', '2026-01-08 01:59:59'),
(817, 324, 'INIT-20260108-324', '2028-01-08', 3, 4800.00, '2026-01-08', '2026-01-08 01:59:59', '2026-01-08 01:59:59'),
(818, 325, 'INIT-20260108-325', '2027-12-31', 1, 1853.00, '2026-01-08', '2026-01-08 01:59:59', '2026-01-13 07:06:41'),
(819, 326, 'INIT-20260108-326', '2027-01-01', 9, 2170.00, '2026-01-08', '2026-01-08 01:59:59', '2026-01-13 06:51:39'),
(820, 327, 'INIT-20260108-327', '2026-09-05', 9, 2225.00, '2026-01-08', '2026-01-08 01:59:59', '2026-01-13 07:04:27'),
(821, 328, 'INIT-20260108-328', '2028-01-08', 9, 1400.00, '2026-01-08', '2026-01-08 01:59:59', '2026-01-08 01:59:59'),
(822, 329, 'INIT-20260108-329', '2027-02-06', 2, 15800.00, '2026-01-08', '2026-01-08 01:59:59', '2026-01-14 08:13:27'),
(823, 330, 'INIT-20260108-330', '2027-01-05', 5, 0.00, '2026-01-08', '2026-01-08 01:59:59', '2026-01-13 06:52:51'),
(824, 331, 'INIT-20260108-331', '2027-01-27', 2, 11000.00, '2026-01-08', '2026-01-08 01:59:59', '2026-01-13 07:47:49'),
(825, 332, 'INIT-20260108-332', '2026-09-12', 3, 12500.00, '2026-01-08', '2026-01-08 01:59:59', '2026-01-13 07:07:33'),
(826, 333, 'INIT-20260108-333', '2027-04-13', 8, 2650.00, '2026-01-08', '2026-01-08 01:59:59', '2026-01-13 06:49:15'),
(827, 334, 'INIT-20260108-334', '2026-09-05', 7, 2150.00, '2026-01-08', '2026-01-08 01:59:59', '2026-01-13 07:05:01'),
(828, 335, 'INIT-20260108-335', '2027-04-26', 1, 17416.00, '2026-01-08', '2026-01-08 01:59:59', '2026-01-13 08:32:34'),
(829, 336, 'INIT-20260108-336', '2026-12-04', 2, 3500.00, '2026-01-08', '2026-01-08 01:59:59', '2026-01-13 07:09:41'),
(830, 337, 'INIT-20260108-337', '2026-12-27', 6, 4500.00, '2026-01-08', '2026-01-08 01:59:59', '2026-01-13 06:55:36'),
(831, 338, 'INIT-20260108-338', '2027-02-06', 1, 3600.00, '2026-01-08', '2026-01-08 01:59:59', '2026-01-13 07:07:03'),
(832, 339, 'INIT-20260108-339', '2028-03-25', 3, 10500.00, '2026-01-08', '2026-01-08 01:59:59', '2026-01-08 01:59:59'),
(833, 340, 'INIT-20260108-340', '2028-01-08', 2, 9430.00, '2026-01-08', '2026-01-08 01:59:59', '2026-01-08 01:59:59'),
(834, 341, 'INIT-20260108-341', '2028-01-08', 6, 0.00, '2026-01-08', '2026-01-08 01:59:59', '2026-01-13 08:19:08'),
(835, 342, 'INIT-20260108-342', '2028-12-20', 7, 0.00, '2026-01-08', '2026-01-08 01:59:59', '2026-01-08 01:59:59'),
(836, 343, 'INIT-20260108-343', '2027-03-06', 29, 0.00, '2026-01-08', '2026-01-08 01:59:59', '2026-01-10 09:58:40'),
(837, 344, 'INIT-20260108-344', '2026-02-28', 5, 0.00, '2026-01-08', '2026-01-08 01:59:59', '2026-01-08 01:59:59'),
(838, 345, 'INIT-20260108-345', '2026-12-03', 0, 0.00, '2026-01-08', '2026-01-08 01:59:59', '2026-01-13 08:17:37'),
(839, 346, 'INIT-20260108-346', '2027-09-11', 6, 0.00, '2026-01-08', '2026-01-08 01:59:59', '2026-01-08 01:59:59'),
(840, 347, 'INIT-20260108-347', '2026-07-27', 5, 0.00, '2026-01-08', '2026-01-08 01:59:59', '2026-01-08 01:59:59'),
(841, 348, 'INIT-20260108-348', '2026-11-26', 33, 0.00, '2026-01-08', '2026-01-08 01:59:59', '2026-01-08 01:59:59'),
(842, 349, 'INIT-20260108-349', '2026-03-29', 3, 0.00, '2026-01-08', '2026-01-08 01:59:59', '2026-01-08 01:59:59'),
(843, 350, 'INIT-20260108-350', '2026-08-27', 25, 0.00, '2026-01-08', '2026-01-08 01:59:59', '2026-01-08 01:59:59'),
(844, 351, 'INIT-20260108-351', '2026-11-27', 3, 0.00, '2026-01-08', '2026-01-08 01:59:59', '2026-01-08 01:59:59'),
(845, 352, 'INIT-20260108-352', '2028-01-08', 2, 0.00, '2026-01-08', '2026-01-08 01:59:59', '2026-01-08 01:59:59'),
(846, 353, 'INIT-20260108-353', '2028-01-08', 1, 0.00, '2026-01-08', '2026-01-08 01:59:59', '2026-01-08 01:59:59'),
(847, 354, 'INIT-20260108-354', '2028-01-08', 9, 18000.00, '2026-01-08', '2026-01-08 01:59:59', '2026-01-10 12:50:45'),
(848, 355, 'INIT-20260108-355', '2026-10-26', 28, 1500.00, '2026-01-08', '2026-01-08 01:59:59', '2026-01-08 01:59:59'),
(849, 356, 'INIT-20260108-356', '2026-12-26', 49, 1500.00, '2026-01-08', '2026-01-08 01:59:59', '2026-01-08 01:59:59'),
(850, 357, 'INIT-20260108-357', '2028-01-08', 57, 800.00, '2026-01-08', '2026-01-08 01:59:59', '2026-01-10 13:12:22'),
(851, 358, 'INIT-20260108-358', '2026-12-27', 7, 3600.00, '2026-01-08', '2026-01-08 02:00:00', '2026-01-08 02:00:00'),
(852, 359, 'INIT-20260108-359', '2028-01-08', 43, 800.00, '2026-01-08', '2026-01-08 02:00:00', '2026-01-08 02:00:00'),
(853, 360, 'INIT-20260108-360', '2028-01-08', 2, 35000.00, '2026-01-08', '2026-01-08 02:00:00', '2026-01-08 02:00:00'),
(854, 361, 'INIT-20260108-361', '2028-01-08', 2, 25600.00, '2026-01-08', '2026-01-08 02:00:00', '2026-01-08 02:00:00'),
(855, 362, 'INIT-20260108-362', '2028-01-08', 2, 22000.00, '2026-01-08', '2026-01-08 02:00:00', '2026-01-08 02:00:00'),
(856, 363, 'INIT-20260108-363', '2028-01-08', 1, 17200.00, '2026-01-08', '2026-01-08 02:00:00', '2026-01-08 02:00:00'),
(857, 364, 'INIT-20260108-364', '2028-01-08', 2, 13200.00, '2026-01-08', '2026-01-08 02:00:00', '2026-01-08 02:00:00'),
(858, 365, 'INIT-20260108-365', '2028-01-08', 4, 4000.00, '2026-01-08', '2026-01-08 02:00:00', '2026-01-08 02:00:00'),
(859, 366, 'INIT-20260108-366', '2028-01-08', 2, 5000.00, '2026-01-08', '2026-01-08 02:00:00', '2026-01-08 02:00:00'),
(860, 368, 'INIT-20260108-368', '2026-12-04', 10, 6450.00, '2026-01-08', '2026-01-08 02:00:00', '2026-01-13 07:10:38'),
(861, 369, 'INIT-20260108-369', '2026-05-26', 10, 6900.00, '2026-01-08', '2026-01-08 02:00:00', '2026-01-08 02:00:00'),
(862, 370, 'INIT-20260108-370', '2026-08-29', 8, 6400.00, '2026-01-08', '2026-01-08 02:00:00', '2026-01-08 02:00:00'),
(863, 371, 'INIT-20260108-371', '2028-01-08', 20, 1016.00, '2026-01-08', '2026-01-08 02:00:00', '2026-01-08 02:00:00'),
(864, 372, 'INIT-20260108-372', '2028-01-08', 1, 7500.00, '2026-01-08', '2026-01-08 02:00:00', '2026-01-08 02:00:00'),
(865, 373, 'INIT-20260108-373', '2028-01-08', 3, 5600.00, '2026-01-08', '2026-01-08 02:00:00', '2026-01-08 02:00:00'),
(866, 374, 'INIT-20260108-374', '2028-01-08', 2, 4600.00, '2026-01-08', '2026-01-08 02:00:00', '2026-01-08 02:00:00'),
(867, 375, 'INIT-20260108-375', '2028-01-08', 27, 10800.00, '2026-01-08', '2026-01-08 02:00:00', '2026-01-08 02:00:00'),
(868, 376, 'INIT-20260108-376', '2028-01-08', 99, 300.00, '2026-01-08', '2026-01-08 02:00:00', '2026-01-08 02:00:00'),
(869, 377, 'INIT-20260108-377', '2026-06-28', 20, 2800.00, '2026-01-08', '2026-01-08 02:00:00', '2026-01-08 02:00:00'),
(870, 378, 'INIT-20260108-378', '2028-01-08', 1, 18600.00, '2026-01-08', '2026-01-08 02:00:00', '2026-01-10 12:50:45'),
(871, 379, 'INIT-20260108-379', '2028-01-08', 1, 8000.00, '2026-01-08', '2026-01-08 02:00:00', '2026-01-08 02:00:00'),
(872, 380, 'INIT-20260108-380', '2028-01-08', 5, 4050.00, '2026-01-08', '2026-01-08 02:00:00', '2026-01-08 02:00:00'),
(873, 381, 'INIT-20260108-381', '2028-01-08', 2, 14250.00, '2026-01-08', '2026-01-08 02:00:00', '2026-01-08 02:00:00'),
(874, 382, 'INIT-20260108-382', '2028-01-08', 3, 5600.00, '2026-01-08', '2026-01-08 02:00:00', '2026-01-08 02:00:00'),
(875, 383, 'INIT-20260108-383', '2028-01-08', 2, 4430.00, '2026-01-08', '2026-01-08 02:00:00', '2026-01-08 02:00:00'),
(876, 384, 'INIT-20260108-384', '2028-01-08', 3, 19900.00, '2026-01-08', '2026-01-08 02:00:00', '2026-01-08 02:00:00'),
(877, 385, 'INIT-20260108-385', '2026-11-08', 3, 19000.00, '2026-01-08', '2026-01-08 02:00:00', '2026-01-08 02:00:00'),
(878, 386, 'INIT-20260108-386', '2028-01-08', 14, 4000.00, '2026-01-08', '2026-01-08 02:00:00', '2026-01-08 02:00:00'),
(879, 387, 'INIT-20260108-387', '2028-01-08', 25, 3266.00, '2026-01-08', '2026-01-08 02:00:00', '2026-01-08 02:00:00'),
(880, 388, 'INIT-20260108-388', '2028-01-08', 11, 3716.00, '2026-01-08', '2026-01-08 02:00:00', '2026-01-10 05:24:49'),
(881, 389, 'INIT-20260108-389', '2028-01-08', 3, 4575.00, '2026-01-08', '2026-01-08 02:00:00', '2026-01-08 02:00:00'),
(882, 390, 'INIT-20260108-390', '2028-01-08', 8, 14800.00, '2026-01-08', '2026-01-08 02:00:00', '2026-01-10 09:13:44'),
(883, 391, 'INIT-20260108-391', '2028-01-08', 3, 0.00, '2026-01-08', '2026-01-08 02:00:00', '2026-01-08 02:00:00'),
(884, 392, 'INIT-20260108-392', '2028-01-08', 3, 0.00, '2026-01-08', '2026-01-08 02:00:00', '2026-01-08 02:00:00'),
(885, 393, 'INIT-20260108-393', '2028-01-08', 5, 7200.00, '2026-01-08', '2026-01-08 02:00:00', '2026-01-08 02:00:00'),
(886, 394, 'INIT-20260108-394', '2028-01-08', 6, 5800.00, '2026-01-08', '2026-01-08 02:00:00', '2026-01-08 02:00:00'),
(887, 395, 'INIT-20260108-395', '2026-07-26', 1, 5900.00, '2026-01-08', '2026-01-08 02:00:00', '2026-01-08 02:00:00'),
(888, 396, 'INIT-20260108-396', '2027-10-06', 1, 4000.00, '2026-01-08', '2026-01-08 02:00:00', '2026-01-08 02:00:00'),
(889, 397, 'INIT-20260108-397', '2030-01-01', 5, 3064.00, '2026-01-08', '2026-01-08 02:00:00', '2026-01-08 02:00:00'),
(890, 398, 'INIT-20260108-398', '2030-04-01', 6, 5600.00, '2026-01-08', '2026-01-08 02:00:00', '2026-01-08 02:00:00'),
(891, 399, 'INIT-20260108-399', '2029-05-01', 2, 5056.00, '2026-01-08', '2026-01-08 02:00:00', '2026-01-08 02:00:00'),
(892, 400, 'INIT-20260108-400', '2030-04-01', 2, 4479.00, '2026-01-08', '2026-01-08 02:00:01', '2026-01-08 02:00:01'),
(893, 401, 'INIT-20260108-401', '2028-08-01', 1, 4479.00, '2026-01-08', '2026-01-08 02:00:01', '2026-01-08 02:00:01'),
(894, 402, 'INIT-20260108-402', '2029-08-01', 2, 4479.00, '2026-01-08', '2026-01-08 02:00:01', '2026-01-08 02:00:01'),
(895, 403, 'INIT-20260108-403', '2026-06-06', 2, 1000.00, '2026-01-08', '2026-01-08 02:00:01', '2026-01-13 06:59:48'),
(896, 404, 'INIT-20260108-404', '2028-09-02', 1, 1000.00, '2026-01-08', '2026-01-08 02:00:01', '2026-01-13 07:05:23'),
(897, 405, 'INIT-20260108-405', '2027-01-02', 2, 1000.00, '2026-01-08', '2026-01-08 02:00:01', '2026-01-13 07:00:07'),
(898, 406, 'INIT-20260108-406', '2026-02-01', 1, 1000.00, '2026-01-08', '2026-01-08 02:00:01', '2026-01-08 02:00:01'),
(899, 407, 'INIT-20260108-407', '2024-11-01', 1, 1000.00, '2026-01-08', '2026-01-08 02:00:01', '2026-01-08 02:00:01'),
(900, 408, 'INIT-20260108-408', '2030-03-01', 2, 4800.00, '2026-01-08', '2026-01-08 02:00:01', '2026-01-08 02:00:01'),
(901, 409, 'INIT-20260108-409', '2027-05-07', 1, 12000.00, '2026-01-08', '2026-01-08 02:00:01', '2026-01-13 07:07:19'),
(902, 410, 'INIT-20260108-410', '2027-03-01', 2, 10110.00, '2026-01-08', '2026-01-08 02:00:01', '2026-01-08 02:00:01'),
(903, 411, 'INIT-20260108-411', '2028-01-08', 1, 4000.00, '2026-01-08', '2026-01-08 02:00:01', '2026-01-08 02:00:01'),
(904, 412, 'INIT-20260108-412', '2028-01-08', 2, 2400.00, '2026-01-08', '2026-01-08 02:00:01', '2026-01-08 02:00:01'),
(905, 413, 'INIT-20260108-413', '2028-01-08', 3, 6400.00, '2026-01-08', '2026-01-08 02:00:01', '2026-01-08 02:00:01'),
(906, 414, 'INIT-20260108-414', '2028-01-08', 5, 3200.00, '2026-01-08', '2026-01-08 02:00:01', '2026-01-08 02:00:01'),
(907, 415, 'INIT-20260108-415', '2028-01-08', 13, 2400.00, '2026-01-08', '2026-01-08 02:00:01', '2026-01-08 02:00:01'),
(908, 416, 'INIT-20260108-416', '2028-01-08', 27, 2400.00, '2026-01-08', '2026-01-08 02:00:01', '2026-01-08 02:00:01'),
(909, 417, 'INIT-20260108-417', '2028-01-08', 182, 800.00, '2026-01-08', '2026-01-08 02:00:01', '2026-01-08 02:00:01'),
(910, 418, 'INIT-20260108-418', '2028-01-08', 1, 19200.00, '2026-01-08', '2026-01-08 02:00:01', '2026-01-08 02:00:01'),
(911, 419, 'INIT-20260108-419', '2028-01-08', 7, 8800.00, '2026-01-08', '2026-01-08 02:00:01', '2026-01-08 02:00:01'),
(912, 420, 'INIT-20260108-420', '2028-01-08', 10, 3500.00, '2026-01-08', '2026-01-08 02:00:01', '2026-01-08 02:00:01'),
(913, 421, 'INIT-20260108-421', '2028-01-08', 1, 34000.00, '2026-01-08', '2026-01-08 02:00:01', '2026-01-08 02:00:01'),
(914, 422, 'INIT-20260108-422', '2028-01-08', 1, 6800.00, '2026-01-08', '2026-01-08 02:00:01', '2026-01-08 02:00:01'),
(915, 423, 'INIT-20260108-423', '2028-01-08', 9, 9600.00, '2026-01-08', '2026-01-08 02:00:01', '2026-01-08 02:00:01'),
(916, 424, 'INIT-20260108-424', '2026-09-01', 4, 10000.00, '2026-01-08', '2026-01-08 02:00:01', '2026-01-08 02:00:01'),
(917, 425, 'INIT-20260108-425', '2029-02-01', 2, 32000.00, '2026-01-08', '2026-01-08 02:00:01', '2026-01-08 02:00:01'),
(918, 426, 'INIT-20260108-426', '2027-12-01', 1, 21800.00, '2026-01-08', '2026-01-08 02:00:01', '2026-01-08 02:00:01'),
(919, 427, 'INIT-20260108-427', '2029-06-01', 2, 22300.00, '2026-01-08', '2026-01-08 02:00:01', '2026-01-10 12:50:45'),
(920, 428, 'INIT-20260108-428', '2027-10-01', 13, 825.00, '2026-01-08', '2026-01-08 02:00:01', '2026-01-08 02:00:01'),
(921, 429, 'INIT-20260108-429', '2027-09-01', 2, 16800.00, '2026-01-08', '2026-01-08 02:00:01', '2026-01-08 02:00:01'),
(922, 430, 'INIT-20260108-430', '2026-12-01', 1, 21600.00, '2026-01-08', '2026-01-08 02:00:01', '2026-01-08 02:00:01'),
(923, 431, 'INIT-20260108-431', '2028-08-01', 5, 4250.00, '2026-01-08', '2026-01-08 02:00:01', '2026-01-08 02:00:01'),
(924, 432, 'INIT-20260108-432', '2027-10-01', 2, 14000.00, '2026-01-08', '2026-01-08 02:00:01', '2026-01-08 02:00:01');
INSERT INTO `stock_batches` (`id`, `product_id`, `batch_no`, `expired_date`, `qty_on_hand`, `cost_price`, `received_at`, `created_at`, `updated_at`) VALUES
(925, 433, 'INIT-20260108-433', '2027-05-01', 2, 24000.00, '2026-01-08', '2026-01-08 02:00:01', '2026-01-08 02:00:01'),
(926, 434, 'INIT-20260108-434', '2027-11-01', 3, 6350.00, '2026-01-08', '2026-01-08 02:00:01', '2026-01-08 02:00:01'),
(927, 435, 'INIT-20260108-435', '2028-03-01', 3, 15207.00, '2026-01-08', '2026-01-08 02:00:01', '2026-01-08 02:00:01'),
(928, 436, 'INIT-20260108-436', '2027-10-01', 4, 25974.00, '2026-01-08', '2026-01-08 02:00:01', '2026-01-08 02:00:01'),
(929, 437, 'INIT-20260108-437', '2027-03-05', 2, 5600.00, '2026-01-08', '2026-01-08 02:00:01', '2026-01-13 07:08:12'),
(930, 438, 'INIT-20260108-438', '2027-03-01', 1, 8300.00, '2026-01-08', '2026-01-08 02:00:01', '2026-01-08 02:00:01'),
(931, 439, 'INIT-20260108-439', '2027-08-01', 1, 46400.00, '2026-01-08', '2026-01-08 02:00:01', '2026-01-08 02:00:01'),
(932, 440, 'INIT-20260108-440', '2026-06-05', 4, 10400.00, '2026-01-08', '2026-01-08 02:00:01', '2026-01-08 02:00:01'),
(933, 441, 'INIT-20260108-441', '2030-01-01', 2, 57600.00, '2026-01-08', '2026-01-08 02:00:01', '2026-01-08 02:00:01'),
(934, 442, 'INIT-20260108-442', '2029-07-01', 4, 16600.00, '2026-01-08', '2026-01-08 02:00:01', '2026-01-08 02:00:01'),
(935, 443, 'INIT-20260108-443', '2029-09-01', 4, 10700.00, '2026-01-08', '2026-01-08 02:00:01', '2026-01-08 02:00:01'),
(936, 444, 'INIT-20260108-444', '2028-01-08', 4, 6500.00, '2026-01-08', '2026-01-08 02:00:01', '2026-01-08 02:00:01'),
(937, 445, 'INIT-20260108-445', '2028-01-08', 3, 38200.00, '2026-01-08', '2026-01-08 02:00:01', '2026-01-08 02:00:01'),
(938, 446, 'INIT-20260108-446', '2028-01-08', 5, 6400.00, '2026-01-08', '2026-01-08 02:00:01', '2026-01-08 02:00:01'),
(939, 447, 'INIT-20260108-447', '2027-06-01', 1, 10923.00, '2026-01-08', '2026-01-08 02:00:01', '2026-01-08 02:00:01'),
(940, 448, 'INIT-20260108-448', '2028-10-01', 0, 10922.00, '2026-01-08', '2026-01-08 02:00:01', '2026-01-09 03:44:55'),
(941, 449, 'INIT-20260108-449', '2027-12-01', 1, 10922.00, '2026-01-08', '2026-01-08 02:00:01', '2026-01-14 02:59:10'),
(942, 450, 'INIT-20260108-450', '2028-06-01', 2, 11349.00, '2026-01-08', '2026-01-08 02:00:01', '2026-01-08 02:00:01'),
(943, 451, 'INIT-20260108-451', '2028-06-01', 2, 19691.00, '2026-01-08', '2026-01-08 02:00:02', '2026-01-08 02:00:02'),
(944, 452, 'INIT-20260108-452', '2028-08-01', 1, 26966.00, '2026-01-08', '2026-01-08 02:00:02', '2026-01-08 02:00:02'),
(945, 453, 'INIT-20260108-453', '2028-05-01', 1, 43650.00, '2026-01-08', '2026-01-08 02:00:02', '2026-01-08 02:00:02'),
(946, 454, 'INIT-20260108-454', '2028-02-03', 2, 5052.00, '2026-01-08', '2026-01-08 02:00:02', '2026-01-08 02:00:02'),
(947, 455, 'INIT-20260108-455', '2029-12-05', 2, 10898.00, '2026-01-08', '2026-01-08 02:00:02', '2026-01-08 02:00:02'),
(948, 456, 'INIT-20260108-456', '2029-07-05', 2, 35903.00, '2026-01-08', '2026-01-08 02:00:02', '2026-01-08 02:00:02'),
(949, 457, 'INIT-20260108-457', '2030-04-01', 2, 6709.00, '2026-01-08', '2026-01-08 02:00:02', '2026-01-08 02:00:02'),
(950, 458, 'INIT-20260108-458', '2029-04-01', 2, 17952.00, '2026-01-08', '2026-01-08 02:00:02', '2026-01-08 02:00:02'),
(951, 459, 'INIT-20260108-459', '2029-04-01', 1, 25075.00, '2026-01-08', '2026-01-08 02:00:02', '2026-01-08 02:00:02'),
(952, 460, 'INIT-20260108-460', '2030-02-01', 1, 42800.00, '2026-01-08', '2026-01-08 02:00:02', '2026-01-08 02:00:02'),
(953, 461, 'INIT-20260108-461', '2028-08-01', 1, 10750.00, '2026-01-08', '2026-01-08 02:00:02', '2026-01-08 02:00:02'),
(954, 462, 'INIT-20260108-462', '2027-12-01', 5, 14500.00, '2026-01-08', '2026-01-08 02:00:02', '2026-01-08 02:00:02'),
(955, 463, 'INIT-20260108-463', '2028-01-08', 1, 18700.00, '2026-01-08', '2026-01-08 02:00:02', '2026-01-08 02:00:02'),
(956, 464, 'INIT-20260108-464', '2027-05-01', 1, 32500.00, '2026-01-08', '2026-01-08 02:00:02', '2026-01-08 02:00:02'),
(957, 465, 'INIT-20260108-465', '2028-03-01', 2, 17500.00, '2026-01-08', '2026-01-08 02:00:02', '2026-01-08 02:00:02'),
(958, 466, 'INIT-20260108-466', '2027-01-01', 3, 19059.00, '2026-01-08', '2026-01-08 02:00:02', '2026-01-08 02:00:02'),
(959, 467, 'INIT-20260108-467', '2029-09-01', 2, 16356.00, '2026-01-08', '2026-01-08 02:00:02', '2026-01-08 02:00:02'),
(960, 468, 'INIT-20260108-468', '2030-05-01', 1, 8354.00, '2026-01-08', '2026-01-08 02:00:02', '2026-01-08 02:00:02'),
(961, 469, 'INIT-20260108-469', '2029-11-01', 1, 4652.00, '2026-01-08', '2026-01-08 02:00:02', '2026-01-08 02:00:02'),
(962, 470, 'INIT-20260108-470', '2029-11-01', 2, 11750.00, '2026-01-08', '2026-01-08 02:00:02', '2026-01-08 02:00:02'),
(963, 471, 'INIT-20260108-471', '2028-05-01', 2, 6250.00, '2026-01-08', '2026-01-08 02:00:02', '2026-01-08 02:00:02'),
(964, 472, 'INIT-20260108-472', '2029-12-01', 2, 5500.00, '2026-01-08', '2026-01-08 02:00:02', '2026-01-08 02:00:02'),
(965, 473, 'INIT-20260108-473', '2026-12-10', 4, 8100.00, '2026-01-08', '2026-01-08 02:00:02', '2026-01-08 02:00:02'),
(966, 474, 'INIT-20260108-474', '2029-10-01', 1, 8500.00, '2026-01-08', '2026-01-08 02:00:02', '2026-01-08 02:00:02'),
(967, 475, 'INIT-20260108-475', '2029-11-01', 1, 13000.00, '2026-01-08', '2026-01-08 02:00:02', '2026-01-08 02:00:02'),
(968, 476, 'INIT-20260108-476', '2026-11-30', 2, 15200.00, '2026-01-08', '2026-01-08 02:00:02', '2026-01-08 02:00:02'),
(969, 477, 'INIT-20260108-477', '2029-02-01', 3, 6750.00, '2026-01-08', '2026-01-08 02:00:02', '2026-01-08 02:00:02'),
(970, 478, 'INIT-20260108-478', '2027-09-09', 3, 6000.00, '2026-01-08', '2026-01-08 02:00:02', '2026-01-08 02:00:02'),
(971, 479, 'INIT-20260108-479', '2030-02-01', 1, 5600.00, '2026-01-08', '2026-01-08 02:00:02', '2026-01-08 02:00:02'),
(972, 480, 'INIT-20260108-480', '2026-10-01', 1, 10500.00, '2026-01-08', '2026-01-08 02:00:02', '2026-01-08 02:00:02'),
(973, 481, 'INIT-20260108-481', '2027-03-01', 3, 28747.00, '2026-01-08', '2026-01-08 02:00:02', '2026-01-08 02:00:02'),
(974, 482, 'INIT-20260108-482', '2027-10-01', 5, 25783.00, '2026-01-08', '2026-01-08 02:00:02', '2026-01-08 02:00:02'),
(975, 483, 'INIT-20260108-483', '2027-10-01', 11, 1000.00, '2026-01-08', '2026-01-08 02:00:02', '2026-01-08 02:00:02'),
(976, 484, 'INIT-20260108-484', '2027-09-01', 4, 12500.00, '2026-01-08', '2026-01-08 02:00:02', '2026-01-08 02:00:02'),
(977, 485, 'INIT-20260108-485', '2026-08-01', 1, 2500.00, '2026-01-08', '2026-01-08 02:00:02', '2026-01-08 04:02:00'),
(978, 486, 'INIT-20260108-486', '2028-10-01', 2, 17500.00, '2026-01-08', '2026-01-08 02:00:02', '2026-01-08 02:00:02'),
(979, 487, 'INIT-20260108-487', '2027-03-01', 2, 10000.00, '2026-01-08', '2026-01-08 02:00:02', '2026-01-08 02:00:02'),
(980, 488, 'INIT-20260108-488', '2026-12-01', 4, 12000.00, '2026-01-08', '2026-01-08 02:00:02', '2026-01-08 02:00:02'),
(981, 489, 'INIT-20260108-489', '2026-12-01', 2, 33965.00, '2026-01-08', '2026-01-08 02:00:02', '2026-01-08 02:00:02'),
(982, 490, 'INIT-20260108-490', '2027-01-01', 20, 1850.00, '2026-01-08', '2026-01-08 02:00:02', '2026-01-08 02:00:02'),
(983, 491, 'INIT-20260108-491', '2028-07-01', 6, 7333.00, '2026-01-08', '2026-01-08 02:00:02', '2026-01-08 02:00:02'),
(984, 492, 'INIT-20260108-492', '2027-02-01', 105, 750.00, '2026-01-08', '2026-01-08 02:00:02', '2026-01-08 02:00:02'),
(985, 493, 'INIT-20260108-493', '2030-02-01', 19, 4000.00, '2026-01-08', '2026-01-08 02:00:02', '2026-01-09 03:44:55'),
(986, 494, 'INIT-20260108-494', '2029-11-01', 8, 7780.00, '2026-01-08', '2026-01-08 02:00:02', '2026-01-08 02:00:02'),
(987, 495, 'INIT-20260108-495', '2027-08-01', 7, 7934.00, '2026-01-08', '2026-01-08 02:00:02', '2026-01-08 02:00:02'),
(988, 496, 'INIT-20260108-496', '2026-02-27', 32, 825.00, '2026-01-08', '2026-01-08 02:00:02', '2026-01-08 02:00:02'),
(989, 497, 'INIT-20260108-497', '2027-03-05', 17, 1646.00, '2026-01-08', '2026-01-08 02:00:02', '2026-01-13 07:12:10'),
(990, 498, 'INIT-20260108-498', '2026-12-01', 1, 2400.00, '2026-01-08', '2026-01-08 02:00:02', '2026-01-08 02:00:02'),
(991, 499, 'INIT-20260108-499', '2026-12-01', 1, 10000.00, '2026-01-08', '2026-01-08 02:00:02', '2026-01-08 02:00:02'),
(992, 500, 'INIT-20260108-500', '2026-11-26', 23, 2916.00, '2026-01-08', '2026-01-08 02:00:02', '2026-01-08 02:00:02'),
(993, 501, 'INIT-20260108-501', '2026-05-28', 115, 2125.00, '2026-01-08', '2026-01-08 02:00:02', '2026-01-08 02:00:02'),
(994, 502, 'INIT-20260108-502', '2028-02-19', 8, 6740.00, '2026-01-08', '2026-01-08 02:00:02', '2026-01-08 02:00:02'),
(995, 503, 'INIT-20260108-503', '2028-02-01', 3, 9215.00, '2026-01-08', '2026-01-08 02:00:02', '2026-01-08 02:00:02'),
(996, 504, 'INIT-20260108-504', '2028-04-01', 8, 6782.00, '2026-01-08', '2026-01-08 02:00:02', '2026-01-08 02:00:02'),
(997, 505, 'INIT-20260108-505', '2027-11-01', 9, 12000.00, '2026-01-08', '2026-01-08 02:00:02', '2026-01-08 02:00:02'),
(998, 506, 'INIT-20260108-506', '2027-10-01', 7, 3000.00, '2026-01-08', '2026-01-08 02:00:02', '2026-01-08 02:00:02'),
(999, 507, 'INIT-20260108-507', '2026-04-26', 1, 1541.00, '2026-01-08', '2026-01-08 02:00:02', '2026-01-10 12:50:45'),
(1000, 508, 'INIT-20260108-508', '2026-06-26', 10, 1510.00, '2026-01-08', '2026-01-08 02:00:02', '2026-01-08 02:00:02'),
(1001, 509, 'INIT-20260108-509', '2026-09-26', 2, 3666.00, '2026-01-08', '2026-01-08 02:00:02', '2026-01-08 02:00:02'),
(1002, 510, 'INIT-20260108-510', '2026-07-26', 5, 3006.00, '2026-01-08', '2026-01-08 02:00:02', '2026-01-10 12:50:45'),
(1003, 511, 'INIT-20260108-511', '2028-01-08', 20, 3251.00, '2026-01-08', '2026-01-08 02:00:02', '2026-01-08 02:00:02'),
(1004, 512, 'INIT-20260108-512', '2026-03-27', 4, 3102.00, '2026-01-08', '2026-01-08 02:00:02', '2026-01-08 02:00:02'),
(1005, 513, 'INIT-20260108-513', '2026-04-26', 4, 2420.00, '2026-01-08', '2026-01-08 02:00:02', '2026-01-10 12:50:45'),
(1006, 514, 'INIT-20260108-514', '2026-10-03', 10, 2416.00, '2026-01-08', '2026-01-08 02:00:02', '2026-01-13 07:10:23'),
(1007, 515, 'INIT-20260108-515', '2027-01-21', 10, 871.00, '2026-01-08', '2026-01-08 02:00:03', '2026-01-08 02:00:03'),
(1008, 516, 'INIT-20260108-516', '2027-03-01', 10, 7026.00, '2026-01-08', '2026-01-08 02:00:03', '2026-01-08 02:00:03'),
(1009, 517, 'INIT-20260108-517', '2027-01-01', 10, 9874.00, '2026-01-08', '2026-01-08 02:00:03', '2026-01-08 02:00:03'),
(1010, 518, 'INIT-20260108-518', '2026-10-01', 4, 8950.00, '2026-01-08', '2026-01-08 02:00:03', '2026-01-08 02:00:03'),
(1011, 519, 'INIT-20260108-519', '2027-12-01', 2, 6700.00, '2026-01-08', '2026-01-08 02:00:03', '2026-01-09 01:11:19'),
(1012, 520, 'INIT-20260108-520', '2027-04-01', 8, 7663.00, '2026-01-08', '2026-01-08 02:00:03', '2026-01-08 02:00:03'),
(1013, 521, 'INIT-20260108-521', '2027-02-25', 135, 20680.00, '2026-01-08', '2026-01-08 02:00:03', '2026-01-08 02:00:03'),
(1014, 522, 'INIT-20260108-522', '2026-11-18', 10, 10333.00, '2026-01-08', '2026-01-08 02:00:03', '2026-01-08 02:00:03'),
(1015, 523, 'INIT-20260108-523', '2027-08-30', 10, 10733.00, '2026-01-08', '2026-01-08 02:00:03', '2026-01-09 10:49:33'),
(1016, 524, 'INIT-20260108-524', '2026-12-09', 16, 4800.00, '2026-01-08', '2026-01-08 02:00:03', '2026-01-08 02:00:03'),
(1017, 525, 'INIT-20260108-525', '2026-11-26', 18, 3000.00, '2026-01-08', '2026-01-08 02:00:03', '2026-01-08 02:00:03'),
(1018, 526, 'INIT-20260108-526', '2026-10-26', 21, 3560.00, '2026-01-08', '2026-01-08 02:00:03', '2026-01-08 02:00:03'),
(1019, 527, 'INIT-20260108-527', '2026-12-26', 10, 9850.00, '2026-01-08', '2026-01-08 02:00:03', '2026-01-08 02:00:03'),
(1020, 528, 'INIT-20260108-528', '2027-02-13', 8, 5141.00, '2026-01-08', '2026-01-08 02:00:03', '2026-01-13 07:10:53'),
(1021, 529, 'INIT-20260108-529', '2028-01-08', 2, 11400.00, '2026-01-08', '2026-01-08 02:00:03', '2026-01-08 02:00:03'),
(1022, 530, 'INIT-20260108-530', '2028-01-08', 6, 4800.00, '2026-01-08', '2026-01-08 02:00:03', '2026-01-08 02:00:03'),
(1023, 531, 'INIT-20260108-531', '2028-01-08', 1, 7900.00, '2026-01-08', '2026-01-08 02:00:03', '2026-01-14 03:53:48'),
(1024, 532, 'INIT-20260108-532', '2028-01-08', 3, 19500.00, '2026-01-08', '2026-01-08 02:00:03', '2026-01-08 02:00:03'),
(1025, 533, 'INIT-20260108-533', '2028-01-08', 1, 11300.00, '2026-01-08', '2026-01-08 02:00:03', '2026-01-08 02:00:03'),
(1026, 534, 'INIT-20260108-534', '2028-01-08', 2, 19700.00, '2026-01-08', '2026-01-08 02:00:03', '2026-01-08 02:00:03'),
(1027, 535, 'INIT-20260108-535', '2027-11-01', 5, 24300.00, '2026-01-08', '2026-01-08 02:00:03', '2026-01-08 02:00:03'),
(1028, 536, 'INIT-20260108-536', '2027-12-01', 3, 32400.00, '2026-01-08', '2026-01-08 02:00:03', '2026-01-08 02:00:03'),
(1029, 537, 'INIT-20260108-537', '2027-02-01', 14, 24320.00, '2026-01-08', '2026-01-08 02:00:03', '2026-01-08 02:00:03'),
(1030, 538, 'INIT-20260108-538', '2026-03-27', 6, 8000.00, '2026-01-08', '2026-01-08 02:00:03', '2026-01-08 02:00:03'),
(1031, 539, 'INIT-20260108-539', '2026-11-07', 12, 16567.00, '2026-01-08', '2026-01-08 02:00:03', '2026-01-13 07:11:08'),
(1032, 540, 'INIT-20260108-540', '2026-11-29', 9, 1800.00, '2026-01-08', '2026-01-08 02:00:03', '2026-01-08 02:00:03'),
(1033, 541, 'INIT-20260108-541', '2026-09-26', 2, 12000.00, '2026-01-08', '2026-01-08 02:00:03', '2026-01-08 02:00:03'),
(1034, 542, 'INIT-20260108-542', '2028-01-08', 4, 7500.00, '2026-01-08', '2026-01-08 02:00:03', '2026-01-08 02:00:03'),
(1035, 543, 'INIT-20260108-543', '2026-09-01', 5, 229600.00, '2026-01-08', '2026-01-08 02:00:03', '2026-01-08 02:00:03'),
(1036, 544, 'INIT-20260108-544', '2026-05-27', 16, 3520.00, '2026-01-08', '2026-01-08 02:00:03', '2026-01-08 02:00:03'),
(1037, 545, 'INIT-20260108-545', '2026-10-26', 10, 1800.00, '2026-01-08', '2026-01-08 02:00:03', '2026-01-08 02:00:03'),
(1038, 546, 'INIT-20260108-546', '2026-10-26', 1, 1600.00, '2026-01-08', '2026-01-08 02:00:03', '2026-01-08 02:00:03'),
(1039, 547, 'INIT-20260108-547', '2029-04-01', 4, 17000.00, '2026-01-08', '2026-01-08 02:00:03', '2026-01-08 02:00:03'),
(1040, 548, 'INIT-20260108-548', '2026-11-26', 20, 2000.00, '2026-01-08', '2026-01-08 02:00:03', '2026-01-08 02:00:03'),
(1041, 549, 'INIT-20260108-549', '2028-01-08', 4, 4000.00, '2026-01-08', '2026-01-08 02:00:03', '2026-01-08 02:00:03'),
(1042, 550, 'INIT-20260108-550', '2026-11-05', 6, 5600.00, '2026-01-08', '2026-01-08 02:00:03', '2026-01-13 07:12:32'),
(1043, 551, 'INIT-20260108-551', '2026-08-26', 4, 10400.00, '2026-01-08', '2026-01-08 02:00:03', '2026-01-08 02:00:03'),
(1044, 552, 'INIT-20260108-552', '2026-07-26', 2, 10400.00, '2026-01-08', '2026-01-08 02:00:03', '2026-01-08 02:00:03'),
(1045, 553, 'INIT-20260108-553', '2026-02-26', 7, 5000.00, '2026-01-08', '2026-01-08 02:00:03', '2026-01-08 02:00:03'),
(1046, 554, 'INIT-20260108-554', '2026-07-26', 8, 5000.00, '2026-01-08', '2026-01-08 02:00:03', '2026-01-08 02:00:03'),
(1047, 320, 'hps123', '2027-09-10', 98, 1000.00, '2026-01-10', '2026-01-10 12:00:58', '2026-01-14 02:59:10'),
(1048, 565, '-', '2027-04-09', 3, 6000.00, '2026-01-12', '2026-01-12 07:14:07', '2026-01-13 07:47:49'),
(1049, 570, 'NB55961', '2027-03-05', 196, 300.00, '2026-01-06', '2026-01-12 08:26:14', '2026-01-13 08:04:09'),
(1050, 577, '25B01110', '2027-10-06', 1, 12000.00, '2026-01-09', '2026-01-12 10:55:10', '2026-01-13 08:06:09'),
(1051, 579, '25B01110', '2027-02-17', 7, 10000.00, '2026-01-09', '2026-01-13 02:07:32', '2026-01-13 08:19:08'),
(1052, 584, '00001', '2027-08-13', 0, 15000.00, '2026-01-13', '2026-01-13 02:41:58', '2026-01-13 02:43:25'),
(1053, 581, '25B01111', '2027-08-13', 1, 28000.00, '2026-01-09', '2026-01-13 02:52:19', '2026-01-13 11:24:21'),
(1054, 582, '25B01112', '2027-06-10', 2, 10000.00, '2026-01-09', '2026-01-13 02:52:19', '2026-01-13 02:52:19'),
(1055, 583, '25B01113', '2027-06-14', 2, 10000.00, '2026-01-09', '2026-01-13 02:52:19', '2026-01-13 02:52:19'),
(1056, 113, '25BO114', '2027-10-14', 100, 400.00, '2026-01-09', '2026-01-13 02:52:19', '2026-01-13 02:52:19'),
(1057, 586, 'H25A61', '2027-07-08', 3, 8000.00, '2026-01-09', '2026-01-13 03:25:23', '2026-01-13 03:25:23'),
(1058, 594, '256HJI99', '2027-09-04', 3, 12000.00, '2026-01-09', '2026-01-13 03:34:30', '2026-01-13 03:38:38'),
(1059, 580, 'RHHY6668', '2027-05-29', 3, 8000.00, '2026-01-09', '2026-01-13 03:47:57', '2026-01-13 03:47:57'),
(1060, 578, 'KH78M0', '2027-05-15', 3, 56000.00, '2026-01-09', '2026-01-13 03:53:01', '2026-01-13 03:53:01'),
(1061, 251, 'BH9000', '2027-05-15', 2, 52000.00, '2026-01-09', '2026-01-13 03:54:43', '2026-01-13 03:54:43'),
(1062, 588, 'BH005G', '2028-03-20', 25, 3500.00, '2026-01-09', '2026-01-13 03:57:38', '2026-01-13 03:57:38'),
(1063, 587, 'BH7701', '2028-03-05', 50, 3500.00, '2026-01-09', '2026-01-13 03:59:31', '2026-01-13 03:59:31'),
(1064, 589, 'RHHY6668', '2027-04-10', 2, 24000.00, '2026-01-09', '2026-01-13 04:02:50', '2026-01-13 08:17:37'),
(1065, 590, '25B01110', '2027-07-17', 3, 19000.00, '2026-01-09', '2026-01-13 04:04:47', '2026-01-13 04:04:47'),
(1066, 591, 'II8900P', '2027-04-13', 3, 25000.00, '2026-01-09', '2026-01-13 04:09:32', '2026-01-13 04:09:32'),
(1067, 592, '2566MMI', '2027-04-22', 10, 6000.00, '2026-01-09', '2026-01-13 04:10:58', '2026-01-13 04:10:58'),
(1068, 593, '25B0781', '2027-04-30', 2, 43000.00, '2026-01-09', '2026-01-13 04:12:55', '2026-01-13 04:12:55'),
(1069, 595, '257HY11', '2027-06-12', 40, 6000.00, '2026-01-09', '2026-01-13 04:15:20', '2026-01-13 04:15:20'),
(1070, 596, '245NN110', '2027-12-17', 200, 500.00, '2026-01-09', '2026-01-13 04:18:05', '2026-01-13 04:18:05'),
(1071, 597, '25811KMM', '2027-04-17', 200, 300.00, '2026-01-09', '2026-01-13 04:20:46', '2026-01-13 04:20:46'),
(1072, 602, '25132701', '2027-06-26', 99, 28000.00, '2026-01-09', '2026-01-13 04:37:07', '2026-01-13 08:23:30'),
(1073, 603, '251380H', '2027-04-14', 4, 22000.00, '2026-01-09', '2026-01-13 04:40:08', '2026-01-13 08:27:45'),
(1074, 83, '76NN110', '2027-05-20', 150, 1100.00, '2026-01-09', '2026-01-13 04:43:54', '2026-01-13 04:43:54'),
(1075, 598, '254BB021', '2027-04-21', 100, 2500.00, '2026-01-09', '2026-01-13 04:45:57', '2026-01-13 04:45:57'),
(1076, 599, '25NNN80', '2027-04-16', 50, 7500.00, '2026-01-09', '2026-01-13 04:48:10', '2026-01-13 04:48:18'),
(1077, 118, '24500011', '2026-12-12', 30, 8500.00, '2026-01-09', '2026-01-13 04:50:59', '2026-01-13 07:08:40'),
(1078, 345, '244000FT', '2027-05-21', 24, 48000.00, '2026-01-09', '2026-01-13 04:53:03', '2026-01-13 11:23:01'),
(1079, 124, '25880F4', '2027-05-20', 40, 12000.00, '2026-01-09', '2026-01-13 04:55:16', '2026-01-13 04:55:16'),
(1080, 600, '27880011', '2027-03-12', 3, 54000.00, '2026-01-09', '2026-01-13 04:56:34', '2026-01-13 07:09:24'),
(1081, 601, '24GG67', '2027-08-07', 10, 6000.00, '2026-01-09', '2026-01-13 04:58:25', '2026-01-13 07:09:08'),
(1082, 606, 'U25105080', '2027-06-11', 24, 15000.00, '2026-01-09', '2026-01-13 05:19:23', '2026-01-13 05:26:40'),
(1083, 605, 'G25202080', '2027-09-23', 50, 10000.00, '2026-01-09', '2026-01-13 05:21:18', '2026-01-13 05:21:18'),
(1084, 604, 'C25108070', '2027-01-21', 10, 25000.00, '2026-01-09', '2026-01-13 05:22:58', '2026-01-13 05:22:58'),
(1085, 564, '34722000J', '2026-07-10', 2, 13000.00, '2026-01-13', '2026-01-13 07:53:26', '2026-01-13 08:04:09'),
(1086, 576, '23MMM000', '2026-07-25', 1, 12000.00, '2026-01-13', '2026-01-13 08:02:57', '2026-01-13 08:04:09'),
(1087, 607, '24500MM', '2026-10-03', 149, 800.00, '2026-01-13', '2026-01-13 08:14:21', '2026-01-13 08:17:37'),
(1088, 608, 'MMU8890', '2027-07-16', 49, 3000.00, '2026-01-13', '2026-01-13 08:31:36', '2026-01-13 08:32:34'),
(1089, 557, '890000K', '2027-03-13', 1, 25000.00, '2026-12-04', '2026-01-13 08:41:36', '2026-01-13 08:43:37'),
(1090, 558, '25B011110', '2027-03-05', 1, 26500.00, '2026-10-03', '2026-01-13 08:56:43', '2026-01-14 08:35:33'),
(1091, 559, '2500010K', '2027-03-05', 2, 13000.00, '2026-01-06', '2026-01-13 09:24:38', '2026-01-13 09:24:38'),
(1092, 560, 'fk9793', '2027-10-16', 8, 23000.00, '2026-01-06', '2026-01-14 05:55:45', '2026-01-14 06:26:11'),
(1093, 561, '51396298g1', '2027-05-18', 2, 27500.00, '2026-01-06', '2026-01-14 06:30:17', '2026-01-14 06:30:17'),
(1094, 75, '25j008', '2029-10-01', 90, 400.00, '2026-01-06', '2026-01-14 06:33:02', '2026-01-14 08:39:32'),
(1095, 72, 'tamxb55566', '2027-07-01', 200, 600.00, '2026-01-06', '2026-01-14 06:35:21', '2026-01-14 06:35:21'),
(1096, 74, '25J007', '2029-10-01', 100, 500.00, '2026-01-06', '2026-01-14 06:37:56', '2026-01-14 06:37:56'),
(1097, 86, 'E51501', '2028-07-13', 200, 300.00, '2026-01-06', '2026-01-14 06:40:14', '2026-01-14 06:40:14'),
(1098, 101, 'EIH132', '2027-08-01', 50, 1100.00, '2026-01-06', '2026-01-14 06:42:39', '2026-01-14 06:42:39'),
(1099, 562, '2500236', '2027-05-01', 5, 15000.00, '2026-01-06', '2026-01-14 06:44:54', '2026-01-14 06:44:54'),
(1100, 91, 'KCFMC52152', '2027-05-01', 100, 1100.00, '2026-01-06', '2026-01-14 06:47:40', '2026-01-14 06:47:40'),
(1101, 133, '0725217', '2027-07-01', 300, 400.00, '2026-01-06', '2026-01-14 06:58:14', '2026-01-14 06:58:14'),
(1102, 563, '245JJU9', '2027-02-01', 1, 8000.00, '2026-01-06', '2026-01-14 07:09:46', '2026-01-14 07:09:46'),
(1103, 341, '130510', '2028-09-01', 100, 300.00, '2026-01-06', '2026-01-14 07:34:01', '2026-01-14 07:34:01'),
(1104, 564, '23000DE', '2027-02-01', 3, 14000.00, '2026-01-06', '2026-01-14 07:37:27', '2026-01-14 07:37:27'),
(1105, 565, 'KTPPOCB54409', '2027-08-01', 5, 6000.00, '2026-01-06', '2026-01-14 07:39:46', '2026-01-14 07:39:46'),
(1106, 567, 'LCJ3254', '2026-01-06', 5, 5000.00, '2026-01-14', '2026-01-14 07:53:52', '2026-01-14 07:53:52'),
(1107, 336, '5B15', '2027-01-02', 5, 7000.00, '2027-01-02', '2026-01-14 08:19:17', '2026-01-14 08:19:17'),
(1108, 10, '19052025', '2027-12-05', 2, 18000.00, '2027-12-05', '2026-01-14 08:28:18', '2026-01-14 08:28:18'),
(1109, 569, 'FK9832', '2027-01-10', 3, 18000.00, '2027-01-10', '2026-01-14 08:34:42', '2026-01-14 08:34:42');

-- --------------------------------------------------------

--
-- Table structure for table `stock_movements`
--

CREATE TABLE `stock_movements` (
  `id` bigint(20) UNSIGNED NOT NULL,
  `type` enum('IN','OUT','ADJUST') NOT NULL,
  `batch_id` bigint(20) UNSIGNED DEFAULT NULL,
  `product_id` bigint(20) UNSIGNED NOT NULL,
  `qty` int(11) NOT NULL,
  `ref_type` varchar(100) DEFAULT NULL,
  `ref_id` bigint(20) UNSIGNED DEFAULT NULL,
  `user_id` bigint(20) UNSIGNED NOT NULL,
  `notes` text DEFAULT NULL,
  `created_at` timestamp NULL DEFAULT NULL,
  `updated_at` timestamp NULL DEFAULT NULL
) ENGINE=InnoDB DEFAULT CHARSET=utf8mb4 COLLATE=utf8mb4_unicode_ci;

--
-- Dumping data for table `stock_movements`
--

INSERT INTO `stock_movements` (`id`, `type`, `batch_id`, `product_id`, `qty`, `ref_type`, `ref_id`, `user_id`, `notes`, `created_at`, `updated_at`) VALUES
(1, 'IN', 499, 1, 1, 'initial_stock', NULL, 1, 'Stok awal dari RAK A - Batch: INIT-20260108-1', '2026-01-08 01:59:53', '2026-01-08 01:59:53'),
(2, 'IN', 500, 2, 2, 'initial_stock', NULL, 1, 'Stok awal dari RAK A - Batch: INIT-20260108-2', '2026-01-08 01:59:53', '2026-01-08 01:59:53'),
(3, 'IN', 501, 3, 2, 'initial_stock', NULL, 1, 'Stok awal dari RAK A - Batch: INIT-20260108-3', '2026-01-08 01:59:53', '2026-01-08 01:59:53'),
(4, 'IN', 502, 4, 2, 'initial_stock', NULL, 1, 'Stok awal dari RAK A - Batch: INIT-20260108-4', '2026-01-08 01:59:53', '2026-01-08 01:59:53'),
(5, 'IN', 503, 5, 2, 'initial_stock', NULL, 1, 'Stok awal dari RAK A - Batch: INIT-20260108-5', '2026-01-08 01:59:53', '2026-01-08 01:59:53'),
(6, 'IN', 504, 6, 2, 'initial_stock', NULL, 1, 'Stok awal dari RAK A - Batch: INIT-20260108-6', '2026-01-08 01:59:53', '2026-01-08 01:59:53'),
(7, 'IN', 505, 7, 2, 'initial_stock', NULL, 1, 'Stok awal dari RAK A - Batch: INIT-20260108-7', '2026-01-08 01:59:53', '2026-01-08 01:59:53'),
(8, 'IN', 506, 8, 1, 'initial_stock', NULL, 1, 'Stok awal dari RAK A - Batch: INIT-20260108-8', '2026-01-08 01:59:53', '2026-01-08 01:59:53'),
(9, 'IN', 507, 9, 1, 'initial_stock', NULL, 1, 'Stok awal dari RAK A - Batch: INIT-20260108-9', '2026-01-08 01:59:53', '2026-01-08 01:59:53'),
(10, 'IN', 508, 10, 2, 'initial_stock', NULL, 1, 'Stok awal dari RAK A - Batch: INIT-20260108-10', '2026-01-08 01:59:53', '2026-01-08 01:59:53'),
(11, 'IN', 509, 11, 2, 'initial_stock', NULL, 1, 'Stok awal dari RAK A - Batch: INIT-20260108-11', '2026-01-08 01:59:53', '2026-01-08 01:59:53'),
(12, 'IN', 510, 12, 2, 'initial_stock', NULL, 1, 'Stok awal dari RAK A - Batch: INIT-20260108-12', '2026-01-08 01:59:53', '2026-01-08 01:59:53'),
(13, 'IN', 511, 13, 1, 'initial_stock', NULL, 1, 'Stok awal dari RAK A - Batch: INIT-20260108-13', '2026-01-08 01:59:53', '2026-01-08 01:59:53'),
(14, 'IN', 512, 14, 1, 'initial_stock', NULL, 1, 'Stok awal dari RAK A - Batch: INIT-20260108-14', '2026-01-08 01:59:53', '2026-01-08 01:59:53'),
(15, 'IN', 513, 15, 2, 'initial_stock', NULL, 1, 'Stok awal dari RAK A - Batch: INIT-20260108-15', '2026-01-08 01:59:53', '2026-01-08 01:59:53'),
(16, 'IN', 514, 16, 2, 'initial_stock', NULL, 1, 'Stok awal dari RAK A - Batch: INIT-20260108-16', '2026-01-08 01:59:53', '2026-01-08 01:59:53'),
(17, 'IN', 515, 17, 1, 'initial_stock', NULL, 1, 'Stok awal dari RAK A - Batch: INIT-20260108-17', '2026-01-08 01:59:53', '2026-01-08 01:59:53'),
(18, 'IN', 516, 18, 1, 'initial_stock', NULL, 1, 'Stok awal dari RAK A - Batch: INIT-20260108-18', '2026-01-08 01:59:54', '2026-01-08 01:59:54'),
(19, 'IN', 517, 19, 1, 'initial_stock', NULL, 1, 'Stok awal dari RAK A - Batch: INIT-20260108-19', '2026-01-08 01:59:54', '2026-01-08 01:59:54'),
(20, 'IN', 518, 20, 2, 'initial_stock', NULL, 1, 'Stok awal dari RAK A - Batch: INIT-20260108-20', '2026-01-08 01:59:54', '2026-01-08 01:59:54'),
(21, 'IN', 519, 21, 1, 'initial_stock', NULL, 1, 'Stok awal dari RAK A - Batch: INIT-20260108-21', '2026-01-08 01:59:54', '2026-01-08 01:59:54'),
(22, 'IN', 520, 22, 1, 'initial_stock', NULL, 1, 'Stok awal dari RAK A - Batch: INIT-20260108-22', '2026-01-08 01:59:54', '2026-01-08 01:59:54'),
(23, 'IN', 521, 23, 2, 'initial_stock', NULL, 1, 'Stok awal dari RAK A - Batch: INIT-20260108-23', '2026-01-08 01:59:54', '2026-01-08 01:59:54'),
(24, 'IN', 522, 24, 1, 'initial_stock', NULL, 1, 'Stok awal dari RAK A - Batch: INIT-20260108-24', '2026-01-08 01:59:54', '2026-01-08 01:59:54'),
(25, 'IN', 523, 25, 1, 'initial_stock', NULL, 1, 'Stok awal dari RAK A - Batch: INIT-20260108-25', '2026-01-08 01:59:54', '2026-01-08 01:59:54'),
(26, 'IN', 524, 26, 1, 'initial_stock', NULL, 1, 'Stok awal dari RAK A - Batch: INIT-20260108-26', '2026-01-08 01:59:54', '2026-01-08 01:59:54'),
(27, 'IN', 525, 27, 2, 'initial_stock', NULL, 1, 'Stok awal dari RAK A - Batch: INIT-20260108-27', '2026-01-08 01:59:54', '2026-01-08 01:59:54'),
(28, 'IN', 526, 28, 2, 'initial_stock', NULL, 1, 'Stok awal dari RAK A - Batch: INIT-20260108-28', '2026-01-08 01:59:54', '2026-01-08 01:59:54'),
(29, 'IN', 527, 29, 3, 'initial_stock', NULL, 1, 'Stok awal dari RAK A - Batch: INIT-20260108-29', '2026-01-08 01:59:54', '2026-01-08 01:59:54'),
(30, 'IN', 528, 30, 2, 'initial_stock', NULL, 1, 'Stok awal dari RAK A - Batch: INIT-20260108-30', '2026-01-08 01:59:54', '2026-01-08 01:59:54'),
(31, 'IN', 529, 31, 1, 'initial_stock', NULL, 1, 'Stok awal dari RAK A - Batch: INIT-20260108-31', '2026-01-08 01:59:54', '2026-01-08 01:59:54'),
(32, 'IN', 530, 32, 1, 'initial_stock', NULL, 1, 'Stok awal dari RAK A - Batch: INIT-20260108-32', '2026-01-08 01:59:54', '2026-01-08 01:59:54'),
(33, 'IN', 531, 33, 1, 'initial_stock', NULL, 1, 'Stok awal dari RAK A - Batch: INIT-20260108-33', '2026-01-08 01:59:54', '2026-01-08 01:59:54'),
(34, 'IN', 532, 34, 1, 'initial_stock', NULL, 1, 'Stok awal dari RAK A - Batch: INIT-20260108-34', '2026-01-08 01:59:54', '2026-01-08 01:59:54'),
(35, 'IN', 533, 35, 1, 'initial_stock', NULL, 1, 'Stok awal dari RAK A - Batch: INIT-20260108-35', '2026-01-08 01:59:54', '2026-01-08 01:59:54'),
(36, 'IN', 534, 36, 2, 'initial_stock', NULL, 1, 'Stok awal dari RAK A - Batch: INIT-20260108-36', '2026-01-08 01:59:54', '2026-01-08 01:59:54'),
(37, 'IN', 535, 37, 14, 'initial_stock', NULL, 1, 'Stok awal dari RAK A - Batch: INIT-20260108-37', '2026-01-08 01:59:54', '2026-01-08 01:59:54'),
(38, 'IN', 536, 38, 5, 'initial_stock', NULL, 1, 'Stok awal dari RAK A - Batch: INIT-20260108-38', '2026-01-08 01:59:54', '2026-01-08 01:59:54'),
(39, 'IN', 537, 39, 8, 'initial_stock', NULL, 1, 'Stok awal dari RAK A - Batch: INIT-20260108-39', '2026-01-08 01:59:54', '2026-01-08 01:59:54'),
(40, 'IN', 538, 40, 4, 'initial_stock', NULL, 1, 'Stok awal dari RAK A - Batch: INIT-20260108-40', '2026-01-08 01:59:54', '2026-01-08 01:59:54'),
(41, 'IN', 539, 41, 3, 'initial_stock', NULL, 1, 'Stok awal dari RAK A - Batch: INIT-20260108-41', '2026-01-08 01:59:54', '2026-01-08 01:59:54'),
(42, 'IN', 540, 42, 3, 'initial_stock', NULL, 1, 'Stok awal dari RAK A - Batch: INIT-20260108-42', '2026-01-08 01:59:54', '2026-01-08 01:59:54'),
(43, 'IN', 541, 43, 2, 'initial_stock', NULL, 1, 'Stok awal dari RAK A - Batch: INIT-20260108-43', '2026-01-08 01:59:54', '2026-01-08 01:59:54'),
(44, 'IN', 542, 44, 1, 'initial_stock', NULL, 1, 'Stok awal dari RAK A - Batch: INIT-20260108-44', '2026-01-08 01:59:54', '2026-01-08 01:59:54'),
(45, 'IN', 543, 45, 4, 'initial_stock', NULL, 1, 'Stok awal dari RAK A - Batch: INIT-20260108-45', '2026-01-08 01:59:54', '2026-01-08 01:59:54'),
(46, 'IN', 544, 46, 4, 'initial_stock', NULL, 1, 'Stok awal dari RAK A - Batch: INIT-20260108-46', '2026-01-08 01:59:54', '2026-01-08 01:59:54'),
(47, 'IN', 545, 47, 5, 'initial_stock', NULL, 1, 'Stok awal dari RAK A - Batch: INIT-20260108-47', '2026-01-08 01:59:54', '2026-01-08 01:59:54'),
(48, 'IN', 546, 48, 4, 'initial_stock', NULL, 1, 'Stok awal dari RAK A - Batch: INIT-20260108-48', '2026-01-08 01:59:54', '2026-01-08 01:59:54'),
(49, 'IN', 547, 49, 3, 'initial_stock', NULL, 1, 'Stok awal dari RAK A - Batch: INIT-20260108-49', '2026-01-08 01:59:54', '2026-01-08 01:59:54'),
(50, 'IN', 548, 50, 6, 'initial_stock', NULL, 1, 'Stok awal dari RAK A - Batch: INIT-20260108-50', '2026-01-08 01:59:54', '2026-01-08 01:59:54'),
(51, 'IN', 549, 51, 6, 'initial_stock', NULL, 1, 'Stok awal dari RAK A - Batch: INIT-20260108-51', '2026-01-08 01:59:54', '2026-01-08 01:59:54'),
(52, 'IN', 550, 52, 1, 'initial_stock', NULL, 1, 'Stok awal dari RAK A - Batch: INIT-20260108-52', '2026-01-08 01:59:54', '2026-01-08 01:59:54'),
(53, 'IN', 551, 53, 2, 'initial_stock', NULL, 1, 'Stok awal dari RAK A - Batch: INIT-20260108-53', '2026-01-08 01:59:54', '2026-01-08 01:59:54'),
(54, 'IN', 552, 54, 3, 'initial_stock', NULL, 1, 'Stok awal dari RAK A - Batch: INIT-20260108-54', '2026-01-08 01:59:54', '2026-01-08 01:59:54'),
(55, 'IN', 553, 55, 1, 'initial_stock', NULL, 1, 'Stok awal dari RAK A - Batch: INIT-20260108-55', '2026-01-08 01:59:54', '2026-01-08 01:59:54'),
(56, 'IN', 554, 56, 1, 'initial_stock', NULL, 1, 'Stok awal dari RAK A - Batch: INIT-20260108-56', '2026-01-08 01:59:54', '2026-01-08 01:59:54'),
(57, 'IN', 555, 57, 30, 'initial_stock', NULL, 1, 'Stok awal dari RAK A - Batch: INIT-20260108-57', '2026-01-08 01:59:54', '2026-01-08 01:59:54'),
(58, 'IN', 556, 58, 6, 'initial_stock', NULL, 1, 'Stok awal dari RAK A - Batch: INIT-20260108-58', '2026-01-08 01:59:54', '2026-01-08 01:59:54'),
(59, 'IN', 557, 59, 6, 'initial_stock', NULL, 1, 'Stok awal dari RAK A - Batch: INIT-20260108-59', '2026-01-08 01:59:54', '2026-01-08 01:59:54'),
(60, 'IN', 558, 60, 1, 'initial_stock', NULL, 1, 'Stok awal dari RAK A - Batch: INIT-20260108-60', '2026-01-08 01:59:54', '2026-01-08 01:59:54'),
(61, 'IN', 559, 61, 1, 'initial_stock', NULL, 1, 'Stok awal dari RAK A - Batch: INIT-20260108-61', '2026-01-08 01:59:54', '2026-01-08 01:59:54'),
(62, 'IN', 560, 62, 1, 'initial_stock', NULL, 1, 'Stok awal dari RAK A - Batch: INIT-20260108-62', '2026-01-08 01:59:55', '2026-01-08 01:59:55'),
(63, 'IN', 561, 63, 1, 'initial_stock', NULL, 1, 'Stok awal dari RAK A - Batch: INIT-20260108-63', '2026-01-08 01:59:55', '2026-01-08 01:59:55'),
(64, 'IN', 562, 64, 1, 'initial_stock', NULL, 1, 'Stok awal dari RAK A - Batch: INIT-20260108-64', '2026-01-08 01:59:55', '2026-01-08 01:59:55'),
(65, 'IN', 563, 65, 3, 'initial_stock', NULL, 1, 'Stok awal dari RAK A - Batch: INIT-20260108-65', '2026-01-08 01:59:55', '2026-01-08 01:59:55'),
(66, 'IN', 564, 66, 3, 'initial_stock', NULL, 1, 'Stok awal dari RAK A - Batch: INIT-20260108-66', '2026-01-08 01:59:55', '2026-01-08 01:59:55'),
(67, 'IN', 565, 67, 12, 'initial_stock', NULL, 1, 'Stok awal dari RAK A - Batch: INIT-20260108-67', '2026-01-08 01:59:55', '2026-01-08 01:59:55'),
(68, 'IN', 566, 68, 1, 'initial_stock', NULL, 1, 'Stok awal dari RAK A - Batch: INIT-20260108-68', '2026-01-08 01:59:55', '2026-01-08 01:59:55'),
(69, 'IN', 567, 69, 1, 'initial_stock', NULL, 1, 'Stok awal dari RAK A - Batch: INIT-20260108-69', '2026-01-08 01:59:55', '2026-01-08 01:59:55'),
(70, 'IN', 568, 70, 1, 'initial_stock', NULL, 1, 'Stok awal dari RAK A - Batch: INIT-20260108-70', '2026-01-08 01:59:55', '2026-01-08 01:59:55'),
(71, 'IN', 569, 71, 2, 'initial_stock', NULL, 1, 'Stok awal dari RAK A - Batch: INIT-20260108-71', '2026-01-08 01:59:55', '2026-01-08 01:59:55'),
(72, 'IN', 570, 72, 11, 'initial_stock', NULL, 1, 'Stok awal dari RAK A - Batch: INIT-20260108-72', '2026-01-08 01:59:55', '2026-01-08 01:59:55'),
(73, 'IN', 571, 73, 20, 'initial_stock', NULL, 1, 'Stok awal dari RAK A - Batch: INIT-20260108-73', '2026-01-08 01:59:55', '2026-01-08 01:59:55'),
(74, 'IN', 572, 76, 50, 'initial_stock', NULL, 1, 'Stok awal dari RAK A - Batch: INIT-20260108-76', '2026-01-08 01:59:55', '2026-01-08 01:59:55'),
(75, 'IN', 573, 77, 90, 'initial_stock', NULL, 1, 'Stok awal dari RAK A - Batch: INIT-20260108-77', '2026-01-08 01:59:55', '2026-01-08 01:59:55'),
(76, 'IN', 574, 78, 380, 'initial_stock', NULL, 1, 'Stok awal dari RAK A - Batch: INIT-20260108-78', '2026-01-08 01:59:55', '2026-01-08 01:59:55'),
(77, 'IN', 575, 79, 260, 'initial_stock', NULL, 1, 'Stok awal dari RAK A - Batch: INIT-20260108-79', '2026-01-08 01:59:55', '2026-01-08 01:59:55'),
(78, 'IN', 576, 81, 1, 'initial_stock', NULL, 1, 'Stok awal dari RAK A - Batch: INIT-20260108-81', '2026-01-08 01:59:55', '2026-01-08 01:59:55'),
(79, 'IN', 577, 82, 30, 'initial_stock', NULL, 1, 'Stok awal dari RAK A - Batch: INIT-20260108-82', '2026-01-08 01:59:55', '2026-01-08 01:59:55'),
(80, 'IN', 578, 83, 1, 'initial_stock', NULL, 1, 'Stok awal dari RAK A - Batch: INIT-20260108-83', '2026-01-08 01:59:55', '2026-01-08 01:59:55'),
(81, 'IN', 579, 84, 2, 'initial_stock', NULL, 1, 'Stok awal dari RAK A - Batch: INIT-20260108-84', '2026-01-08 01:59:55', '2026-01-08 01:59:55'),
(82, 'IN', 580, 85, 80, 'initial_stock', NULL, 1, 'Stok awal dari RAK A - Batch: INIT-20260108-85', '2026-01-08 01:59:55', '2026-01-08 01:59:55'),
(83, 'IN', 581, 87, 20, 'initial_stock', NULL, 1, 'Stok awal dari RAK A - Batch: INIT-20260108-87', '2026-01-08 01:59:55', '2026-01-08 01:59:55'),
(84, 'IN', 582, 88, 30, 'initial_stock', NULL, 1, 'Stok awal dari RAK A - Batch: INIT-20260108-88', '2026-01-08 01:59:55', '2026-01-08 01:59:55'),
(85, 'IN', 583, 89, 40, 'initial_stock', NULL, 1, 'Stok awal dari RAK A - Batch: INIT-20260108-89', '2026-01-08 01:59:55', '2026-01-08 01:59:55'),
(86, 'IN', 584, 90, 30, 'initial_stock', NULL, 1, 'Stok awal dari RAK A - Batch: INIT-20260108-90', '2026-01-08 01:59:55', '2026-01-08 01:59:55'),
(87, 'IN', 585, 91, 2, 'initial_stock', NULL, 1, 'Stok awal dari RAK A - Batch: INIT-20260108-91', '2026-01-08 01:59:55', '2026-01-08 01:59:55'),
(88, 'IN', 586, 92, 60, 'initial_stock', NULL, 1, 'Stok awal dari RAK A - Batch: INIT-20260108-92', '2026-01-08 01:59:55', '2026-01-08 01:59:55'),
(89, 'IN', 587, 93, 70, 'initial_stock', NULL, 1, 'Stok awal dari RAK A - Batch: INIT-20260108-93', '2026-01-08 01:59:55', '2026-01-08 01:59:55'),
(90, 'IN', 588, 94, 50, 'initial_stock', NULL, 1, 'Stok awal dari RAK A - Batch: INIT-20260108-94', '2026-01-08 01:59:55', '2026-01-08 01:59:55'),
(91, 'IN', 589, 95, 24, 'initial_stock', NULL, 1, 'Stok awal dari RAK A - Batch: INIT-20260108-95', '2026-01-08 01:59:55', '2026-01-08 01:59:55'),
(92, 'IN', 590, 96, 20, 'initial_stock', NULL, 1, 'Stok awal dari RAK A - Batch: INIT-20260108-96', '2026-01-08 01:59:55', '2026-01-08 01:59:55'),
(93, 'IN', 591, 97, 5, 'initial_stock', NULL, 1, 'Stok awal dari RAK A - Batch: INIT-20260108-97', '2026-01-08 01:59:55', '2026-01-08 01:59:55'),
(94, 'IN', 592, 98, 100, 'initial_stock', NULL, 1, 'Stok awal dari RAK A - Batch: INIT-20260108-98', '2026-01-08 01:59:55', '2026-01-08 01:59:55'),
(95, 'IN', 593, 99, 170, 'initial_stock', NULL, 1, 'Stok awal dari RAK A - Batch: INIT-20260108-99', '2026-01-08 01:59:55', '2026-01-08 01:59:55'),
(96, 'IN', 594, 100, 20, 'initial_stock', NULL, 1, 'Stok awal dari RAK A - Batch: INIT-20260108-100', '2026-01-08 01:59:55', '2026-01-08 01:59:55'),
(97, 'IN', 595, 101, 1, 'initial_stock', NULL, 1, 'Stok awal dari RAK A - Batch: INIT-20260108-101', '2026-01-08 01:59:55', '2026-01-08 01:59:55'),
(98, 'IN', 596, 102, 2, 'initial_stock', NULL, 1, 'Stok awal dari RAK A - Batch: INIT-20260108-102', '2026-01-08 01:59:55', '2026-01-08 01:59:55'),
(99, 'IN', 597, 103, 850, 'initial_stock', NULL, 1, 'Stok awal dari RAK A - Batch: INIT-20260108-103', '2026-01-08 01:59:55', '2026-01-08 01:59:55'),
(100, 'IN', 598, 104, 870, 'initial_stock', NULL, 1, 'Stok awal dari RAK A - Batch: INIT-20260108-104', '2026-01-08 01:59:55', '2026-01-08 01:59:55'),
(101, 'IN', 599, 105, 42, 'initial_stock', NULL, 1, 'Stok awal dari RAK A - Batch: INIT-20260108-105', '2026-01-08 01:59:55', '2026-01-08 01:59:55'),
(102, 'IN', 600, 106, 20, 'initial_stock', NULL, 1, 'Stok awal dari RAK A - Batch: INIT-20260108-106', '2026-01-08 01:59:55', '2026-01-08 01:59:55'),
(103, 'IN', 601, 107, 100, 'initial_stock', NULL, 1, 'Stok awal dari RAK A - Batch: INIT-20260108-107', '2026-01-08 01:59:55', '2026-01-08 01:59:55'),
(104, 'IN', 602, 108, 2, 'initial_stock', NULL, 1, 'Stok awal dari RAK A - Batch: INIT-20260108-108', '2026-01-08 01:59:55', '2026-01-08 01:59:55'),
(105, 'IN', 603, 109, 22, 'initial_stock', NULL, 1, 'Stok awal dari RAK A - Batch: INIT-20260108-109', '2026-01-08 01:59:55', '2026-01-08 01:59:55'),
(106, 'IN', 604, 110, 310, 'initial_stock', NULL, 1, 'Stok awal dari RAK A - Batch: INIT-20260108-110', '2026-01-08 01:59:55', '2026-01-08 01:59:55'),
(107, 'IN', 605, 111, 60, 'initial_stock', NULL, 1, 'Stok awal dari RAK A - Batch: INIT-20260108-111', '2026-01-08 01:59:55', '2026-01-08 01:59:55'),
(108, 'IN', 606, 112, 20, 'initial_stock', NULL, 1, 'Stok awal dari RAK A - Batch: INIT-20260108-112', '2026-01-08 01:59:55', '2026-01-08 01:59:55'),
(109, 'IN', 607, 113, 10, 'initial_stock', NULL, 1, 'Stok awal dari RAK A - Batch: INIT-20260108-113', '2026-01-08 01:59:55', '2026-01-08 01:59:55'),
(110, 'IN', 608, 114, 90, 'initial_stock', NULL, 1, 'Stok awal dari RAK A - Batch: INIT-20260108-114', '2026-01-08 01:59:55', '2026-01-08 01:59:55'),
(111, 'IN', 609, 115, 90, 'initial_stock', NULL, 1, 'Stok awal dari RAK A - Batch: INIT-20260108-115', '2026-01-08 01:59:55', '2026-01-08 01:59:55'),
(112, 'IN', 610, 116, 70, 'initial_stock', NULL, 1, 'Stok awal dari RAK A - Batch: INIT-20260108-116', '2026-01-08 01:59:55', '2026-01-08 01:59:55'),
(113, 'IN', 611, 117, 4, 'initial_stock', NULL, 1, 'Stok awal dari RAK A - Batch: INIT-20260108-117', '2026-01-08 01:59:55', '2026-01-08 01:59:55'),
(114, 'IN', 612, 118, 2, 'initial_stock', NULL, 1, 'Stok awal dari RAK A - Batch: INIT-20260108-118', '2026-01-08 01:59:55', '2026-01-08 01:59:55'),
(115, 'IN', 613, 119, 200, 'initial_stock', NULL, 1, 'Stok awal dari RAK A - Batch: INIT-20260108-119', '2026-01-08 01:59:55', '2026-01-08 01:59:55'),
(116, 'IN', 614, 120, 20, 'initial_stock', NULL, 1, 'Stok awal dari RAK A - Batch: INIT-20260108-120', '2026-01-08 01:59:55', '2026-01-08 01:59:55'),
(117, 'IN', 615, 121, 100, 'initial_stock', NULL, 1, 'Stok awal dari RAK A - Batch: INIT-20260108-121', '2026-01-08 01:59:55', '2026-01-08 01:59:55'),
(118, 'IN', 616, 122, 54, 'initial_stock', NULL, 1, 'Stok awal dari RAK A - Batch: INIT-20260108-122', '2026-01-08 01:59:55', '2026-01-08 01:59:55'),
(119, 'IN', 617, 123, 3, 'initial_stock', NULL, 1, 'Stok awal dari RAK A - Batch: INIT-20260108-123', '2026-01-08 01:59:56', '2026-01-08 01:59:56'),
(120, 'IN', 618, 124, 20, 'initial_stock', NULL, 1, 'Stok awal dari RAK A - Batch: INIT-20260108-124', '2026-01-08 01:59:56', '2026-01-08 01:59:56'),
(121, 'IN', 619, 125, 30, 'initial_stock', NULL, 1, 'Stok awal dari RAK A - Batch: INIT-20260108-125', '2026-01-08 01:59:56', '2026-01-08 01:59:56'),
(122, 'IN', 620, 126, 80, 'initial_stock', NULL, 1, 'Stok awal dari RAK A - Batch: INIT-20260108-126', '2026-01-08 01:59:56', '2026-01-08 01:59:56'),
(123, 'IN', 621, 127, 150, 'initial_stock', NULL, 1, 'Stok awal dari RAK A - Batch: INIT-20260108-127', '2026-01-08 01:59:56', '2026-01-08 01:59:56'),
(124, 'IN', 622, 128, 30, 'initial_stock', NULL, 1, 'Stok awal dari RAK A - Batch: INIT-20260108-128', '2026-01-08 01:59:56', '2026-01-08 01:59:56'),
(125, 'IN', 623, 129, 210, 'initial_stock', NULL, 1, 'Stok awal dari RAK A - Batch: INIT-20260108-129', '2026-01-08 01:59:56', '2026-01-08 01:59:56'),
(126, 'IN', 624, 130, 90, 'initial_stock', NULL, 1, 'Stok awal dari RAK A - Batch: INIT-20260108-130', '2026-01-08 01:59:56', '2026-01-08 01:59:56'),
(127, 'IN', 625, 131, 60, 'initial_stock', NULL, 1, 'Stok awal dari RAK A - Batch: INIT-20260108-131', '2026-01-08 01:59:56', '2026-01-08 01:59:56'),
(128, 'IN', 626, 132, 56, 'initial_stock', NULL, 1, 'Stok awal dari RAK A - Batch: INIT-20260108-132', '2026-01-08 01:59:56', '2026-01-08 01:59:56'),
(129, 'IN', 627, 133, 10, 'initial_stock', NULL, 1, 'Stok awal dari RAK A - Batch: INIT-20260108-133', '2026-01-08 01:59:56', '2026-01-08 01:59:56'),
(130, 'IN', 628, 134, 80, 'initial_stock', NULL, 1, 'Stok awal dari RAK A - Batch: INIT-20260108-134', '2026-01-08 01:59:56', '2026-01-08 01:59:56'),
(131, 'IN', 629, 135, 40, 'initial_stock', NULL, 1, 'Stok awal dari RAK A - Batch: INIT-20260108-135', '2026-01-08 01:59:56', '2026-01-08 01:59:56'),
(132, 'IN', 630, 136, 70, 'initial_stock', NULL, 1, 'Stok awal dari RAK A - Batch: INIT-20260108-136', '2026-01-08 01:59:56', '2026-01-08 01:59:56'),
(133, 'IN', 631, 137, 40, 'initial_stock', NULL, 1, 'Stok awal dari RAK A - Batch: INIT-20260108-137', '2026-01-08 01:59:56', '2026-01-08 01:59:56'),
(134, 'IN', 632, 138, 3, 'initial_stock', NULL, 1, 'Stok awal dari RAK A - Batch: INIT-20260108-138', '2026-01-08 01:59:56', '2026-01-08 01:59:56'),
(135, 'IN', 633, 139, 100, 'initial_stock', NULL, 1, 'Stok awal dari RAK A - Batch: INIT-20260108-139', '2026-01-08 01:59:56', '2026-01-08 01:59:56'),
(136, 'IN', 634, 140, 10, 'initial_stock', NULL, 1, 'Stok awal dari RAK A - Batch: INIT-20260108-140', '2026-01-08 01:59:56', '2026-01-08 01:59:56'),
(137, 'IN', 635, 141, 72, 'initial_stock', NULL, 1, 'Stok awal dari RAK A - Batch: INIT-20260108-141', '2026-01-08 01:59:56', '2026-01-08 01:59:56'),
(138, 'IN', 636, 142, 50, 'initial_stock', NULL, 1, 'Stok awal dari RAK A - Batch: INIT-20260108-142', '2026-01-08 01:59:56', '2026-01-08 01:59:56'),
(139, 'IN', 637, 143, 40, 'initial_stock', NULL, 1, 'Stok awal dari RAK A - Batch: INIT-20260108-143', '2026-01-08 01:59:56', '2026-01-08 01:59:56'),
(140, 'IN', 638, 144, 30, 'initial_stock', NULL, 1, 'Stok awal dari RAK A - Batch: INIT-20260108-144', '2026-01-08 01:59:56', '2026-01-08 01:59:56'),
(141, 'IN', 639, 145, 110, 'initial_stock', NULL, 1, 'Stok awal dari RAK A - Batch: INIT-20260108-145', '2026-01-08 01:59:56', '2026-01-08 01:59:56'),
(142, 'IN', 640, 146, 70, 'initial_stock', NULL, 1, 'Stok awal dari RAK A - Batch: INIT-20260108-146', '2026-01-08 01:59:56', '2026-01-08 01:59:56'),
(143, 'IN', 641, 147, 20, 'initial_stock', NULL, 1, 'Stok awal dari RAK A - Batch: INIT-20260108-147', '2026-01-08 01:59:56', '2026-01-08 01:59:56'),
(144, 'IN', 642, 148, 70, 'initial_stock', NULL, 1, 'Stok awal dari RAK A - Batch: INIT-20260108-148', '2026-01-08 01:59:56', '2026-01-08 01:59:56'),
(145, 'IN', 643, 149, 8, 'initial_stock', NULL, 1, 'Stok awal dari RAK A - Batch: INIT-20260108-149', '2026-01-08 01:59:56', '2026-01-08 01:59:56'),
(146, 'IN', 644, 150, 30, 'initial_stock', NULL, 1, 'Stok awal dari RAK A - Batch: INIT-20260108-150', '2026-01-08 01:59:56', '2026-01-08 01:59:56'),
(147, 'IN', 645, 151, 30, 'initial_stock', NULL, 1, 'Stok awal dari RAK A - Batch: INIT-20260108-151', '2026-01-08 01:59:56', '2026-01-08 01:59:56'),
(148, 'IN', 646, 152, 40, 'initial_stock', NULL, 1, 'Stok awal dari RAK A - Batch: INIT-20260108-152', '2026-01-08 01:59:56', '2026-01-08 01:59:56'),
(149, 'IN', 647, 153, 50, 'initial_stock', NULL, 1, 'Stok awal dari RAK A - Batch: INIT-20260108-153', '2026-01-08 01:59:56', '2026-01-08 01:59:56'),
(150, 'IN', 648, 154, 110, 'initial_stock', NULL, 1, 'Stok awal dari RAK A - Batch: INIT-20260108-154', '2026-01-08 01:59:56', '2026-01-08 01:59:56'),
(151, 'IN', 649, 155, 170, 'initial_stock', NULL, 1, 'Stok awal dari RAK A - Batch: INIT-20260108-155', '2026-01-08 01:59:56', '2026-01-08 01:59:56'),
(152, 'IN', 650, 156, 1, 'initial_stock', NULL, 1, 'Stok awal dari RAK A - Batch: INIT-20260108-156', '2026-01-08 01:59:56', '2026-01-08 01:59:56'),
(153, 'IN', 651, 157, 2, 'initial_stock', NULL, 1, 'Stok awal dari RAK A - Batch: INIT-20260108-157', '2026-01-08 01:59:56', '2026-01-08 01:59:56'),
(154, 'IN', 652, 158, 1, 'initial_stock', NULL, 1, 'Stok awal dari RAK A - Batch: INIT-20260108-158', '2026-01-08 01:59:56', '2026-01-08 01:59:56'),
(155, 'IN', 653, 159, 2, 'initial_stock', NULL, 1, 'Stok awal dari RAK A - Batch: INIT-20260108-159', '2026-01-08 01:59:56', '2026-01-08 01:59:56'),
(156, 'IN', 654, 160, 1, 'initial_stock', NULL, 1, 'Stok awal dari RAK A - Batch: INIT-20260108-160', '2026-01-08 01:59:56', '2026-01-08 01:59:56'),
(157, 'IN', 655, 161, 1, 'initial_stock', NULL, 1, 'Stok awal dari RAK A - Batch: INIT-20260108-161', '2026-01-08 01:59:56', '2026-01-08 01:59:56'),
(158, 'IN', 656, 162, 2, 'initial_stock', NULL, 1, 'Stok awal dari RAK A - Batch: INIT-20260108-162', '2026-01-08 01:59:56', '2026-01-08 01:59:56'),
(159, 'IN', 657, 163, 1, 'initial_stock', NULL, 1, 'Stok awal dari RAK A - Batch: INIT-20260108-163', '2026-01-08 01:59:56', '2026-01-08 01:59:56'),
(160, 'IN', 658, 164, 1, 'initial_stock', NULL, 1, 'Stok awal dari RAK A - Batch: INIT-20260108-164', '2026-01-08 01:59:56', '2026-01-08 01:59:56'),
(161, 'IN', 659, 165, 1, 'initial_stock', NULL, 1, 'Stok awal dari RAK A - Batch: INIT-20260108-165', '2026-01-08 01:59:56', '2026-01-08 01:59:56'),
(162, 'IN', 660, 166, 2, 'initial_stock', NULL, 1, 'Stok awal dari RAK A - Batch: INIT-20260108-166', '2026-01-08 01:59:56', '2026-01-08 01:59:56'),
(163, 'IN', 661, 167, 1, 'initial_stock', NULL, 1, 'Stok awal dari RAK A - Batch: INIT-20260108-167', '2026-01-08 01:59:56', '2026-01-08 01:59:56'),
(164, 'IN', 662, 168, 1, 'initial_stock', NULL, 1, 'Stok awal dari RAK A - Batch: INIT-20260108-168', '2026-01-08 01:59:56', '2026-01-08 01:59:56'),
(165, 'IN', 663, 169, 1, 'initial_stock', NULL, 1, 'Stok awal dari RAK A - Batch: INIT-20260108-169', '2026-01-08 01:59:56', '2026-01-08 01:59:56'),
(166, 'IN', 664, 170, 3, 'initial_stock', NULL, 1, 'Stok awal dari RAK A - Batch: INIT-20260108-170', '2026-01-08 01:59:56', '2026-01-08 01:59:56'),
(167, 'IN', 665, 171, 2, 'initial_stock', NULL, 1, 'Stok awal dari RAK A - Batch: INIT-20260108-171', '2026-01-08 01:59:56', '2026-01-08 01:59:56'),
(168, 'IN', 666, 172, 1, 'initial_stock', NULL, 1, 'Stok awal dari RAK A - Batch: INIT-20260108-172', '2026-01-08 01:59:56', '2026-01-08 01:59:56'),
(169, 'IN', 667, 173, 4, 'initial_stock', NULL, 1, 'Stok awal dari RAK A - Batch: INIT-20260108-173', '2026-01-08 01:59:56', '2026-01-08 01:59:56'),
(170, 'IN', 668, 174, 6, 'initial_stock', NULL, 1, 'Stok awal dari RAK A - Batch: INIT-20260108-174', '2026-01-08 01:59:56', '2026-01-08 01:59:56'),
(171, 'IN', 669, 175, 18, 'initial_stock', NULL, 1, 'Stok awal dari RAK A - Batch: INIT-20260108-175', '2026-01-08 01:59:56', '2026-01-08 01:59:56'),
(172, 'IN', 670, 176, 1, 'initial_stock', NULL, 1, 'Stok awal dari RAK B - Batch: INIT-20260108-176', '2026-01-08 01:59:56', '2026-01-08 01:59:56'),
(173, 'IN', 671, 177, 6, 'initial_stock', NULL, 1, 'Stok awal dari RAK B - Batch: INIT-20260108-177', '2026-01-08 01:59:56', '2026-01-08 01:59:56'),
(174, 'IN', 672, 178, 2, 'initial_stock', NULL, 1, 'Stok awal dari RAK B - Batch: INIT-20260108-178', '2026-01-08 01:59:56', '2026-01-08 01:59:56'),
(175, 'IN', 673, 179, 6, 'initial_stock', NULL, 1, 'Stok awal dari RAK B - Batch: INIT-20260108-179', '2026-01-08 01:59:56', '2026-01-08 01:59:56'),
(176, 'IN', 674, 180, 3, 'initial_stock', NULL, 1, 'Stok awal dari RAK B - Batch: INIT-20260108-180', '2026-01-08 01:59:56', '2026-01-08 01:59:56'),
(177, 'IN', 675, 181, 2, 'initial_stock', NULL, 1, 'Stok awal dari RAK B - Batch: INIT-20260108-181', '2026-01-08 01:59:56', '2026-01-08 01:59:56'),
(178, 'IN', 676, 182, 1, 'initial_stock', NULL, 1, 'Stok awal dari RAK B - Batch: INIT-20260108-182', '2026-01-08 01:59:56', '2026-01-08 01:59:56'),
(179, 'IN', 677, 183, 2, 'initial_stock', NULL, 1, 'Stok awal dari RAK B - Batch: INIT-20260108-183', '2026-01-08 01:59:56', '2026-01-08 01:59:56'),
(180, 'IN', 678, 184, 1, 'initial_stock', NULL, 1, 'Stok awal dari RAK B - Batch: INIT-20260108-184', '2026-01-08 01:59:56', '2026-01-08 01:59:56'),
(181, 'IN', 679, 185, 1, 'initial_stock', NULL, 1, 'Stok awal dari RAK B - Batch: INIT-20260108-185', '2026-01-08 01:59:56', '2026-01-08 01:59:56'),
(182, 'IN', 680, 186, 6, 'initial_stock', NULL, 1, 'Stok awal dari RAK B - Batch: INIT-20260108-186', '2026-01-08 01:59:56', '2026-01-08 01:59:56'),
(183, 'IN', 681, 187, 3, 'initial_stock', NULL, 1, 'Stok awal dari RAK B - Batch: INIT-20260108-187', '2026-01-08 01:59:57', '2026-01-08 01:59:57'),
(184, 'IN', 682, 188, 3, 'initial_stock', NULL, 1, 'Stok awal dari RAK B - Batch: INIT-20260108-188', '2026-01-08 01:59:57', '2026-01-08 01:59:57'),
(185, 'IN', 683, 189, 3, 'initial_stock', NULL, 1, 'Stok awal dari RAK B - Batch: INIT-20260108-189', '2026-01-08 01:59:57', '2026-01-08 01:59:57'),
(186, 'IN', 684, 190, 3, 'initial_stock', NULL, 1, 'Stok awal dari RAK B - Batch: INIT-20260108-190', '2026-01-08 01:59:57', '2026-01-08 01:59:57'),
(187, 'IN', 685, 191, 3, 'initial_stock', NULL, 1, 'Stok awal dari RAK B - Batch: INIT-20260108-191', '2026-01-08 01:59:57', '2026-01-08 01:59:57'),
(188, 'IN', 686, 192, 3, 'initial_stock', NULL, 1, 'Stok awal dari RAK B - Batch: INIT-20260108-192', '2026-01-08 01:59:57', '2026-01-08 01:59:57'),
(189, 'IN', 687, 193, 2, 'initial_stock', NULL, 1, 'Stok awal dari RAK B - Batch: INIT-20260108-193', '2026-01-08 01:59:57', '2026-01-08 01:59:57'),
(190, 'IN', 688, 194, 1, 'initial_stock', NULL, 1, 'Stok awal dari RAK B - Batch: INIT-20260108-194', '2026-01-08 01:59:57', '2026-01-08 01:59:57'),
(191, 'IN', 689, 195, 3, 'initial_stock', NULL, 1, 'Stok awal dari RAK B - Batch: INIT-20260108-195', '2026-01-08 01:59:57', '2026-01-08 01:59:57'),
(192, 'IN', 690, 196, 1, 'initial_stock', NULL, 1, 'Stok awal dari RAK B - Batch: INIT-20260108-196', '2026-01-08 01:59:57', '2026-01-08 01:59:57'),
(193, 'IN', 691, 197, 1, 'initial_stock', NULL, 1, 'Stok awal dari RAK B - Batch: INIT-20260108-197', '2026-01-08 01:59:57', '2026-01-08 01:59:57'),
(194, 'IN', 692, 198, 11, 'initial_stock', NULL, 1, 'Stok awal dari RAK B - Batch: INIT-20260108-198', '2026-01-08 01:59:57', '2026-01-08 01:59:57'),
(195, 'IN', 693, 199, 2, 'initial_stock', NULL, 1, 'Stok awal dari RAK B - Batch: INIT-20260108-199', '2026-01-08 01:59:57', '2026-01-08 01:59:57'),
(196, 'IN', 694, 200, 2, 'initial_stock', NULL, 1, 'Stok awal dari RAK B - Batch: INIT-20260108-200', '2026-01-08 01:59:57', '2026-01-08 01:59:57'),
(197, 'IN', 695, 201, 2, 'initial_stock', NULL, 1, 'Stok awal dari RAK B - Batch: INIT-20260108-201', '2026-01-08 01:59:57', '2026-01-08 01:59:57'),
(198, 'IN', 696, 202, 2, 'initial_stock', NULL, 1, 'Stok awal dari RAK B - Batch: INIT-20260108-202', '2026-01-08 01:59:57', '2026-01-08 01:59:57'),
(199, 'IN', 697, 203, 2, 'initial_stock', NULL, 1, 'Stok awal dari RAK B - Batch: INIT-20260108-203', '2026-01-08 01:59:57', '2026-01-08 01:59:57'),
(200, 'IN', 698, 204, 3, 'initial_stock', NULL, 1, 'Stok awal dari RAK B - Batch: INIT-20260108-204', '2026-01-08 01:59:57', '2026-01-08 01:59:57'),
(201, 'IN', 699, 205, 2, 'initial_stock', NULL, 1, 'Stok awal dari RAK B - Batch: INIT-20260108-205', '2026-01-08 01:59:57', '2026-01-08 01:59:57'),
(202, 'IN', 700, 206, 2, 'initial_stock', NULL, 1, 'Stok awal dari RAK B - Batch: INIT-20260108-206', '2026-01-08 01:59:57', '2026-01-08 01:59:57'),
(203, 'IN', 701, 207, 1, 'initial_stock', NULL, 1, 'Stok awal dari RAK B - Batch: INIT-20260108-207', '2026-01-08 01:59:57', '2026-01-08 01:59:57'),
(204, 'IN', 702, 208, 6, 'initial_stock', NULL, 1, 'Stok awal dari RAK B - Batch: INIT-20260108-208', '2026-01-08 01:59:57', '2026-01-08 01:59:57'),
(205, 'IN', 703, 209, 6, 'initial_stock', NULL, 1, 'Stok awal dari RAK B - Batch: INIT-20260108-209', '2026-01-08 01:59:57', '2026-01-08 01:59:57'),
(206, 'IN', 704, 210, 9, 'initial_stock', NULL, 1, 'Stok awal dari RAK B - Batch: INIT-20260108-210', '2026-01-08 01:59:57', '2026-01-08 01:59:57'),
(207, 'IN', 705, 211, 2, 'initial_stock', NULL, 1, 'Stok awal dari RAK B - Batch: INIT-20260108-211', '2026-01-08 01:59:57', '2026-01-08 01:59:57'),
(208, 'IN', 706, 212, 12, 'initial_stock', NULL, 1, 'Stok awal dari RAK B - Batch: INIT-20260108-212', '2026-01-08 01:59:57', '2026-01-08 01:59:57'),
(209, 'IN', 707, 213, 2, 'initial_stock', NULL, 1, 'Stok awal dari RAK B - Batch: INIT-20260108-213', '2026-01-08 01:59:57', '2026-01-08 01:59:57'),
(210, 'IN', 708, 214, 5, 'initial_stock', NULL, 1, 'Stok awal dari RAK B - Batch: INIT-20260108-214', '2026-01-08 01:59:57', '2026-01-08 01:59:57'),
(211, 'IN', 709, 215, 6, 'initial_stock', NULL, 1, 'Stok awal dari RAK B - Batch: INIT-20260108-215', '2026-01-08 01:59:57', '2026-01-08 01:59:57'),
(212, 'IN', 710, 216, 3, 'initial_stock', NULL, 1, 'Stok awal dari RAK B - Batch: INIT-20260108-216', '2026-01-08 01:59:57', '2026-01-08 01:59:57'),
(213, 'IN', 711, 217, 8, 'initial_stock', NULL, 1, 'Stok awal dari RAK B - Batch: INIT-20260108-217', '2026-01-08 01:59:57', '2026-01-08 01:59:57'),
(214, 'IN', 712, 218, 1, 'initial_stock', NULL, 1, 'Stok awal dari RAK B - Batch: INIT-20260108-218', '2026-01-08 01:59:57', '2026-01-08 01:59:57'),
(215, 'IN', 713, 219, 3, 'initial_stock', NULL, 1, 'Stok awal dari RAK B - Batch: INIT-20260108-219', '2026-01-08 01:59:57', '2026-01-08 01:59:57'),
(216, 'IN', 714, 220, 3, 'initial_stock', NULL, 1, 'Stok awal dari RAK B - Batch: INIT-20260108-220', '2026-01-08 01:59:57', '2026-01-08 01:59:57'),
(217, 'IN', 715, 221, 1, 'initial_stock', NULL, 1, 'Stok awal dari RAK C - Batch: INIT-20260108-221', '2026-01-08 01:59:57', '2026-01-08 01:59:57'),
(218, 'IN', 716, 222, 1, 'initial_stock', NULL, 1, 'Stok awal dari RAK C - Batch: INIT-20260108-222', '2026-01-08 01:59:57', '2026-01-08 01:59:57'),
(219, 'IN', 717, 223, 1, 'initial_stock', NULL, 1, 'Stok awal dari RAK C - Batch: INIT-20260108-223', '2026-01-08 01:59:57', '2026-01-08 01:59:57'),
(220, 'IN', 718, 224, 1, 'initial_stock', NULL, 1, 'Stok awal dari RAK C - Batch: INIT-20260108-224', '2026-01-08 01:59:57', '2026-01-08 01:59:57'),
(221, 'IN', 719, 225, 1, 'initial_stock', NULL, 1, 'Stok awal dari RAK C - Batch: INIT-20260108-225', '2026-01-08 01:59:57', '2026-01-08 01:59:57'),
(222, 'IN', 720, 226, 1, 'initial_stock', NULL, 1, 'Stok awal dari RAK C - Batch: INIT-20260108-226', '2026-01-08 01:59:57', '2026-01-08 01:59:57'),
(223, 'IN', 721, 227, 1, 'initial_stock', NULL, 1, 'Stok awal dari RAK C - Batch: INIT-20260108-227', '2026-01-08 01:59:57', '2026-01-08 01:59:57'),
(224, 'IN', 722, 228, 1, 'initial_stock', NULL, 1, 'Stok awal dari RAK C - Batch: INIT-20260108-228', '2026-01-08 01:59:57', '2026-01-08 01:59:57'),
(225, 'IN', 723, 229, 1, 'initial_stock', NULL, 1, 'Stok awal dari RAK C - Batch: INIT-20260108-229', '2026-01-08 01:59:57', '2026-01-08 01:59:57'),
(226, 'IN', 724, 230, 1, 'initial_stock', NULL, 1, 'Stok awal dari RAK C - Batch: INIT-20260108-230', '2026-01-08 01:59:57', '2026-01-08 01:59:57'),
(227, 'IN', 725, 231, 6, 'initial_stock', NULL, 1, 'Stok awal dari RAK C - Batch: INIT-20260108-231', '2026-01-08 01:59:57', '2026-01-08 01:59:57'),
(228, 'IN', 726, 232, 1, 'initial_stock', NULL, 1, 'Stok awal dari RAK C - Batch: INIT-20260108-232', '2026-01-08 01:59:57', '2026-01-08 01:59:57'),
(229, 'IN', 727, 233, 3, 'initial_stock', NULL, 1, 'Stok awal dari RAK C - Batch: INIT-20260108-233', '2026-01-08 01:59:58', '2026-01-08 01:59:58'),
(230, 'IN', 728, 234, 2, 'initial_stock', NULL, 1, 'Stok awal dari RAK C - Batch: INIT-20260108-234', '2026-01-08 01:59:58', '2026-01-08 01:59:58'),
(231, 'IN', 729, 235, 3, 'initial_stock', NULL, 1, 'Stok awal dari RAK C - Batch: INIT-20260108-235', '2026-01-08 01:59:58', '2026-01-08 01:59:58'),
(232, 'IN', 730, 236, 3, 'initial_stock', NULL, 1, 'Stok awal dari RAK C - Batch: INIT-20260108-236', '2026-01-08 01:59:58', '2026-01-08 01:59:58'),
(233, 'IN', 731, 237, 5, 'initial_stock', NULL, 1, 'Stok awal dari RAK C - Batch: INIT-20260108-237', '2026-01-08 01:59:58', '2026-01-08 01:59:58'),
(234, 'IN', 732, 238, 3, 'initial_stock', NULL, 1, 'Stok awal dari RAK C - Batch: INIT-20260108-238', '2026-01-08 01:59:58', '2026-01-08 01:59:58'),
(235, 'IN', 733, 239, 1, 'initial_stock', NULL, 1, 'Stok awal dari RAK C - Batch: INIT-20260108-239', '2026-01-08 01:59:58', '2026-01-08 01:59:58'),
(236, 'IN', 734, 240, 1, 'initial_stock', NULL, 1, 'Stok awal dari RAK C - Batch: INIT-20260108-240', '2026-01-08 01:59:58', '2026-01-08 01:59:58'),
(237, 'IN', 735, 241, 1, 'initial_stock', NULL, 1, 'Stok awal dari RAK C - Batch: INIT-20260108-241', '2026-01-08 01:59:58', '2026-01-08 01:59:58'),
(238, 'IN', 736, 242, 3, 'initial_stock', NULL, 1, 'Stok awal dari RAK C - Batch: INIT-20260108-242', '2026-01-08 01:59:58', '2026-01-08 01:59:58'),
(239, 'IN', 737, 243, 3, 'initial_stock', NULL, 1, 'Stok awal dari RAK C - Batch: INIT-20260108-243', '2026-01-08 01:59:58', '2026-01-08 01:59:58'),
(240, 'IN', 738, 244, 2, 'initial_stock', NULL, 1, 'Stok awal dari RAK C - Batch: INIT-20260108-244', '2026-01-08 01:59:58', '2026-01-08 01:59:58'),
(241, 'IN', 739, 245, 2, 'initial_stock', NULL, 1, 'Stok awal dari RAK C - Batch: INIT-20260108-245', '2026-01-08 01:59:58', '2026-01-08 01:59:58'),
(242, 'IN', 740, 246, 2, 'initial_stock', NULL, 1, 'Stok awal dari RAK C - Batch: INIT-20260108-246', '2026-01-08 01:59:58', '2026-01-08 01:59:58'),
(243, 'IN', 741, 247, 9, 'initial_stock', NULL, 1, 'Stok awal dari RAK C - Batch: INIT-20260108-247', '2026-01-08 01:59:58', '2026-01-08 01:59:58'),
(244, 'IN', 742, 248, 2, 'initial_stock', NULL, 1, 'Stok awal dari RAK C - Batch: INIT-20260108-248', '2026-01-08 01:59:58', '2026-01-08 01:59:58'),
(245, 'IN', 743, 249, 2, 'initial_stock', NULL, 1, 'Stok awal dari RAK C - Batch: INIT-20260108-249', '2026-01-08 01:59:58', '2026-01-08 01:59:58'),
(246, 'IN', 744, 250, 3, 'initial_stock', NULL, 1, 'Stok awal dari RAK C - Batch: INIT-20260108-250', '2026-01-08 01:59:58', '2026-01-08 01:59:58'),
(247, 'IN', 745, 251, 1, 'initial_stock', NULL, 1, 'Stok awal dari RAK C - Batch: INIT-20260108-251', '2026-01-08 01:59:58', '2026-01-08 01:59:58'),
(248, 'IN', 746, 252, 1, 'initial_stock', NULL, 1, 'Stok awal dari RAK C - Batch: INIT-20260108-252', '2026-01-08 01:59:58', '2026-01-08 01:59:58'),
(249, 'IN', 747, 253, 1, 'initial_stock', NULL, 1, 'Stok awal dari RAK C - Batch: INIT-20260108-253', '2026-01-08 01:59:58', '2026-01-08 01:59:58'),
(250, 'IN', 748, 254, 1, 'initial_stock', NULL, 1, 'Stok awal dari RAK C - Batch: INIT-20260108-254', '2026-01-08 01:59:58', '2026-01-08 01:59:58'),
(251, 'IN', 749, 255, 2, 'initial_stock', NULL, 1, 'Stok awal dari RAK C - Batch: INIT-20260108-255', '2026-01-08 01:59:58', '2026-01-08 01:59:58'),
(252, 'IN', 750, 256, 1, 'initial_stock', NULL, 1, 'Stok awal dari RAK C - Batch: INIT-20260108-256', '2026-01-08 01:59:58', '2026-01-08 01:59:58'),
(253, 'IN', 751, 257, 2, 'initial_stock', NULL, 1, 'Stok awal dari RAK C - Batch: INIT-20260108-257', '2026-01-08 01:59:58', '2026-01-08 01:59:58'),
(254, 'IN', 752, 258, 3, 'initial_stock', NULL, 1, 'Stok awal dari RAK C - Batch: INIT-20260108-258', '2026-01-08 01:59:58', '2026-01-08 01:59:58'),
(255, 'IN', 753, 259, 6, 'initial_stock', NULL, 1, 'Stok awal dari RAK C - Batch: INIT-20260108-259', '2026-01-08 01:59:58', '2026-01-08 01:59:58'),
(256, 'IN', 754, 260, 2, 'initial_stock', NULL, 1, 'Stok awal dari RAK C - Batch: INIT-20260108-260', '2026-01-08 01:59:58', '2026-01-08 01:59:58'),
(257, 'IN', 755, 261, 1, 'initial_stock', NULL, 1, 'Stok awal dari RAK C - Batch: INIT-20260108-261', '2026-01-08 01:59:58', '2026-01-08 01:59:58'),
(258, 'IN', 756, 262, 3, 'initial_stock', NULL, 1, 'Stok awal dari RAK C - Batch: INIT-20260108-262', '2026-01-08 01:59:58', '2026-01-08 01:59:58'),
(259, 'IN', 757, 263, 2, 'initial_stock', NULL, 1, 'Stok awal dari RAK C - Batch: INIT-20260108-263', '2026-01-08 01:59:58', '2026-01-08 01:59:58'),
(260, 'IN', 758, 264, 1, 'initial_stock', NULL, 1, 'Stok awal dari RAK C - Batch: INIT-20260108-264', '2026-01-08 01:59:58', '2026-01-08 01:59:58'),
(261, 'IN', 759, 265, 3, 'initial_stock', NULL, 1, 'Stok awal dari RAK C - Batch: INIT-20260108-265', '2026-01-08 01:59:58', '2026-01-08 01:59:58'),
(262, 'IN', 760, 266, 1, 'initial_stock', NULL, 1, 'Stok awal dari RAK C - Batch: INIT-20260108-266', '2026-01-08 01:59:58', '2026-01-08 01:59:58'),
(263, 'IN', 761, 267, 3, 'initial_stock', NULL, 1, 'Stok awal dari RAK C - Batch: INIT-20260108-267', '2026-01-08 01:59:58', '2026-01-08 01:59:58'),
(264, 'IN', 762, 268, 3, 'initial_stock', NULL, 1, 'Stok awal dari RAK C - Batch: INIT-20260108-268', '2026-01-08 01:59:58', '2026-01-08 01:59:58'),
(265, 'IN', 763, 269, 3, 'initial_stock', NULL, 1, 'Stok awal dari RAK C - Batch: INIT-20260108-269', '2026-01-08 01:59:58', '2026-01-08 01:59:58'),
(266, 'IN', 764, 270, 3, 'initial_stock', NULL, 1, 'Stok awal dari RAK C - Batch: INIT-20260108-270', '2026-01-08 01:59:58', '2026-01-08 01:59:58'),
(267, 'IN', 765, 271, 2, 'initial_stock', NULL, 1, 'Stok awal dari RAK C - Batch: INIT-20260108-271', '2026-01-08 01:59:58', '2026-01-08 01:59:58'),
(268, 'IN', 766, 272, 2, 'initial_stock', NULL, 1, 'Stok awal dari RAK C - Batch: INIT-20260108-272', '2026-01-08 01:59:58', '2026-01-08 01:59:58'),
(269, 'IN', 767, 273, 1, 'initial_stock', NULL, 1, 'Stok awal dari RAK C - Batch: INIT-20260108-273', '2026-01-08 01:59:58', '2026-01-08 01:59:58'),
(270, 'IN', 768, 274, 2, 'initial_stock', NULL, 1, 'Stok awal dari RAK C - Batch: INIT-20260108-274', '2026-01-08 01:59:58', '2026-01-08 01:59:58'),
(271, 'IN', 769, 275, 2, 'initial_stock', NULL, 1, 'Stok awal dari RAK C - Batch: INIT-20260108-275', '2026-01-08 01:59:58', '2026-01-08 01:59:58'),
(272, 'IN', 770, 276, 1, 'initial_stock', NULL, 1, 'Stok awal dari RAK C - Batch: INIT-20260108-276', '2026-01-08 01:59:58', '2026-01-08 01:59:58'),
(273, 'IN', 771, 277, 2, 'initial_stock', NULL, 1, 'Stok awal dari RAK C - Batch: INIT-20260108-277', '2026-01-08 01:59:58', '2026-01-08 01:59:58'),
(274, 'IN', 772, 278, 3, 'initial_stock', NULL, 1, 'Stok awal dari RAK C - Batch: INIT-20260108-278', '2026-01-08 01:59:58', '2026-01-08 01:59:58'),
(275, 'IN', 773, 279, 1, 'initial_stock', NULL, 1, 'Stok awal dari RAK C - Batch: INIT-20260108-279', '2026-01-08 01:59:58', '2026-01-08 01:59:58'),
(276, 'IN', 774, 280, 1, 'initial_stock', NULL, 1, 'Stok awal dari RAK C - Batch: INIT-20260108-280', '2026-01-08 01:59:58', '2026-01-08 01:59:58'),
(277, 'IN', 775, 281, 2, 'initial_stock', NULL, 1, 'Stok awal dari RAK C - Batch: INIT-20260108-281', '2026-01-08 01:59:58', '2026-01-08 01:59:58'),
(278, 'IN', 776, 282, 5, 'initial_stock', NULL, 1, 'Stok awal dari RAK C - Batch: INIT-20260108-282', '2026-01-08 01:59:58', '2026-01-08 01:59:58'),
(279, 'IN', 777, 283, 6, 'initial_stock', NULL, 1, 'Stok awal dari RAK C - Batch: INIT-20260108-283', '2026-01-08 01:59:58', '2026-01-08 01:59:58'),
(280, 'IN', 778, 284, 2, 'initial_stock', NULL, 1, 'Stok awal dari RAK C - Batch: INIT-20260108-284', '2026-01-08 01:59:58', '2026-01-08 01:59:58'),
(281, 'IN', 779, 285, 4, 'initial_stock', NULL, 1, 'Stok awal dari RAK C - Batch: INIT-20260108-285', '2026-01-08 01:59:58', '2026-01-08 01:59:58'),
(282, 'IN', 780, 286, 19, 'initial_stock', NULL, 1, 'Stok awal dari RAK C - Batch: INIT-20260108-286', '2026-01-08 01:59:58', '2026-01-08 01:59:58'),
(283, 'IN', 781, 287, 26, 'initial_stock', NULL, 1, 'Stok awal dari RAK C - Batch: INIT-20260108-287', '2026-01-08 01:59:58', '2026-01-08 01:59:58'),
(284, 'IN', 782, 288, 6, 'initial_stock', NULL, 1, 'Stok awal dari RAK C - Batch: INIT-20260108-288', '2026-01-08 01:59:58', '2026-01-08 01:59:58'),
(285, 'IN', 783, 289, 2, 'initial_stock', NULL, 1, 'Stok awal dari RAK C - Batch: INIT-20260108-289', '2026-01-08 01:59:58', '2026-01-08 01:59:58'),
(286, 'IN', 784, 290, 3, 'initial_stock', NULL, 1, 'Stok awal dari RAK C - Batch: INIT-20260108-290', '2026-01-08 01:59:58', '2026-01-08 01:59:58'),
(287, 'IN', 785, 291, 1, 'initial_stock', NULL, 1, 'Stok awal dari RAK C - Batch: INIT-20260108-291', '2026-01-08 01:59:58', '2026-01-08 01:59:58'),
(288, 'IN', 786, 292, 1, 'initial_stock', NULL, 1, 'Stok awal dari RAK C - Batch: INIT-20260108-292', '2026-01-08 01:59:58', '2026-01-08 01:59:58'),
(289, 'IN', 787, 293, 1, 'initial_stock', NULL, 1, 'Stok awal dari RAK C - Batch: INIT-20260108-293', '2026-01-08 01:59:59', '2026-01-08 01:59:59'),
(290, 'IN', 788, 294, 1, 'initial_stock', NULL, 1, 'Stok awal dari RAK C - Batch: INIT-20260108-294', '2026-01-08 01:59:59', '2026-01-08 01:59:59'),
(291, 'IN', 789, 295, 3, 'initial_stock', NULL, 1, 'Stok awal dari RAK C - Batch: INIT-20260108-295', '2026-01-08 01:59:59', '2026-01-08 01:59:59'),
(292, 'IN', 790, 296, 3, 'initial_stock', NULL, 1, 'Stok awal dari RAK C - Batch: INIT-20260108-296', '2026-01-08 01:59:59', '2026-01-08 01:59:59'),
(293, 'IN', 791, 297, 2, 'initial_stock', NULL, 1, 'Stok awal dari RAK C - Batch: INIT-20260108-297', '2026-01-08 01:59:59', '2026-01-08 01:59:59'),
(294, 'IN', 792, 298, 4, 'initial_stock', NULL, 1, 'Stok awal dari RAK C - Batch: INIT-20260108-298', '2026-01-08 01:59:59', '2026-01-08 01:59:59'),
(295, 'IN', 793, 299, 6, 'initial_stock', NULL, 1, 'Stok awal dari RAK C - Batch: INIT-20260108-299', '2026-01-08 01:59:59', '2026-01-08 01:59:59'),
(296, 'IN', 794, 300, 1, 'initial_stock', NULL, 1, 'Stok awal dari RAK D - Batch: INIT-20260108-300', '2026-01-08 01:59:59', '2026-01-08 01:59:59'),
(297, 'IN', 795, 301, 1, 'initial_stock', NULL, 1, 'Stok awal dari RAK D - Batch: INIT-20260108-301', '2026-01-08 01:59:59', '2026-01-08 01:59:59'),
(298, 'IN', 796, 302, 1, 'initial_stock', NULL, 1, 'Stok awal dari RAK D - Batch: INIT-20260108-302', '2026-01-08 01:59:59', '2026-01-08 01:59:59'),
(299, 'IN', 797, 303, 5, 'initial_stock', NULL, 1, 'Stok awal dari RAK D - Batch: INIT-20260108-303', '2026-01-08 01:59:59', '2026-01-08 01:59:59'),
(300, 'IN', 798, 304, 3, 'initial_stock', NULL, 1, 'Stok awal dari RAK D - Batch: INIT-20260108-304', '2026-01-08 01:59:59', '2026-01-08 01:59:59'),
(301, 'IN', 799, 305, 5, 'initial_stock', NULL, 1, 'Stok awal dari RAK D - Batch: INIT-20260108-305', '2026-01-08 01:59:59', '2026-01-08 01:59:59'),
(302, 'IN', 800, 306, 3, 'initial_stock', NULL, 1, 'Stok awal dari RAK D - Batch: INIT-20260108-306', '2026-01-08 01:59:59', '2026-01-08 01:59:59'),
(303, 'IN', 801, 307, 3, 'initial_stock', NULL, 1, 'Stok awal dari RAK D - Batch: INIT-20260108-307', '2026-01-08 01:59:59', '2026-01-08 01:59:59'),
(304, 'IN', 802, 308, 2, 'initial_stock', NULL, 1, 'Stok awal dari RAK D - Batch: INIT-20260108-308', '2026-01-08 01:59:59', '2026-01-08 01:59:59'),
(305, 'IN', 803, 309, 5, 'initial_stock', NULL, 1, 'Stok awal dari RAK D - Batch: INIT-20260108-309', '2026-01-08 01:59:59', '2026-01-08 01:59:59'),
(306, 'IN', 804, 310, 5, 'initial_stock', NULL, 1, 'Stok awal dari RAK D - Batch: INIT-20260108-310', '2026-01-08 01:59:59', '2026-01-08 01:59:59'),
(307, 'IN', 805, 311, 5, 'initial_stock', NULL, 1, 'Stok awal dari RAK D - Batch: INIT-20260108-311', '2026-01-08 01:59:59', '2026-01-08 01:59:59'),
(308, 'IN', 806, 312, 2, 'initial_stock', NULL, 1, 'Stok awal dari RAK D - Batch: INIT-20260108-312', '2026-01-08 01:59:59', '2026-01-08 01:59:59'),
(309, 'IN', 807, 313, 2, 'initial_stock', NULL, 1, 'Stok awal dari RAK D - Batch: INIT-20260108-313', '2026-01-08 01:59:59', '2026-01-08 01:59:59'),
(310, 'IN', 808, 314, 2, 'initial_stock', NULL, 1, 'Stok awal dari RAK D - Batch: INIT-20260108-314', '2026-01-08 01:59:59', '2026-01-08 01:59:59'),
(311, 'IN', 809, 315, 2, 'initial_stock', NULL, 1, 'Stok awal dari RAK D - Batch: INIT-20260108-315', '2026-01-08 01:59:59', '2026-01-08 01:59:59'),
(312, 'IN', 810, 316, 2, 'initial_stock', NULL, 1, 'Stok awal dari RAK D - Batch: INIT-20260108-316', '2026-01-08 01:59:59', '2026-01-08 01:59:59'),
(313, 'IN', 811, 317, 2, 'initial_stock', NULL, 1, 'Stok awal dari RAK D - Batch: INIT-20260108-317', '2026-01-08 01:59:59', '2026-01-08 01:59:59'),
(314, 'IN', 812, 318, 12, 'initial_stock', NULL, 1, 'Stok awal dari RAK D - Batch: INIT-20260108-318', '2026-01-08 01:59:59', '2026-01-08 01:59:59'),
(315, 'IN', 813, 319, 1, 'initial_stock', NULL, 1, 'Stok awal dari RAK D - Batch: INIT-20260108-319', '2026-01-08 01:59:59', '2026-01-08 01:59:59'),
(316, 'IN', 814, 321, 7, 'initial_stock', NULL, 1, 'Stok awal dari RAK D - Batch: INIT-20260108-321', '2026-01-08 01:59:59', '2026-01-08 01:59:59'),
(317, 'IN', 815, 322, 8, 'initial_stock', NULL, 1, 'Stok awal dari RAK D - Batch: INIT-20260108-322', '2026-01-08 01:59:59', '2026-01-08 01:59:59'),
(318, 'IN', 816, 323, 9, 'initial_stock', NULL, 1, 'Stok awal dari RAK D - Batch: INIT-20260108-323', '2026-01-08 01:59:59', '2026-01-08 01:59:59'),
(319, 'IN', 817, 324, 3, 'initial_stock', NULL, 1, 'Stok awal dari RAK D - Batch: INIT-20260108-324', '2026-01-08 01:59:59', '2026-01-08 01:59:59'),
(320, 'IN', 818, 325, 1, 'initial_stock', NULL, 1, 'Stok awal dari RAK D - Batch: INIT-20260108-325', '2026-01-08 01:59:59', '2026-01-08 01:59:59'),
(321, 'IN', 819, 326, 9, 'initial_stock', NULL, 1, 'Stok awal dari RAK D - Batch: INIT-20260108-326', '2026-01-08 01:59:59', '2026-01-08 01:59:59'),
(322, 'IN', 820, 327, 9, 'initial_stock', NULL, 1, 'Stok awal dari RAK D - Batch: INIT-20260108-327', '2026-01-08 01:59:59', '2026-01-08 01:59:59'),
(323, 'IN', 821, 328, 9, 'initial_stock', NULL, 1, 'Stok awal dari RAK D - Batch: INIT-20260108-328', '2026-01-08 01:59:59', '2026-01-08 01:59:59'),
(324, 'IN', 822, 329, 3, 'initial_stock', NULL, 1, 'Stok awal dari RAK D - Batch: INIT-20260108-329', '2026-01-08 01:59:59', '2026-01-08 01:59:59'),
(325, 'IN', 823, 330, 5, 'initial_stock', NULL, 1, 'Stok awal dari RAK D - Batch: INIT-20260108-330', '2026-01-08 01:59:59', '2026-01-08 01:59:59'),
(326, 'IN', 824, 331, 4, 'initial_stock', NULL, 1, 'Stok awal dari RAK D - Batch: INIT-20260108-331', '2026-01-08 01:59:59', '2026-01-08 01:59:59'),
(327, 'IN', 825, 332, 3, 'initial_stock', NULL, 1, 'Stok awal dari RAK D - Batch: INIT-20260108-332', '2026-01-08 01:59:59', '2026-01-08 01:59:59'),
(328, 'IN', 826, 333, 8, 'initial_stock', NULL, 1, 'Stok awal dari RAK D - Batch: INIT-20260108-333', '2026-01-08 01:59:59', '2026-01-08 01:59:59'),
(329, 'IN', 827, 334, 7, 'initial_stock', NULL, 1, 'Stok awal dari RAK D - Batch: INIT-20260108-334', '2026-01-08 01:59:59', '2026-01-08 01:59:59'),
(330, 'IN', 828, 335, 3, 'initial_stock', NULL, 1, 'Stok awal dari RAK D - Batch: INIT-20260108-335', '2026-01-08 01:59:59', '2026-01-08 01:59:59'),
(331, 'IN', 829, 336, 2, 'initial_stock', NULL, 1, 'Stok awal dari RAK D - Batch: INIT-20260108-336', '2026-01-08 01:59:59', '2026-01-08 01:59:59'),
(332, 'IN', 830, 337, 6, 'initial_stock', NULL, 1, 'Stok awal dari RAK D - Batch: INIT-20260108-337', '2026-01-08 01:59:59', '2026-01-08 01:59:59'),
(333, 'IN', 831, 338, 1, 'initial_stock', NULL, 1, 'Stok awal dari RAK D - Batch: INIT-20260108-338', '2026-01-08 01:59:59', '2026-01-08 01:59:59'),
(334, 'IN', 832, 339, 3, 'initial_stock', NULL, 1, 'Stok awal dari RAK D - Batch: INIT-20260108-339', '2026-01-08 01:59:59', '2026-01-08 01:59:59'),
(335, 'IN', 833, 340, 2, 'initial_stock', NULL, 1, 'Stok awal dari RAK D - Batch: INIT-20260108-340', '2026-01-08 01:59:59', '2026-01-08 01:59:59'),
(336, 'IN', 834, 341, 7, 'initial_stock', NULL, 1, 'Stok awal dari RAK D - Batch: INIT-20260108-341', '2026-01-08 01:59:59', '2026-01-08 01:59:59'),
(337, 'IN', 835, 342, 7, 'initial_stock', NULL, 1, 'Stok awal dari RAK D - Batch: INIT-20260108-342', '2026-01-08 01:59:59', '2026-01-08 01:59:59'),
(338, 'IN', 836, 343, 32, 'initial_stock', NULL, 1, 'Stok awal dari RAK D - Batch: INIT-20260108-343', '2026-01-08 01:59:59', '2026-01-08 01:59:59'),
(339, 'IN', 837, 344, 5, 'initial_stock', NULL, 1, 'Stok awal dari RAK D - Batch: INIT-20260108-344', '2026-01-08 01:59:59', '2026-01-08 01:59:59'),
(340, 'IN', 838, 345, 1, 'initial_stock', NULL, 1, 'Stok awal dari RAK D - Batch: INIT-20260108-345', '2026-01-08 01:59:59', '2026-01-08 01:59:59');
INSERT INTO `stock_movements` (`id`, `type`, `batch_id`, `product_id`, `qty`, `ref_type`, `ref_id`, `user_id`, `notes`, `created_at`, `updated_at`) VALUES
(341, 'IN', 839, 346, 6, 'initial_stock', NULL, 1, 'Stok awal dari RAK D - Batch: INIT-20260108-346', '2026-01-08 01:59:59', '2026-01-08 01:59:59'),
(342, 'IN', 840, 347, 5, 'initial_stock', NULL, 1, 'Stok awal dari RAK D - Batch: INIT-20260108-347', '2026-01-08 01:59:59', '2026-01-08 01:59:59'),
(343, 'IN', 841, 348, 33, 'initial_stock', NULL, 1, 'Stok awal dari RAK D - Batch: INIT-20260108-348', '2026-01-08 01:59:59', '2026-01-08 01:59:59'),
(344, 'IN', 842, 349, 3, 'initial_stock', NULL, 1, 'Stok awal dari RAK D - Batch: INIT-20260108-349', '2026-01-08 01:59:59', '2026-01-08 01:59:59'),
(345, 'IN', 843, 350, 25, 'initial_stock', NULL, 1, 'Stok awal dari RAK D - Batch: INIT-20260108-350', '2026-01-08 01:59:59', '2026-01-08 01:59:59'),
(346, 'IN', 844, 351, 3, 'initial_stock', NULL, 1, 'Stok awal dari RAK D - Batch: INIT-20260108-351', '2026-01-08 01:59:59', '2026-01-08 01:59:59'),
(347, 'IN', 845, 352, 2, 'initial_stock', NULL, 1, 'Stok awal dari RAK D - Batch: INIT-20260108-352', '2026-01-08 01:59:59', '2026-01-08 01:59:59'),
(348, 'IN', 846, 353, 1, 'initial_stock', NULL, 1, 'Stok awal dari RAK D - Batch: INIT-20260108-353', '2026-01-08 01:59:59', '2026-01-08 01:59:59'),
(349, 'IN', 847, 354, 10, 'initial_stock', NULL, 1, 'Stok awal dari RAK E - Batch: INIT-20260108-354', '2026-01-08 01:59:59', '2026-01-08 01:59:59'),
(350, 'IN', 848, 355, 28, 'initial_stock', NULL, 1, 'Stok awal dari RAK E - Batch: INIT-20260108-355', '2026-01-08 01:59:59', '2026-01-08 01:59:59'),
(351, 'IN', 849, 356, 49, 'initial_stock', NULL, 1, 'Stok awal dari RAK E - Batch: INIT-20260108-356', '2026-01-08 01:59:59', '2026-01-08 01:59:59'),
(352, 'IN', 850, 357, 58, 'initial_stock', NULL, 1, 'Stok awal dari RAK E - Batch: INIT-20260108-357', '2026-01-08 01:59:59', '2026-01-08 01:59:59'),
(353, 'IN', 851, 358, 7, 'initial_stock', NULL, 1, 'Stok awal dari RAK E - Batch: INIT-20260108-358', '2026-01-08 02:00:00', '2026-01-08 02:00:00'),
(354, 'IN', 852, 359, 43, 'initial_stock', NULL, 1, 'Stok awal dari RAK E - Batch: INIT-20260108-359', '2026-01-08 02:00:00', '2026-01-08 02:00:00'),
(355, 'IN', 853, 360, 2, 'initial_stock', NULL, 1, 'Stok awal dari RAK E - Batch: INIT-20260108-360', '2026-01-08 02:00:00', '2026-01-08 02:00:00'),
(356, 'IN', 854, 361, 2, 'initial_stock', NULL, 1, 'Stok awal dari RAK E - Batch: INIT-20260108-361', '2026-01-08 02:00:00', '2026-01-08 02:00:00'),
(357, 'IN', 855, 362, 2, 'initial_stock', NULL, 1, 'Stok awal dari RAK E - Batch: INIT-20260108-362', '2026-01-08 02:00:00', '2026-01-08 02:00:00'),
(358, 'IN', 856, 363, 1, 'initial_stock', NULL, 1, 'Stok awal dari RAK E - Batch: INIT-20260108-363', '2026-01-08 02:00:00', '2026-01-08 02:00:00'),
(359, 'IN', 857, 364, 2, 'initial_stock', NULL, 1, 'Stok awal dari RAK E - Batch: INIT-20260108-364', '2026-01-08 02:00:00', '2026-01-08 02:00:00'),
(360, 'IN', 858, 365, 4, 'initial_stock', NULL, 1, 'Stok awal dari RAK E - Batch: INIT-20260108-365', '2026-01-08 02:00:00', '2026-01-08 02:00:00'),
(361, 'IN', 859, 366, 2, 'initial_stock', NULL, 1, 'Stok awal dari RAK E - Batch: INIT-20260108-366', '2026-01-08 02:00:00', '2026-01-08 02:00:00'),
(362, 'IN', 860, 368, 10, 'initial_stock', NULL, 1, 'Stok awal dari RAK E - Batch: INIT-20260108-368', '2026-01-08 02:00:00', '2026-01-08 02:00:00'),
(363, 'IN', 861, 369, 10, 'initial_stock', NULL, 1, 'Stok awal dari RAK E - Batch: INIT-20260108-369', '2026-01-08 02:00:00', '2026-01-08 02:00:00'),
(364, 'IN', 862, 370, 8, 'initial_stock', NULL, 1, 'Stok awal dari RAK E - Batch: INIT-20260108-370', '2026-01-08 02:00:00', '2026-01-08 02:00:00'),
(365, 'IN', 863, 371, 20, 'initial_stock', NULL, 1, 'Stok awal dari RAK E - Batch: INIT-20260108-371', '2026-01-08 02:00:00', '2026-01-08 02:00:00'),
(366, 'IN', 864, 372, 1, 'initial_stock', NULL, 1, 'Stok awal dari RAK E - Batch: INIT-20260108-372', '2026-01-08 02:00:00', '2026-01-08 02:00:00'),
(367, 'IN', 865, 373, 3, 'initial_stock', NULL, 1, 'Stok awal dari RAK E - Batch: INIT-20260108-373', '2026-01-08 02:00:00', '2026-01-08 02:00:00'),
(368, 'IN', 866, 374, 2, 'initial_stock', NULL, 1, 'Stok awal dari RAK E - Batch: INIT-20260108-374', '2026-01-08 02:00:00', '2026-01-08 02:00:00'),
(369, 'IN', 867, 375, 27, 'initial_stock', NULL, 1, 'Stok awal dari RAK E - Batch: INIT-20260108-375', '2026-01-08 02:00:00', '2026-01-08 02:00:00'),
(370, 'IN', 868, 376, 99, 'initial_stock', NULL, 1, 'Stok awal dari RAK E - Batch: INIT-20260108-376', '2026-01-08 02:00:00', '2026-01-08 02:00:00'),
(371, 'IN', 869, 377, 20, 'initial_stock', NULL, 1, 'Stok awal dari RAK E - Batch: INIT-20260108-377', '2026-01-08 02:00:00', '2026-01-08 02:00:00'),
(372, 'IN', 870, 378, 4, 'initial_stock', NULL, 1, 'Stok awal dari RAK E - Batch: INIT-20260108-378', '2026-01-08 02:00:00', '2026-01-08 02:00:00'),
(373, 'IN', 871, 379, 1, 'initial_stock', NULL, 1, 'Stok awal dari RAK E - Batch: INIT-20260108-379', '2026-01-08 02:00:00', '2026-01-08 02:00:00'),
(374, 'IN', 872, 380, 5, 'initial_stock', NULL, 1, 'Stok awal dari RAK E - Batch: INIT-20260108-380', '2026-01-08 02:00:00', '2026-01-08 02:00:00'),
(375, 'IN', 873, 381, 2, 'initial_stock', NULL, 1, 'Stok awal dari RAK E - Batch: INIT-20260108-381', '2026-01-08 02:00:00', '2026-01-08 02:00:00'),
(376, 'IN', 874, 382, 3, 'initial_stock', NULL, 1, 'Stok awal dari RAK E - Batch: INIT-20260108-382', '2026-01-08 02:00:00', '2026-01-08 02:00:00'),
(377, 'IN', 875, 383, 2, 'initial_stock', NULL, 1, 'Stok awal dari RAK E - Batch: INIT-20260108-383', '2026-01-08 02:00:00', '2026-01-08 02:00:00'),
(378, 'IN', 876, 384, 3, 'initial_stock', NULL, 1, 'Stok awal dari RAK E - Batch: INIT-20260108-384', '2026-01-08 02:00:00', '2026-01-08 02:00:00'),
(379, 'IN', 877, 385, 3, 'initial_stock', NULL, 1, 'Stok awal dari RAK E - Batch: INIT-20260108-385', '2026-01-08 02:00:00', '2026-01-08 02:00:00'),
(380, 'IN', 878, 386, 14, 'initial_stock', NULL, 1, 'Stok awal dari RAK E - Batch: INIT-20260108-386', '2026-01-08 02:00:00', '2026-01-08 02:00:00'),
(381, 'IN', 879, 387, 25, 'initial_stock', NULL, 1, 'Stok awal dari RAK E - Batch: INIT-20260108-387', '2026-01-08 02:00:00', '2026-01-08 02:00:00'),
(382, 'IN', 880, 388, 12, 'initial_stock', NULL, 1, 'Stok awal dari RAK E - Batch: INIT-20260108-388', '2026-01-08 02:00:00', '2026-01-08 02:00:00'),
(383, 'IN', 881, 389, 3, 'initial_stock', NULL, 1, 'Stok awal dari RAK E - Batch: INIT-20260108-389', '2026-01-08 02:00:00', '2026-01-08 02:00:00'),
(384, 'IN', 882, 390, 10, 'initial_stock', NULL, 1, 'Stok awal dari RAK E - Batch: INIT-20260108-390', '2026-01-08 02:00:00', '2026-01-08 02:00:00'),
(385, 'IN', 883, 391, 3, 'initial_stock', NULL, 1, 'Stok awal dari RAK E - Batch: INIT-20260108-391', '2026-01-08 02:00:00', '2026-01-08 02:00:00'),
(386, 'IN', 884, 392, 3, 'initial_stock', NULL, 1, 'Stok awal dari RAK E - Batch: INIT-20260108-392', '2026-01-08 02:00:00', '2026-01-08 02:00:00'),
(387, 'IN', 885, 393, 5, 'initial_stock', NULL, 1, 'Stok awal dari RAK E - Batch: INIT-20260108-393', '2026-01-08 02:00:00', '2026-01-08 02:00:00'),
(388, 'IN', 886, 394, 6, 'initial_stock', NULL, 1, 'Stok awal dari RAK E - Batch: INIT-20260108-394', '2026-01-08 02:00:00', '2026-01-08 02:00:00'),
(389, 'IN', 887, 395, 1, 'initial_stock', NULL, 1, 'Stok awal dari RAK E - Batch: INIT-20260108-395', '2026-01-08 02:00:00', '2026-01-08 02:00:00'),
(390, 'IN', 888, 396, 1, 'initial_stock', NULL, 1, 'Stok awal dari RAK E - Batch: INIT-20260108-396', '2026-01-08 02:00:00', '2026-01-08 02:00:00'),
(391, 'IN', 889, 397, 5, 'initial_stock', NULL, 1, 'Stok awal dari RAK E - Batch: INIT-20260108-397', '2026-01-08 02:00:00', '2026-01-08 02:00:00'),
(392, 'IN', 890, 398, 6, 'initial_stock', NULL, 1, 'Stok awal dari RAK E - Batch: INIT-20260108-398', '2026-01-08 02:00:00', '2026-01-08 02:00:00'),
(393, 'IN', 891, 399, 2, 'initial_stock', NULL, 1, 'Stok awal dari RAK E - Batch: INIT-20260108-399', '2026-01-08 02:00:00', '2026-01-08 02:00:00'),
(394, 'IN', 892, 400, 2, 'initial_stock', NULL, 1, 'Stok awal dari RAK E - Batch: INIT-20260108-400', '2026-01-08 02:00:01', '2026-01-08 02:00:01'),
(395, 'IN', 893, 401, 1, 'initial_stock', NULL, 1, 'Stok awal dari RAK E - Batch: INIT-20260108-401', '2026-01-08 02:00:01', '2026-01-08 02:00:01'),
(396, 'IN', 894, 402, 2, 'initial_stock', NULL, 1, 'Stok awal dari RAK E - Batch: INIT-20260108-402', '2026-01-08 02:00:01', '2026-01-08 02:00:01'),
(397, 'IN', 895, 403, 2, 'initial_stock', NULL, 1, 'Stok awal dari RAK E - Batch: INIT-20260108-403', '2026-01-08 02:00:01', '2026-01-08 02:00:01'),
(398, 'IN', 896, 404, 1, 'initial_stock', NULL, 1, 'Stok awal dari RAK E - Batch: INIT-20260108-404', '2026-01-08 02:00:01', '2026-01-08 02:00:01'),
(399, 'IN', 897, 405, 2, 'initial_stock', NULL, 1, 'Stok awal dari RAK E - Batch: INIT-20260108-405', '2026-01-08 02:00:01', '2026-01-08 02:00:01'),
(400, 'IN', 898, 406, 1, 'initial_stock', NULL, 1, 'Stok awal dari RAK E - Batch: INIT-20260108-406', '2026-01-08 02:00:01', '2026-01-08 02:00:01'),
(401, 'IN', 899, 407, 1, 'initial_stock', NULL, 1, 'Stok awal dari RAK E - Batch: INIT-20260108-407', '2026-01-08 02:00:01', '2026-01-08 02:00:01'),
(402, 'IN', 900, 408, 2, 'initial_stock', NULL, 1, 'Stok awal dari RAK E - Batch: INIT-20260108-408', '2026-01-08 02:00:01', '2026-01-08 02:00:01'),
(403, 'IN', 901, 409, 1, 'initial_stock', NULL, 1, 'Stok awal dari RAK E - Batch: INIT-20260108-409', '2026-01-08 02:00:01', '2026-01-08 02:00:01'),
(404, 'IN', 902, 410, 2, 'initial_stock', NULL, 1, 'Stok awal dari RAK E - Batch: INIT-20260108-410', '2026-01-08 02:00:01', '2026-01-08 02:00:01'),
(405, 'IN', 903, 411, 1, 'initial_stock', NULL, 1, 'Stok awal dari RAK E - Batch: INIT-20260108-411', '2026-01-08 02:00:01', '2026-01-08 02:00:01'),
(406, 'IN', 904, 412, 2, 'initial_stock', NULL, 1, 'Stok awal dari RAK E - Batch: INIT-20260108-412', '2026-01-08 02:00:01', '2026-01-08 02:00:01'),
(407, 'IN', 905, 413, 3, 'initial_stock', NULL, 1, 'Stok awal dari RAK E - Batch: INIT-20260108-413', '2026-01-08 02:00:01', '2026-01-08 02:00:01'),
(408, 'IN', 906, 414, 5, 'initial_stock', NULL, 1, 'Stok awal dari RAK E - Batch: INIT-20260108-414', '2026-01-08 02:00:01', '2026-01-08 02:00:01'),
(409, 'IN', 907, 415, 13, 'initial_stock', NULL, 1, 'Stok awal dari RAK E - Batch: INIT-20260108-415', '2026-01-08 02:00:01', '2026-01-08 02:00:01'),
(410, 'IN', 908, 416, 27, 'initial_stock', NULL, 1, 'Stok awal dari RAK E - Batch: INIT-20260108-416', '2026-01-08 02:00:01', '2026-01-08 02:00:01'),
(411, 'IN', 909, 417, 182, 'initial_stock', NULL, 1, 'Stok awal dari RAK E - Batch: INIT-20260108-417', '2026-01-08 02:00:01', '2026-01-08 02:00:01'),
(412, 'IN', 910, 418, 1, 'initial_stock', NULL, 1, 'Stok awal dari RAK E - Batch: INIT-20260108-418', '2026-01-08 02:00:01', '2026-01-08 02:00:01'),
(413, 'IN', 911, 419, 7, 'initial_stock', NULL, 1, 'Stok awal dari RAK E - Batch: INIT-20260108-419', '2026-01-08 02:00:01', '2026-01-08 02:00:01'),
(414, 'IN', 912, 420, 10, 'initial_stock', NULL, 1, 'Stok awal dari RAK E - Batch: INIT-20260108-420', '2026-01-08 02:00:01', '2026-01-08 02:00:01'),
(415, 'IN', 913, 421, 1, 'initial_stock', NULL, 1, 'Stok awal dari RAK E - Batch: INIT-20260108-421', '2026-01-08 02:00:01', '2026-01-08 02:00:01'),
(416, 'IN', 914, 422, 1, 'initial_stock', NULL, 1, 'Stok awal dari RAK E - Batch: INIT-20260108-422', '2026-01-08 02:00:01', '2026-01-08 02:00:01'),
(417, 'IN', 915, 423, 9, 'initial_stock', NULL, 1, 'Stok awal dari RAK E - Batch: INIT-20260108-423', '2026-01-08 02:00:01', '2026-01-08 02:00:01'),
(418, 'IN', 916, 424, 4, 'initial_stock', NULL, 1, 'Stok awal dari RAK E - Batch: INIT-20260108-424', '2026-01-08 02:00:01', '2026-01-08 02:00:01'),
(419, 'IN', 917, 425, 2, 'initial_stock', NULL, 1, 'Stok awal dari RAK F - Batch: INIT-20260108-425', '2026-01-08 02:00:01', '2026-01-08 02:00:01'),
(420, 'IN', 918, 426, 1, 'initial_stock', NULL, 1, 'Stok awal dari RAK F - Batch: INIT-20260108-426', '2026-01-08 02:00:01', '2026-01-08 02:00:01'),
(421, 'IN', 919, 427, 3, 'initial_stock', NULL, 1, 'Stok awal dari RAK F - Batch: INIT-20260108-427', '2026-01-08 02:00:01', '2026-01-08 02:00:01'),
(422, 'IN', 920, 428, 13, 'initial_stock', NULL, 1, 'Stok awal dari RAK F - Batch: INIT-20260108-428', '2026-01-08 02:00:01', '2026-01-08 02:00:01'),
(423, 'IN', 921, 429, 2, 'initial_stock', NULL, 1, 'Stok awal dari RAK F - Batch: INIT-20260108-429', '2026-01-08 02:00:01', '2026-01-08 02:00:01'),
(424, 'IN', 922, 430, 1, 'initial_stock', NULL, 1, 'Stok awal dari RAK F - Batch: INIT-20260108-430', '2026-01-08 02:00:01', '2026-01-08 02:00:01'),
(425, 'IN', 923, 431, 5, 'initial_stock', NULL, 1, 'Stok awal dari RAK F - Batch: INIT-20260108-431', '2026-01-08 02:00:01', '2026-01-08 02:00:01'),
(426, 'IN', 924, 432, 2, 'initial_stock', NULL, 1, 'Stok awal dari RAK F - Batch: INIT-20260108-432', '2026-01-08 02:00:01', '2026-01-08 02:00:01'),
(427, 'IN', 925, 433, 2, 'initial_stock', NULL, 1, 'Stok awal dari RAK F - Batch: INIT-20260108-433', '2026-01-08 02:00:01', '2026-01-08 02:00:01'),
(428, 'IN', 926, 434, 3, 'initial_stock', NULL, 1, 'Stok awal dari RAK F - Batch: INIT-20260108-434', '2026-01-08 02:00:01', '2026-01-08 02:00:01'),
(429, 'IN', 927, 435, 3, 'initial_stock', NULL, 1, 'Stok awal dari RAK F - Batch: INIT-20260108-435', '2026-01-08 02:00:01', '2026-01-08 02:00:01'),
(430, 'IN', 928, 436, 4, 'initial_stock', NULL, 1, 'Stok awal dari RAK F - Batch: INIT-20260108-436', '2026-01-08 02:00:01', '2026-01-08 02:00:01'),
(431, 'IN', 929, 437, 2, 'initial_stock', NULL, 1, 'Stok awal dari RAK F - Batch: INIT-20260108-437', '2026-01-08 02:00:01', '2026-01-08 02:00:01'),
(432, 'IN', 930, 438, 1, 'initial_stock', NULL, 1, 'Stok awal dari RAK F - Batch: INIT-20260108-438', '2026-01-08 02:00:01', '2026-01-08 02:00:01'),
(433, 'IN', 931, 439, 1, 'initial_stock', NULL, 1, 'Stok awal dari RAK F - Batch: INIT-20260108-439', '2026-01-08 02:00:01', '2026-01-08 02:00:01'),
(434, 'IN', 932, 440, 4, 'initial_stock', NULL, 1, 'Stok awal dari RAK F - Batch: INIT-20260108-440', '2026-01-08 02:00:01', '2026-01-08 02:00:01'),
(435, 'IN', 933, 441, 2, 'initial_stock', NULL, 1, 'Stok awal dari RAK F - Batch: INIT-20260108-441', '2026-01-08 02:00:01', '2026-01-08 02:00:01'),
(436, 'IN', 934, 442, 4, 'initial_stock', NULL, 1, 'Stok awal dari RAK F - Batch: INIT-20260108-442', '2026-01-08 02:00:01', '2026-01-08 02:00:01'),
(437, 'IN', 935, 443, 4, 'initial_stock', NULL, 1, 'Stok awal dari RAK F - Batch: INIT-20260108-443', '2026-01-08 02:00:01', '2026-01-08 02:00:01'),
(438, 'IN', 936, 444, 4, 'initial_stock', NULL, 1, 'Stok awal dari RAK F - Batch: INIT-20260108-444', '2026-01-08 02:00:01', '2026-01-08 02:00:01'),
(439, 'IN', 937, 445, 3, 'initial_stock', NULL, 1, 'Stok awal dari RAK F - Batch: INIT-20260108-445', '2026-01-08 02:00:01', '2026-01-08 02:00:01'),
(440, 'IN', 938, 446, 5, 'initial_stock', NULL, 1, 'Stok awal dari RAK F - Batch: INIT-20260108-446', '2026-01-08 02:00:01', '2026-01-08 02:00:01'),
(441, 'IN', 939, 447, 1, 'initial_stock', NULL, 1, 'Stok awal dari RAK F - Batch: INIT-20260108-447', '2026-01-08 02:00:01', '2026-01-08 02:00:01'),
(442, 'IN', 940, 448, 2, 'initial_stock', NULL, 1, 'Stok awal dari RAK F - Batch: INIT-20260108-448', '2026-01-08 02:00:01', '2026-01-08 02:00:01'),
(443, 'IN', 941, 449, 2, 'initial_stock', NULL, 1, 'Stok awal dari RAK F - Batch: INIT-20260108-449', '2026-01-08 02:00:01', '2026-01-08 02:00:01'),
(444, 'IN', 942, 450, 2, 'initial_stock', NULL, 1, 'Stok awal dari RAK F - Batch: INIT-20260108-450', '2026-01-08 02:00:02', '2026-01-08 02:00:02'),
(445, 'IN', 943, 451, 2, 'initial_stock', NULL, 1, 'Stok awal dari RAK F - Batch: INIT-20260108-451', '2026-01-08 02:00:02', '2026-01-08 02:00:02'),
(446, 'IN', 944, 452, 1, 'initial_stock', NULL, 1, 'Stok awal dari RAK F - Batch: INIT-20260108-452', '2026-01-08 02:00:02', '2026-01-08 02:00:02'),
(447, 'IN', 945, 453, 1, 'initial_stock', NULL, 1, 'Stok awal dari RAK F - Batch: INIT-20260108-453', '2026-01-08 02:00:02', '2026-01-08 02:00:02'),
(448, 'IN', 946, 454, 2, 'initial_stock', NULL, 1, 'Stok awal dari RAK F - Batch: INIT-20260108-454', '2026-01-08 02:00:02', '2026-01-08 02:00:02'),
(449, 'IN', 947, 455, 2, 'initial_stock', NULL, 1, 'Stok awal dari RAK F - Batch: INIT-20260108-455', '2026-01-08 02:00:02', '2026-01-08 02:00:02'),
(450, 'IN', 948, 456, 2, 'initial_stock', NULL, 1, 'Stok awal dari RAK F - Batch: INIT-20260108-456', '2026-01-08 02:00:02', '2026-01-08 02:00:02'),
(451, 'IN', 949, 457, 2, 'initial_stock', NULL, 1, 'Stok awal dari RAK F - Batch: INIT-20260108-457', '2026-01-08 02:00:02', '2026-01-08 02:00:02'),
(452, 'IN', 950, 458, 2, 'initial_stock', NULL, 1, 'Stok awal dari RAK F - Batch: INIT-20260108-458', '2026-01-08 02:00:02', '2026-01-08 02:00:02'),
(453, 'IN', 951, 459, 1, 'initial_stock', NULL, 1, 'Stok awal dari RAK F - Batch: INIT-20260108-459', '2026-01-08 02:00:02', '2026-01-08 02:00:02'),
(454, 'IN', 952, 460, 1, 'initial_stock', NULL, 1, 'Stok awal dari RAK F - Batch: INIT-20260108-460', '2026-01-08 02:00:02', '2026-01-08 02:00:02'),
(455, 'IN', 953, 461, 1, 'initial_stock', NULL, 1, 'Stok awal dari RAK F - Batch: INIT-20260108-461', '2026-01-08 02:00:02', '2026-01-08 02:00:02'),
(456, 'IN', 954, 462, 5, 'initial_stock', NULL, 1, 'Stok awal dari RAK F - Batch: INIT-20260108-462', '2026-01-08 02:00:02', '2026-01-08 02:00:02'),
(457, 'IN', 955, 463, 1, 'initial_stock', NULL, 1, 'Stok awal dari RAK F - Batch: INIT-20260108-463', '2026-01-08 02:00:02', '2026-01-08 02:00:02'),
(458, 'IN', 956, 464, 1, 'initial_stock', NULL, 1, 'Stok awal dari RAK F - Batch: INIT-20260108-464', '2026-01-08 02:00:02', '2026-01-08 02:00:02'),
(459, 'IN', 957, 465, 2, 'initial_stock', NULL, 1, 'Stok awal dari RAK F - Batch: INIT-20260108-465', '2026-01-08 02:00:02', '2026-01-08 02:00:02'),
(460, 'IN', 958, 466, 3, 'initial_stock', NULL, 1, 'Stok awal dari RAK F - Batch: INIT-20260108-466', '2026-01-08 02:00:02', '2026-01-08 02:00:02'),
(461, 'IN', 959, 467, 2, 'initial_stock', NULL, 1, 'Stok awal dari RAK F - Batch: INIT-20260108-467', '2026-01-08 02:00:02', '2026-01-08 02:00:02'),
(462, 'IN', 960, 468, 1, 'initial_stock', NULL, 1, 'Stok awal dari RAK F - Batch: INIT-20260108-468', '2026-01-08 02:00:02', '2026-01-08 02:00:02'),
(463, 'IN', 961, 469, 1, 'initial_stock', NULL, 1, 'Stok awal dari RAK F - Batch: INIT-20260108-469', '2026-01-08 02:00:02', '2026-01-08 02:00:02'),
(464, 'IN', 962, 470, 2, 'initial_stock', NULL, 1, 'Stok awal dari RAK F - Batch: INIT-20260108-470', '2026-01-08 02:00:02', '2026-01-08 02:00:02'),
(465, 'IN', 963, 471, 2, 'initial_stock', NULL, 1, 'Stok awal dari RAK F - Batch: INIT-20260108-471', '2026-01-08 02:00:02', '2026-01-08 02:00:02'),
(466, 'IN', 964, 472, 2, 'initial_stock', NULL, 1, 'Stok awal dari RAK F - Batch: INIT-20260108-472', '2026-01-08 02:00:02', '2026-01-08 02:00:02'),
(467, 'IN', 965, 473, 4, 'initial_stock', NULL, 1, 'Stok awal dari RAK F - Batch: INIT-20260108-473', '2026-01-08 02:00:02', '2026-01-08 02:00:02'),
(468, 'IN', 966, 474, 1, 'initial_stock', NULL, 1, 'Stok awal dari RAK F - Batch: INIT-20260108-474', '2026-01-08 02:00:02', '2026-01-08 02:00:02'),
(469, 'IN', 967, 475, 1, 'initial_stock', NULL, 1, 'Stok awal dari RAK F - Batch: INIT-20260108-475', '2026-01-08 02:00:02', '2026-01-08 02:00:02'),
(470, 'IN', 968, 476, 2, 'initial_stock', NULL, 1, 'Stok awal dari RAK F - Batch: INIT-20260108-476', '2026-01-08 02:00:02', '2026-01-08 02:00:02'),
(471, 'IN', 969, 477, 3, 'initial_stock', NULL, 1, 'Stok awal dari RAK F - Batch: INIT-20260108-477', '2026-01-08 02:00:02', '2026-01-08 02:00:02'),
(472, 'IN', 970, 478, 3, 'initial_stock', NULL, 1, 'Stok awal dari RAK F - Batch: INIT-20260108-478', '2026-01-08 02:00:02', '2026-01-08 02:00:02'),
(473, 'IN', 971, 479, 1, 'initial_stock', NULL, 1, 'Stok awal dari RAK F - Batch: INIT-20260108-479', '2026-01-08 02:00:02', '2026-01-08 02:00:02'),
(474, 'IN', 972, 480, 1, 'initial_stock', NULL, 1, 'Stok awal dari RAK F - Batch: INIT-20260108-480', '2026-01-08 02:00:02', '2026-01-08 02:00:02'),
(475, 'IN', 973, 481, 3, 'initial_stock', NULL, 1, 'Stok awal dari RAK F - Batch: INIT-20260108-481', '2026-01-08 02:00:02', '2026-01-08 02:00:02'),
(476, 'IN', 974, 482, 5, 'initial_stock', NULL, 1, 'Stok awal dari RAK F - Batch: INIT-20260108-482', '2026-01-08 02:00:02', '2026-01-08 02:00:02'),
(477, 'IN', 975, 483, 11, 'initial_stock', NULL, 1, 'Stok awal dari RAK F - Batch: INIT-20260108-483', '2026-01-08 02:00:02', '2026-01-08 02:00:02'),
(478, 'IN', 976, 484, 4, 'initial_stock', NULL, 1, 'Stok awal dari RAK F - Batch: INIT-20260108-484', '2026-01-08 02:00:02', '2026-01-08 02:00:02'),
(479, 'IN', 977, 485, 2, 'initial_stock', NULL, 1, 'Stok awal dari RAK F - Batch: INIT-20260108-485', '2026-01-08 02:00:02', '2026-01-08 02:00:02'),
(480, 'IN', 978, 486, 2, 'initial_stock', NULL, 1, 'Stok awal dari RAK F - Batch: INIT-20260108-486', '2026-01-08 02:00:02', '2026-01-08 02:00:02'),
(481, 'IN', 979, 487, 2, 'initial_stock', NULL, 1, 'Stok awal dari RAK F - Batch: INIT-20260108-487', '2026-01-08 02:00:02', '2026-01-08 02:00:02'),
(482, 'IN', 980, 488, 4, 'initial_stock', NULL, 1, 'Stok awal dari RAK F - Batch: INIT-20260108-488', '2026-01-08 02:00:02', '2026-01-08 02:00:02'),
(483, 'IN', 981, 489, 2, 'initial_stock', NULL, 1, 'Stok awal dari RAK F - Batch: INIT-20260108-489', '2026-01-08 02:00:02', '2026-01-08 02:00:02'),
(484, 'IN', 982, 490, 20, 'initial_stock', NULL, 1, 'Stok awal dari RAK F - Batch: INIT-20260108-490', '2026-01-08 02:00:02', '2026-01-08 02:00:02'),
(485, 'IN', 983, 491, 6, 'initial_stock', NULL, 1, 'Stok awal dari RAK F - Batch: INIT-20260108-491', '2026-01-08 02:00:02', '2026-01-08 02:00:02'),
(486, 'IN', 984, 492, 105, 'initial_stock', NULL, 1, 'Stok awal dari RAK F - Batch: INIT-20260108-492', '2026-01-08 02:00:02', '2026-01-08 02:00:02'),
(487, 'IN', 985, 493, 20, 'initial_stock', NULL, 1, 'Stok awal dari RAK F - Batch: INIT-20260108-493', '2026-01-08 02:00:02', '2026-01-08 02:00:02'),
(488, 'IN', 986, 494, 8, 'initial_stock', NULL, 1, 'Stok awal dari RAK F - Batch: INIT-20260108-494', '2026-01-08 02:00:02', '2026-01-08 02:00:02'),
(489, 'IN', 987, 495, 7, 'initial_stock', NULL, 1, 'Stok awal dari RAK F - Batch: INIT-20260108-495', '2026-01-08 02:00:02', '2026-01-08 02:00:02'),
(490, 'IN', 988, 496, 32, 'initial_stock', NULL, 1, 'Stok awal dari RAK F - Batch: INIT-20260108-496', '2026-01-08 02:00:02', '2026-01-08 02:00:02'),
(491, 'IN', 989, 497, 17, 'initial_stock', NULL, 1, 'Stok awal dari RAK F - Batch: INIT-20260108-497', '2026-01-08 02:00:02', '2026-01-08 02:00:02'),
(492, 'IN', 990, 498, 1, 'initial_stock', NULL, 1, 'Stok awal dari RAK F - Batch: INIT-20260108-498', '2026-01-08 02:00:02', '2026-01-08 02:00:02'),
(493, 'IN', 991, 499, 1, 'initial_stock', NULL, 1, 'Stok awal dari RAK F - Batch: INIT-20260108-499', '2026-01-08 02:00:02', '2026-01-08 02:00:02'),
(494, 'IN', 992, 500, 23, 'initial_stock', NULL, 1, 'Stok awal dari RAK F - Batch: INIT-20260108-500', '2026-01-08 02:00:02', '2026-01-08 02:00:02'),
(495, 'IN', 993, 501, 115, 'initial_stock', NULL, 1, 'Stok awal dari RAK F - Batch: INIT-20260108-501', '2026-01-08 02:00:02', '2026-01-08 02:00:02'),
(496, 'IN', 994, 502, 8, 'initial_stock', NULL, 1, 'Stok awal dari RAK F - Batch: INIT-20260108-502', '2026-01-08 02:00:02', '2026-01-08 02:00:02'),
(497, 'IN', 995, 503, 3, 'initial_stock', NULL, 1, 'Stok awal dari RAK F - Batch: INIT-20260108-503', '2026-01-08 02:00:02', '2026-01-08 02:00:02'),
(498, 'IN', 996, 504, 8, 'initial_stock', NULL, 1, 'Stok awal dari RAK F - Batch: INIT-20260108-504', '2026-01-08 02:00:02', '2026-01-08 02:00:02'),
(499, 'IN', 997, 505, 9, 'initial_stock', NULL, 1, 'Stok awal dari RAK F - Batch: INIT-20260108-505', '2026-01-08 02:00:02', '2026-01-08 02:00:02'),
(500, 'IN', 998, 506, 7, 'initial_stock', NULL, 1, 'Stok awal dari RAK F - Batch: INIT-20260108-506', '2026-01-08 02:00:02', '2026-01-08 02:00:02'),
(501, 'IN', 999, 507, 3, 'initial_stock', NULL, 1, 'Stok awal dari RAK F - Batch: INIT-20260108-507', '2026-01-08 02:00:02', '2026-01-08 02:00:02'),
(502, 'IN', 1000, 508, 10, 'initial_stock', NULL, 1, 'Stok awal dari RAK F - Batch: INIT-20260108-508', '2026-01-08 02:00:02', '2026-01-08 02:00:02'),
(503, 'IN', 1001, 509, 2, 'initial_stock', NULL, 1, 'Stok awal dari RAK F - Batch: INIT-20260108-509', '2026-01-08 02:00:02', '2026-01-08 02:00:02'),
(504, 'IN', 1002, 510, 6, 'initial_stock', NULL, 1, 'Stok awal dari RAK F - Batch: INIT-20260108-510', '2026-01-08 02:00:02', '2026-01-08 02:00:02'),
(505, 'IN', 1003, 511, 20, 'initial_stock', NULL, 1, 'Stok awal dari RAK F - Batch: INIT-20260108-511', '2026-01-08 02:00:02', '2026-01-08 02:00:02'),
(506, 'IN', 1004, 512, 4, 'initial_stock', NULL, 1, 'Stok awal dari RAK F - Batch: INIT-20260108-512', '2026-01-08 02:00:02', '2026-01-08 02:00:02'),
(507, 'IN', 1005, 513, 6, 'initial_stock', NULL, 1, 'Stok awal dari RAK F - Batch: INIT-20260108-513', '2026-01-08 02:00:02', '2026-01-08 02:00:02'),
(508, 'IN', 1006, 514, 10, 'initial_stock', NULL, 1, 'Stok awal dari RAK F - Batch: INIT-20260108-514', '2026-01-08 02:00:02', '2026-01-08 02:00:02'),
(509, 'IN', 1007, 515, 10, 'initial_stock', NULL, 1, 'Stok awal dari RAK F - Batch: INIT-20260108-515', '2026-01-08 02:00:03', '2026-01-08 02:00:03'),
(510, 'IN', 1008, 516, 10, 'initial_stock', NULL, 1, 'Stok awal dari RAK F - Batch: INIT-20260108-516', '2026-01-08 02:00:03', '2026-01-08 02:00:03'),
(511, 'IN', 1009, 517, 10, 'initial_stock', NULL, 1, 'Stok awal dari RAK F - Batch: INIT-20260108-517', '2026-01-08 02:00:03', '2026-01-08 02:00:03'),
(512, 'IN', 1010, 518, 4, 'initial_stock', NULL, 1, 'Stok awal dari RAK F - Batch: INIT-20260108-518', '2026-01-08 02:00:03', '2026-01-08 02:00:03'),
(513, 'IN', 1011, 519, 3, 'initial_stock', NULL, 1, 'Stok awal dari RAK F - Batch: INIT-20260108-519', '2026-01-08 02:00:03', '2026-01-08 02:00:03'),
(514, 'IN', 1012, 520, 8, 'initial_stock', NULL, 1, 'Stok awal dari RAK F - Batch: INIT-20260108-520', '2026-01-08 02:00:03', '2026-01-08 02:00:03'),
(515, 'IN', 1013, 521, 135, 'initial_stock', NULL, 1, 'Stok awal dari RAK F - Batch: INIT-20260108-521', '2026-01-08 02:00:03', '2026-01-08 02:00:03'),
(516, 'IN', 1014, 522, 10, 'initial_stock', NULL, 1, 'Stok awal dari RAK F - Batch: INIT-20260108-522', '2026-01-08 02:00:03', '2026-01-08 02:00:03'),
(517, 'IN', 1015, 523, 11, 'initial_stock', NULL, 1, 'Stok awal dari RAK F - Batch: INIT-20260108-523', '2026-01-08 02:00:03', '2026-01-08 02:00:03'),
(518, 'IN', 1016, 524, 16, 'initial_stock', NULL, 1, 'Stok awal dari RAK F - Batch: INIT-20260108-524', '2026-01-08 02:00:03', '2026-01-08 02:00:03'),
(519, 'IN', 1017, 525, 18, 'initial_stock', NULL, 1, 'Stok awal dari RAK F - Batch: INIT-20260108-525', '2026-01-08 02:00:03', '2026-01-08 02:00:03'),
(520, 'IN', 1018, 526, 21, 'initial_stock', NULL, 1, 'Stok awal dari RAK F - Batch: INIT-20260108-526', '2026-01-08 02:00:03', '2026-01-08 02:00:03'),
(521, 'IN', 1019, 527, 10, 'initial_stock', NULL, 1, 'Stok awal dari RAK F - Batch: INIT-20260108-527', '2026-01-08 02:00:03', '2026-01-08 02:00:03'),
(522, 'IN', 1020, 528, 8, 'initial_stock', NULL, 1, 'Stok awal dari RAK F - Batch: INIT-20260108-528', '2026-01-08 02:00:03', '2026-01-08 02:00:03'),
(523, 'IN', 1021, 529, 2, 'initial_stock', NULL, 1, 'Stok awal dari RAK F - Batch: INIT-20260108-529', '2026-01-08 02:00:03', '2026-01-08 02:00:03'),
(524, 'IN', 1022, 530, 6, 'initial_stock', NULL, 1, 'Stok awal dari RAK F - Batch: INIT-20260108-530', '2026-01-08 02:00:03', '2026-01-08 02:00:03'),
(525, 'IN', 1023, 531, 2, 'initial_stock', NULL, 1, 'Stok awal dari RAK F - Batch: INIT-20260108-531', '2026-01-08 02:00:03', '2026-01-08 02:00:03'),
(526, 'IN', 1024, 532, 3, 'initial_stock', NULL, 1, 'Stok awal dari RAK F - Batch: INIT-20260108-532', '2026-01-08 02:00:03', '2026-01-08 02:00:03'),
(527, 'IN', 1025, 533, 1, 'initial_stock', NULL, 1, 'Stok awal dari RAK F - Batch: INIT-20260108-533', '2026-01-08 02:00:03', '2026-01-08 02:00:03'),
(528, 'IN', 1026, 534, 2, 'initial_stock', NULL, 1, 'Stok awal dari RAK F - Batch: INIT-20260108-534', '2026-01-08 02:00:03', '2026-01-08 02:00:03'),
(529, 'IN', 1027, 535, 5, 'initial_stock', NULL, 1, 'Stok awal dari RAK G - Batch: INIT-20260108-535', '2026-01-08 02:00:03', '2026-01-08 02:00:03'),
(530, 'IN', 1028, 536, 3, 'initial_stock', NULL, 1, 'Stok awal dari RAK G - Batch: INIT-20260108-536', '2026-01-08 02:00:03', '2026-01-08 02:00:03'),
(531, 'IN', 1029, 537, 14, 'initial_stock', NULL, 1, 'Stok awal dari RAK G - Batch: INIT-20260108-537', '2026-01-08 02:00:03', '2026-01-08 02:00:03'),
(532, 'IN', 1030, 538, 6, 'initial_stock', NULL, 1, 'Stok awal dari RAK G - Batch: INIT-20260108-538', '2026-01-08 02:00:03', '2026-01-08 02:00:03'),
(533, 'IN', 1031, 539, 12, 'initial_stock', NULL, 1, 'Stok awal dari RAK G - Batch: INIT-20260108-539', '2026-01-08 02:00:03', '2026-01-08 02:00:03'),
(534, 'IN', 1032, 540, 9, 'initial_stock', NULL, 1, 'Stok awal dari RAK G - Batch: INIT-20260108-540', '2026-01-08 02:00:03', '2026-01-08 02:00:03'),
(535, 'IN', 1033, 541, 2, 'initial_stock', NULL, 1, 'Stok awal dari RAK G - Batch: INIT-20260108-541', '2026-01-08 02:00:03', '2026-01-08 02:00:03'),
(536, 'IN', 1034, 542, 4, 'initial_stock', NULL, 1, 'Stok awal dari RAK G - Batch: INIT-20260108-542', '2026-01-08 02:00:03', '2026-01-08 02:00:03'),
(537, 'IN', 1035, 543, 5, 'initial_stock', NULL, 1, 'Stok awal dari RAK G - Batch: INIT-20260108-543', '2026-01-08 02:00:03', '2026-01-08 02:00:03'),
(538, 'IN', 1036, 544, 16, 'initial_stock', NULL, 1, 'Stok awal dari RAK G - Batch: INIT-20260108-544', '2026-01-08 02:00:03', '2026-01-08 02:00:03'),
(539, 'IN', 1037, 545, 10, 'initial_stock', NULL, 1, 'Stok awal dari RAK G - Batch: INIT-20260108-545', '2026-01-08 02:00:03', '2026-01-08 02:00:03'),
(540, 'IN', 1038, 546, 1, 'initial_stock', NULL, 1, 'Stok awal dari RAK G - Batch: INIT-20260108-546', '2026-01-08 02:00:03', '2026-01-08 02:00:03'),
(541, 'IN', 1039, 547, 4, 'initial_stock', NULL, 1, 'Stok awal dari RAK G - Batch: INIT-20260108-547', '2026-01-08 02:00:03', '2026-01-08 02:00:03'),
(542, 'IN', 1040, 548, 20, 'initial_stock', NULL, 1, 'Stok awal dari RAK G - Batch: INIT-20260108-548', '2026-01-08 02:00:03', '2026-01-08 02:00:03'),
(543, 'IN', 1041, 549, 4, 'initial_stock', NULL, 1, 'Stok awal dari RAK G - Batch: INIT-20260108-549', '2026-01-08 02:00:03', '2026-01-08 02:00:03'),
(544, 'IN', 1042, 550, 6, 'initial_stock', NULL, 1, 'Stok awal dari RAK G - Batch: INIT-20260108-550', '2026-01-08 02:00:03', '2026-01-08 02:00:03'),
(545, 'IN', 1043, 551, 4, 'initial_stock', NULL, 1, 'Stok awal dari RAK G - Batch: INIT-20260108-551', '2026-01-08 02:00:03', '2026-01-08 02:00:03'),
(546, 'IN', 1044, 552, 2, 'initial_stock', NULL, 1, 'Stok awal dari RAK G - Batch: INIT-20260108-552', '2026-01-08 02:00:03', '2026-01-08 02:00:03'),
(547, 'IN', 1045, 553, 7, 'initial_stock', NULL, 1, 'Stok awal dari RAK G - Batch: INIT-20260108-553', '2026-01-08 02:00:03', '2026-01-08 02:00:03'),
(548, 'IN', 1046, 554, 8, 'initial_stock', NULL, 1, 'Stok awal dari RAK G - Batch: INIT-20260108-554', '2026-01-08 02:00:03', '2026-01-08 02:00:03'),
(570, 'OUT', 521, 23, -1, 'SALE', 16, 4, 'Penjualan POS-20260108110027-355', '2026-01-08 04:00:27', '2026-01-08 04:00:27'),
(571, 'OUT', 656, 162, -1, 'SALE', 17, 4, 'Penjualan POS-20260108110200-766', '2026-01-08 04:02:00', '2026-01-08 04:02:00'),
(572, 'OUT', 784, 290, -1, 'SALE', 17, 4, 'Penjualan POS-20260108110200-766', '2026-01-08 04:02:00', '2026-01-08 04:02:00'),
(573, 'OUT', 977, 485, -1, 'SALE', 17, 4, 'Penjualan POS-20260108110200-766', '2026-01-08 04:02:00', '2026-01-08 04:02:00'),
(574, 'OUT', 1011, 519, -1, 'SALE', 18, 4, 'Penjualan POS-20260109081119-480', '2026-01-09 01:11:19', '2026-01-09 01:11:19'),
(575, 'OUT', 940, 448, -1, 'SALE', 18, 4, 'Penjualan POS-20260109081119-480', '2026-01-09 01:11:19', '2026-01-09 01:11:19'),
(576, 'OUT', 940, 448, -1, 'SALE', 19, 4, 'Penjualan POS-20260109104454-544', '2026-01-09 03:44:55', '2026-01-09 03:44:55'),
(577, 'OUT', 985, 493, -1, 'SALE', 19, 4, 'Penjualan POS-20260109104454-544', '2026-01-09 03:44:55', '2026-01-09 03:44:55'),
(578, 'OUT', 731, 237, -1, 'SALE', 19, 4, 'Penjualan POS-20260109104454-544', '2026-01-09 03:44:55', '2026-01-09 03:44:55'),
(579, 'OUT', 1015, 523, -1, 'SALE', 20, 5, 'Penjualan POS-20260109174933-414', '2026-01-09 10:49:33', '2026-01-09 10:49:33'),
(580, 'OUT', 618, 124, -20, 'SALE', 21, 4, 'Penjualan POS-20260110104742-802', '2026-01-10 03:47:42', '2026-01-10 03:47:42'),
(581, 'OUT', 598, 104, -20, 'SALE', 21, 4, 'Penjualan POS-20260110104742-802', '2026-01-10 03:47:42', '2026-01-10 03:47:42'),
(582, 'OUT', 592, 98, -20, 'SALE', 21, 4, 'Penjualan POS-20260110104742-802', '2026-01-10 03:47:42', '2026-01-10 03:47:42'),
(583, 'OUT', 637, 143, -1, 'SALE', 22, 4, 'Penjualan POS-20260110110501-246', '2026-01-10 04:05:01', '2026-01-10 04:05:01'),
(584, 'OUT', 637, 143, -9, 'SALE', 23, 4, 'Penjualan POS-20260110110554-887', '2026-01-10 04:05:54', '2026-01-10 04:05:54'),
(585, 'OUT', 880, 388, -1, 'SALE', 24, 4, 'Penjualan POS-20260110122449-251', '2026-01-10 05:24:49', '2026-01-10 05:24:49'),
(586, 'OUT', 882, 390, -1, 'SALE', 24, 4, 'Penjualan POS-20260110122449-251', '2026-01-10 05:24:49', '2026-01-10 05:24:49'),
(587, 'OUT', 882, 390, -1, 'SALE', 25, 5, 'Penjualan POS-20260110161344-160', '2026-01-10 09:13:44', '2026-01-10 09:13:44'),
(588, 'OUT', 565, 67, -1, 'SALE', 25, 5, 'Penjualan POS-20260110161344-160', '2026-01-10 09:13:44', '2026-01-10 09:13:44'),
(589, 'OUT', 581, 87, -10, 'SALE', 26, 5, 'Penjualan POS-20260110161902-167', '2026-01-10 09:19:02', '2026-01-10 09:19:02'),
(590, 'OUT', 631, 137, -10, 'SALE', 27, 5, 'Penjualan POS-20260110161959-223', '2026-01-10 09:19:59', '2026-01-10 09:19:59'),
(591, 'OUT', 574, 78, -20, 'SALE', 28, 5, 'Penjualan POS-20260110162239-339', '2026-01-10 09:22:39', '2026-01-10 09:22:39'),
(592, 'OUT', 597, 103, -20, 'SALE', 28, 5, 'Penjualan POS-20260110162239-339', '2026-01-10 09:22:39', '2026-01-10 09:22:39'),
(593, 'OUT', 649, 155, -20, 'SALE', 28, 5, 'Penjualan POS-20260110162239-339', '2026-01-10 09:22:39', '2026-01-10 09:22:39'),
(594, 'OUT', 836, 343, -3, 'SALE', 29, 5, 'Penjualan POS-20260110165840-817', '2026-01-10 09:58:40', '2026-01-10 09:58:40'),
(595, 'OUT', 642, 148, -5, 'SALE', 30, 5, 'Penjualan POS-20260110170109-996', '2026-01-10 10:01:09', '2026-01-10 10:01:09'),
(596, 'OUT', 870, 378, -2, 'SALE', 31, 5, 'Penjualan POS-20260110180231-788', '2026-01-10 11:02:31', '2026-01-10 11:02:31'),
(597, 'OUT', 609, 115, -10, 'SALE', 31, 5, 'Penjualan POS-20260110180231-788', '2026-01-10 11:02:31', '2026-01-10 11:02:31'),
(598, 'OUT', 624, 130, -10, 'SALE', 31, 5, 'Penjualan POS-20260110180231-788', '2026-01-10 11:02:31', '2026-01-10 11:02:31'),
(599, 'IN', 1047, 320, 100, 'PURCHASE', 1, 1, 'Penerimaan inv123', '2026-01-10 12:00:58', '2026-01-10 12:00:58'),
(600, 'OUT', 1047, 320, 100, 'PURCHASE_EDIT', 1, 1, 'Koreksi penerimaan inv123 (edit)', '2026-01-10 12:11:31', '2026-01-10 12:11:31'),
(601, 'IN', 1047, 320, 100, 'PURCHASE', 1, 1, 'Penerimaan inv123 (updated)', '2026-01-10 12:11:31', '2026-01-10 12:11:31'),
(602, 'OUT', 870, 378, -1, 'SALE', 32, 5, 'Penjualan POS-20260110195045-119', '2026-01-10 12:50:45', '2026-01-10 12:50:45'),
(603, 'OUT', 609, 115, -10, 'SALE', 32, 5, 'Penjualan POS-20260110195045-119', '2026-01-10 12:50:45', '2026-01-10 12:50:45'),
(604, 'OUT', 590, 96, -10, 'SALE', 32, 5, 'Penjualan POS-20260110195045-119', '2026-01-10 12:50:45', '2026-01-10 12:50:45'),
(605, 'OUT', 1002, 510, -1, 'SALE', 32, 5, 'Penjualan POS-20260110195045-119', '2026-01-10 12:50:45', '2026-01-10 12:50:45'),
(606, 'OUT', 1005, 513, -2, 'SALE', 32, 5, 'Penjualan POS-20260110195045-119', '2026-01-10 12:50:45', '2026-01-10 12:50:45'),
(607, 'OUT', 999, 507, -2, 'SALE', 32, 5, 'Penjualan POS-20260110195045-119', '2026-01-10 12:50:45', '2026-01-10 12:50:45'),
(608, 'OUT', 847, 354, -1, 'SALE', 32, 5, 'Penjualan POS-20260110195045-119', '2026-01-10 12:50:45', '2026-01-10 12:50:45'),
(609, 'OUT', 919, 427, -1, 'SALE', 32, 5, 'Penjualan POS-20260110195045-119', '2026-01-10 12:50:45', '2026-01-10 12:50:45'),
(610, 'OUT', 573, 77, -10, 'SALE', 33, 5, 'Penjualan POS-20260110195330-259', '2026-01-10 12:53:30', '2026-01-10 12:53:30'),
(611, 'OUT', 625, 131, -10, 'SALE', 33, 5, 'Penjualan POS-20260110195330-259', '2026-01-10 12:53:30', '2026-01-10 12:53:30'),
(612, 'OUT', 624, 130, -10, 'SALE', 33, 5, 'Penjualan POS-20260110195330-259', '2026-01-10 12:53:30', '2026-01-10 12:53:30'),
(613, 'OUT', 783, 289, -1, 'SALE', 33, 5, 'Penjualan POS-20260110195330-259', '2026-01-10 12:53:30', '2026-01-10 12:53:30'),
(614, 'OUT', 604, 110, -10, 'SALE', 33, 5, 'Penjualan POS-20260110195330-259', '2026-01-10 12:53:30', '2026-01-10 12:53:30'),
(615, 'OUT', 850, 357, -1, 'SALE', 34, 5, 'Penjualan POS-20260110201222-873', '2026-01-10 13:12:22', '2026-01-10 13:12:22'),
(616, 'OUT', 708, 214, -1, 'SALE', 35, 5, 'Penjualan POS-20260112100613-518', '2026-01-12 03:06:13', '2026-01-12 03:06:13'),
(617, 'OUT', 708, 214, -1, 'SALE', 36, 5, 'Penjualan POS-20260112100621-412', '2026-01-12 03:06:21', '2026-01-12 03:06:21'),
(618, 'OUT', 597, 103, -10, 'SALE', 37, 5, 'Penjualan POS-20260112121909-990', '2026-01-12 05:19:09', '2026-01-12 05:19:09'),
(619, 'OUT', 649, 155, -10, 'SALE', 37, 5, 'Penjualan POS-20260112121909-990', '2026-01-12 05:19:09', '2026-01-12 05:19:09'),
(620, 'OUT', 574, 78, -10, 'SALE', 38, 5, 'Penjualan POS-20260112122045-793', '2026-01-12 05:20:45', '2026-01-12 05:20:45'),
(621, 'IN', 708, 214, 1, 'SALE_CANCEL', 36, 1, 'Pembatalan penjualan POS-20260112100621-412', '2026-01-12 07:01:47', '2026-01-12 07:01:47'),
(622, 'IN', 1048, 565, 5, 'PURCHASE', 2, 1, 'Penerimaan -', '2026-01-12 07:14:07', '2026-01-12 07:14:07'),
(623, 'OUT', 1048, 565, 5, 'PURCHASE_EDIT', 2, 1, 'Koreksi penerimaan - (edit)', '2026-01-12 07:14:38', '2026-01-12 07:14:38'),
(624, 'IN', 1048, 565, 5, 'PURCHASE', 2, 1, 'Penerimaan - (updated)', '2026-01-12 07:14:38', '2026-01-12 07:14:38'),
(625, 'OUT', 1048, 565, -1, 'SALE', 39, 5, 'Penjualan POS-20260112151238-426', '2026-01-12 08:12:38', '2026-01-12 08:12:38'),
(626, 'OUT', 824, 331, -1, 'SALE', 40, 5, 'Penjualan POS-20260112153143-830', '2026-01-12 08:31:43', '2026-01-12 08:31:43'),
(627, 'OUT', 1049, 570, -4, 'SALE', 41, 5, 'Penjualan POS-20260112153220-382', '2026-01-12 08:32:20', '2026-01-12 08:32:20'),
(628, 'OUT', 570, 72, -10, 'SALE', 42, 5, 'Penjualan POS-20260112161330-144', '2026-01-12 09:13:30', '2026-01-12 09:13:30'),
(629, 'OUT', 1047, 320, -1, 'SALE', 42, 5, 'Penjualan POS-20260112161330-144', '2026-01-12 09:13:30', '2026-01-12 09:13:30'),
(630, 'IN', 1050, 577, 2, 'PURCHASE', 3, 1, 'Penerimaan -', '2026-01-12 10:55:10', '2026-01-12 10:55:10'),
(631, 'OUT', 1050, 577, -1, 'SALE', 43, 5, 'Penjualan POS-20260112175607-897', '2026-01-12 10:56:07', '2026-01-12 10:56:07'),
(632, 'OUT', 587, 93, -10, 'SALE', 44, 5, 'Penjualan POS-20260112182456-147', '2026-01-12 11:24:56', '2026-01-12 11:24:56'),
(633, 'OUT', 573, 77, -10, 'SALE', 44, 5, 'Penjualan POS-20260112182456-147', '2026-01-12 11:24:56', '2026-01-12 11:24:56'),
(634, 'OUT', 838, 345, -1, 'SALE', 45, 5, 'Penjualan POS-20260112192012-196', '2026-01-12 12:20:12', '2026-01-12 12:20:12'),
(635, 'OUT', 1048, 565, -1, 'SALE', 45, 5, 'Penjualan POS-20260112192012-196', '2026-01-12 12:20:12', '2026-01-12 12:20:12'),
(636, 'OUT', 824, 331, -1, 'SALE', 45, 5, 'Penjualan POS-20260112192012-196', '2026-01-12 12:20:12', '2026-01-12 12:20:12'),
(637, 'OUT', 587, 93, -10, 'SALE', 46, 5, 'Penjualan POS-20260112192135-413', '2026-01-12 12:21:35', '2026-01-12 12:21:35'),
(638, 'OUT', 828, 335, -2, 'SALE', 46, 5, 'Penjualan POS-20260112192135-413', '2026-01-12 12:21:35', '2026-01-12 12:21:35'),
(639, 'IN', 1051, 579, 8, 'PURCHASE', 12, 1, 'Penerimaan 000EB', '2026-01-13 02:07:32', '2026-01-13 02:07:32'),
(640, 'IN', 1052, 584, 1, 'PURCHASE', 13, 1, 'Penerimaan 0001', '2026-01-13 02:41:58', '2026-01-13 02:41:58'),
(641, 'OUT', 575, 79, -10, 'SALE', 47, 5, 'Penjualan POS-20260113094325-623', '2026-01-13 02:43:25', '2026-01-13 02:43:25'),
(642, 'OUT', 1052, 584, -1, 'SALE', 47, 5, 'Penjualan POS-20260113094325-623', '2026-01-13 02:43:25', '2026-01-13 02:43:25'),
(643, 'OUT', 598, 104, -10, 'SALE', 47, 5, 'Penjualan POS-20260113094325-623', '2026-01-13 02:43:25', '2026-01-13 02:43:25'),
(644, 'IN', 1053, 581, 2, 'PURCHASE', 14, 1, 'Penerimaan 0002', '2026-01-13 02:52:19', '2026-01-13 02:52:19'),
(645, 'IN', 1054, 582, 2, 'PURCHASE', 14, 1, 'Penerimaan 0002', '2026-01-13 02:52:19', '2026-01-13 02:52:19'),
(646, 'IN', 1055, 583, 2, 'PURCHASE', 14, 1, 'Penerimaan 0002', '2026-01-13 02:52:19', '2026-01-13 02:52:19'),
(647, 'IN', 1056, 113, 100, 'PURCHASE', 14, 1, 'Penerimaan 0002', '2026-01-13 02:52:19', '2026-01-13 02:52:19'),
(648, 'IN', 1057, 586, 3, 'PURCHASE', 15, 1, 'Penerimaan 0003', '2026-01-13 03:25:23', '2026-01-13 03:25:23'),
(649, 'OUT', 600, 106, -10, 'SALE', 48, 5, 'Penjualan POS-20260113102748-766', '2026-01-13 03:27:48', '2026-01-13 03:27:48'),
(650, 'OUT', 586, 92, -10, 'SALE', 49, 5, 'Penjualan POS-20260113102926-964', '2026-01-13 03:29:26', '2026-01-13 03:29:26'),
(651, 'IN', 1058, 594, 3, 'PURCHASE', 16, 1, 'Penerimaan 0004', '2026-01-13 03:34:30', '2026-01-13 03:34:30'),
(652, 'OUT', 1058, 594, 3, 'PURCHASE_EDIT', 16, 1, 'Koreksi penerimaan 0004 (edit)', '2026-01-13 03:38:38', '2026-01-13 03:38:38'),
(653, 'IN', 1058, 594, 3, 'PURCHASE', 16, 1, 'Penerimaan 0004 (updated)', '2026-01-13 03:38:38', '2026-01-13 03:38:38'),
(654, 'IN', 1059, 580, 3, 'PURCHASE', 17, 1, 'Penerimaan 0005', '2026-01-13 03:47:57', '2026-01-13 03:47:57'),
(655, 'IN', 1060, 578, 3, 'PURCHASE', 18, 1, 'Penerimaan 0006', '2026-01-13 03:53:01', '2026-01-13 03:53:01'),
(656, 'IN', 1061, 251, 2, 'PURCHASE', 19, 1, 'Penerimaan 0007', '2026-01-13 03:54:43', '2026-01-13 03:54:43'),
(657, 'IN', 1062, 588, 25, 'PURCHASE', 21, 1, 'Penerimaan 0008', '2026-01-13 03:57:38', '2026-01-13 03:57:38'),
(658, 'IN', 1063, 587, 50, 'PURCHASE', 22, 1, 'Penerimaan 0009', '2026-01-13 03:59:31', '2026-01-13 03:59:31'),
(659, 'IN', 1064, 589, 3, 'PURCHASE', 24, 1, 'Penerimaan 00010', '2026-01-13 04:02:50', '2026-01-13 04:02:50'),
(660, 'IN', 1065, 590, 3, 'PURCHASE', 25, 1, 'Penerimaan 000011', '2026-01-13 04:04:47', '2026-01-13 04:04:47'),
(661, 'IN', 1066, 591, 3, 'PURCHASE', 26, 1, 'Penerimaan 00012', '2026-01-13 04:09:32', '2026-01-13 04:09:32'),
(662, 'IN', 1067, 592, 10, 'PURCHASE', 27, 1, 'Penerimaan 00013', '2026-01-13 04:10:58', '2026-01-13 04:10:58'),
(663, 'IN', 1068, 593, 2, 'PURCHASE', 28, 1, 'Penerimaan 00014', '2026-01-13 04:12:55', '2026-01-13 04:12:55'),
(664, 'IN', 1069, 595, 40, 'PURCHASE', 29, 1, 'Penerimaan 00015', '2026-01-13 04:15:20', '2026-01-13 04:15:20'),
(665, 'IN', 1070, 596, 200, 'PURCHASE', 33, 1, 'Penerimaan 00016', '2026-01-13 04:18:05', '2026-01-13 04:18:05'),
(666, 'IN', 1071, 597, 200, 'PURCHASE', 34, 1, 'Penerimaan 00017', '2026-01-13 04:20:46', '2026-01-13 04:20:46'),
(667, 'IN', 1072, 602, 100, 'PURCHASE', 35, 1, 'Penerimaan 000013', '2026-01-13 04:37:07', '2026-01-13 04:37:07'),
(668, 'IN', 1073, 603, 5, 'PURCHASE', 36, 1, 'Penerimaan 000014', '2026-01-13 04:40:08', '2026-01-13 04:40:08'),
(669, 'IN', 1074, 83, 150, 'PURCHASE', 38, 1, 'Penerimaan 000015', '2026-01-13 04:43:54', '2026-01-13 04:43:54'),
(670, 'IN', 1075, 598, 100, 'PURCHASE', 41, 1, 'Penerimaan 00018', '2026-01-13 04:45:57', '2026-01-13 04:45:57'),
(671, 'IN', 1076, 599, 25, 'PURCHASE', 43, 1, 'Penerimaan 000017', '2026-01-13 04:48:10', '2026-01-13 04:48:10'),
(672, 'IN', 1076, 599, 25, 'PURCHASE', 45, 1, 'Penerimaan 000018', '2026-01-13 04:48:18', '2026-01-13 04:48:18'),
(673, 'IN', 1077, 118, 30, 'PURCHASE', 46, 1, 'Penerimaan 000019', '2026-01-13 04:50:59', '2026-01-13 04:50:59'),
(674, 'IN', 1078, 345, 25, 'PURCHASE', 47, 1, 'Penerimaan 000020', '2026-01-13 04:53:03', '2026-01-13 04:53:03'),
(675, 'IN', 1079, 124, 40, 'PURCHASE', 48, 1, 'Penerimaan 000021', '2026-01-13 04:55:16', '2026-01-13 04:55:16'),
(676, 'IN', 1080, 600, 3, 'PURCHASE', 49, 1, 'Penerimaan 000022', '2026-01-13 04:56:34', '2026-01-13 04:56:34'),
(677, 'IN', 1081, 601, 10, 'PURCHASE', 50, 1, 'Penerimaan 000023', '2026-01-13 04:58:25', '2026-01-13 04:58:25'),
(678, 'OUT', 719, 225, -1, 'SALE', 50, 5, 'Penjualan POS-20260113120037-131', '2026-01-13 05:00:37', '2026-01-13 05:00:37'),
(679, 'IN', 1082, 606, 25, 'PURCHASE', 52, 1, 'Penerimaan 000025', '2026-01-13 05:19:23', '2026-01-13 05:19:23'),
(680, 'IN', 1083, 605, 50, 'PURCHASE', 53, 1, 'Penerimaan 00026', '2026-01-13 05:21:18', '2026-01-13 05:21:18'),
(681, 'IN', 1084, 604, 10, 'PURCHASE', 54, 1, 'Penerimaan 00027', '2026-01-13 05:22:58', '2026-01-13 05:22:58'),
(682, 'OUT', 1082, 606, -1, 'SALE', 51, 5, 'Penjualan POS-20260113122640-675', '2026-01-13 05:26:40', '2026-01-13 05:26:40'),
(683, 'IN', 587, 93, 10, 'SALE_CANCEL', 46, 1, 'Pembatalan penjualan POS-20260112192135-413', '2026-01-13 07:28:02', '2026-01-13 07:28:02'),
(684, 'IN', 828, 335, 2, 'SALE_CANCEL', 46, 1, 'Pembatalan penjualan POS-20260112192135-413', '2026-01-13 07:28:02', '2026-01-13 07:28:02'),
(685, 'IN', 708, 214, 1, 'SALE_CANCEL', 35, 1, 'Pembatalan penjualan POS-20260112100613-518', '2026-01-13 07:30:55', '2026-01-13 07:30:55'),
(686, 'IN', 597, 103, 10, 'SALE_CANCEL', 37, 1, 'Pembatalan penjualan POS-20260112121909-990', '2026-01-13 07:31:42', '2026-01-13 07:31:42'),
(687, 'IN', 649, 155, 10, 'SALE_CANCEL', 37, 1, 'Pembatalan penjualan POS-20260112121909-990', '2026-01-13 07:31:42', '2026-01-13 07:31:42'),
(688, 'IN', 574, 78, 10, 'SALE_CANCEL', 38, 1, 'Pembatalan penjualan POS-20260112122045-793', '2026-01-13 07:32:26', '2026-01-13 07:32:26'),
(689, 'IN', 1048, 565, 1, 'SALE_CANCEL', 39, 1, 'Pembatalan penjualan POS-20260112151238-426', '2026-01-13 07:33:06', '2026-01-13 07:33:06'),
(690, 'IN', 824, 331, 1, 'SALE_CANCEL', 40, 1, 'Pembatalan penjualan POS-20260112153143-830', '2026-01-13 07:33:49', '2026-01-13 07:33:49'),
(691, 'IN', 1049, 570, 4, 'SALE_CANCEL', 41, 1, 'Pembatalan penjualan POS-20260112153220-382', '2026-01-13 07:34:27', '2026-01-13 07:34:27'),
(692, 'IN', 570, 72, 10, 'SALE_CANCEL', 42, 1, 'Pembatalan penjualan POS-20260112161330-144', '2026-01-13 07:35:05', '2026-01-13 07:35:05'),
(693, 'IN', 1047, 320, 1, 'SALE_CANCEL', 42, 1, 'Pembatalan penjualan POS-20260112161330-144', '2026-01-13 07:35:05', '2026-01-13 07:35:05'),
(694, 'IN', 1050, 577, 1, 'SALE_CANCEL', 43, 1, 'Pembatalan penjualan POS-20260112175607-897', '2026-01-13 07:35:51', '2026-01-13 07:35:51'),
(695, 'IN', 573, 77, 10, 'SALE_CANCEL', 44, 1, 'Pembatalan penjualan POS-20260112182456-147', '2026-01-13 07:36:30', '2026-01-13 07:36:30'),
(696, 'IN', 587, 93, 10, 'SALE_CANCEL', 44, 1, 'Pembatalan penjualan POS-20260112182456-147', '2026-01-13 07:36:30', '2026-01-13 07:36:30'),
(697, 'IN', 824, 331, 1, 'SALE_CANCEL', 45, 1, 'Pembatalan penjualan POS-20260112192012-196', '2026-01-13 07:37:06', '2026-01-13 07:37:06'),
(698, 'IN', 838, 345, 1, 'SALE_CANCEL', 45, 1, 'Pembatalan penjualan POS-20260112192012-196', '2026-01-13 07:37:06', '2026-01-13 07:37:06'),
(699, 'IN', 1048, 565, 1, 'SALE_CANCEL', 45, 1, 'Pembatalan penjualan POS-20260112192012-196', '2026-01-13 07:37:06', '2026-01-13 07:37:06'),
(700, 'OUT', 1048, 565, -2, 'SALE', 52, 5, 'Penjualan POS-20260113144749-613', '2026-01-13 07:47:49', '2026-01-13 07:47:49'),
(701, 'OUT', 824, 331, -2, 'SALE', 52, 5, 'Penjualan POS-20260113144749-613', '2026-01-13 07:47:49', '2026-01-13 07:47:49'),
(702, 'OUT', 708, 214, -1, 'SALE', 53, 5, 'Penjualan POS-20260113144829-896', '2026-01-13 07:48:29', '2026-01-13 07:48:29'),
(703, 'IN', 1085, 564, 3, 'PURCHASE', 55, 1, 'Penerimaan 00005', '2026-01-13 07:53:26', '2026-01-13 07:53:26'),
(704, 'IN', 1086, 576, 2, 'PURCHASE', 59, 1, 'Penerimaan 000027', '2026-01-13 08:02:57', '2026-01-13 08:02:57'),
(705, 'OUT', 1085, 564, -1, 'SALE', 54, 5, 'Penjualan POS-20260113150409-532', '2026-01-13 08:04:09', '2026-01-13 08:04:09'),
(706, 'OUT', 1049, 570, -4, 'SALE', 54, 5, 'Penjualan POS-20260113150409-532', '2026-01-13 08:04:09', '2026-01-13 08:04:09'),
(707, 'OUT', 1086, 576, -1, 'SALE', 54, 5, 'Penjualan POS-20260113150409-532', '2026-01-13 08:04:09', '2026-01-13 08:04:09'),
(708, 'OUT', 574, 78, -10, 'SALE', 55, 5, 'Penjualan POS-20260113150515-315', '2026-01-13 08:05:15', '2026-01-13 08:05:15'),
(709, 'OUT', 649, 155, -10, 'SALE', 55, 5, 'Penjualan POS-20260113150515-315', '2026-01-13 08:05:15', '2026-01-13 08:05:15'),
(710, 'OUT', 597, 103, -10, 'SALE', 55, 5, 'Penjualan POS-20260113150515-315', '2026-01-13 08:05:15', '2026-01-13 08:05:15'),
(711, 'OUT', 649, 155, -10, 'SALE', 56, 5, 'Penjualan POS-20260113150540-361', '2026-01-13 08:05:40', '2026-01-13 08:05:40'),
(712, 'OUT', 1050, 577, -1, 'SALE', 57, 5, 'Penjualan POS-20260113150609-217', '2026-01-13 08:06:09', '2026-01-13 08:06:09'),
(713, 'OUT', 625, 131, -10, 'SALE', 58, 5, 'Penjualan POS-20260113150654-101', '2026-01-13 08:06:54', '2026-01-13 08:06:54'),
(714, 'OUT', 1047, 320, -1, 'SALE', 58, 5, 'Penjualan POS-20260113150654-101', '2026-01-13 08:06:54', '2026-01-13 08:06:54'),
(715, 'OUT', 570, 72, -10, 'SALE', 59, 5, 'Penjualan POS-20260113150733-685', '2026-01-13 08:07:33', '2026-01-13 08:07:33'),
(716, 'IN', 1087, 607, 150, 'PURCHASE', 60, 1, 'Penerimaan 000027', '2026-01-13 08:14:21', '2026-01-13 08:14:21'),
(717, 'OUT', 587, 93, -10, 'SALE', 60, 5, 'Penjualan POS-20260113151737-307', '2026-01-13 08:17:37', '2026-01-13 08:17:37'),
(718, 'OUT', 573, 77, -10, 'SALE', 60, 5, 'Penjualan POS-20260113151737-307', '2026-01-13 08:17:37', '2026-01-13 08:17:37'),
(719, 'OUT', 1087, 607, -1, 'SALE', 60, 5, 'Penjualan POS-20260113151737-307', '2026-01-13 08:17:37', '2026-01-13 08:17:37'),
(720, 'OUT', 838, 345, -1, 'SALE', 60, 5, 'Penjualan POS-20260113151737-307', '2026-01-13 08:17:37', '2026-01-13 08:17:37'),
(721, 'OUT', 1064, 589, -1, 'SALE', 60, 5, 'Penjualan POS-20260113151737-307', '2026-01-13 08:17:37', '2026-01-13 08:17:37'),
(722, 'OUT', 1051, 579, -1, 'SALE', 61, 5, 'Penjualan POS-20260113151908-502', '2026-01-13 08:19:08', '2026-01-13 08:19:08'),
(723, 'OUT', 609, 115, -10, 'SALE', 61, 5, 'Penjualan POS-20260113151908-502', '2026-01-13 08:19:08', '2026-01-13 08:19:08'),
(724, 'OUT', 834, 341, -1, 'SALE', 61, 5, 'Penjualan POS-20260113151908-502', '2026-01-13 08:19:08', '2026-01-13 08:19:08'),
(725, 'OUT', 587, 93, -10, 'SALE', 61, 5, 'Penjualan POS-20260113151908-502', '2026-01-13 08:19:08', '2026-01-13 08:19:08'),
(726, 'OUT', 1072, 602, -1, 'SALE', 62, 5, 'Penjualan POS-20260113152329-308', '2026-01-13 08:23:30', '2026-01-13 08:23:30');
INSERT INTO `stock_movements` (`id`, `type`, `batch_id`, `product_id`, `qty`, `ref_type`, `ref_id`, `user_id`, `notes`, `created_at`, `updated_at`) VALUES
(727, 'OUT', 625, 131, -10, 'SALE', 62, 5, 'Penjualan POS-20260113152329-308', '2026-01-13 08:23:30', '2026-01-13 08:23:30'),
(728, 'OUT', 764, 270, -1, 'SALE', 62, 5, 'Penjualan POS-20260113152329-308', '2026-01-13 08:23:30', '2026-01-13 08:23:30'),
(729, 'OUT', 1073, 603, -1, 'SALE', 63, 5, 'Penjualan POS-20260113152745-295', '2026-01-13 08:27:45', '2026-01-13 08:27:45'),
(730, 'OUT', 708, 214, -1, 'SALE', 63, 5, 'Penjualan POS-20260113152745-295', '2026-01-13 08:27:45', '2026-01-13 08:27:45'),
(731, 'IN', 1088, 608, 50, 'PURCHASE', 61, 1, 'Penerimaan 000043', '2026-01-13 08:31:36', '2026-01-13 08:31:36'),
(732, 'OUT', 1088, 608, -1, 'SALE', 64, 5, 'Penjualan POS-20260113153234-584', '2026-01-13 08:32:34', '2026-01-13 08:32:34'),
(733, 'OUT', 828, 335, -2, 'SALE', 64, 5, 'Penjualan POS-20260113153234-584', '2026-01-13 08:32:34', '2026-01-13 08:32:34'),
(734, 'IN', 1089, 557, 2, 'PURCHASE', 63, 1, 'Penerimaan 000028', '2026-01-13 08:41:36', '2026-01-13 08:41:36'),
(735, 'OUT', 1089, 557, -1, 'SALE', 65, 5, 'Penjualan POS-20260113154337-150', '2026-01-13 08:43:37', '2026-01-13 08:43:37'),
(736, 'IN', 1090, 558, 3, 'PURCHASE', 64, 1, 'Penerimaan 000029', '2026-01-13 08:56:43', '2026-01-13 08:56:43'),
(737, 'OUT', 708, 214, -1, 'SALE', 66, 4, 'Penjualan POS-20260113161346-648', '2026-01-13 09:13:46', '2026-01-13 09:13:46'),
(738, 'OUT', 709, 215, -1, 'SALE', 66, 4, 'Penjualan POS-20260113161346-648', '2026-01-13 09:13:46', '2026-01-13 09:13:46'),
(739, 'OUT', 668, 174, -1, 'SALE', 66, 4, 'Penjualan POS-20260113161346-648', '2026-01-13 09:13:46', '2026-01-13 09:13:46'),
(740, 'IN', 1091, 559, 2, 'PURCHASE', 66, 1, 'Penerimaan 000030', '2026-01-13 09:24:38', '2026-01-13 09:24:38'),
(741, 'OUT', 589, 95, -4, 'SALE', 67, 4, 'Penjualan POS-20260113171625-248', '2026-01-13 10:16:25', '2026-01-13 10:16:25'),
(742, 'OUT', 1078, 345, -1, 'SALE', 68, 4, 'Penjualan POS-20260113182301-500', '2026-01-13 11:23:01', '2026-01-13 11:23:01'),
(743, 'OUT', 711, 217, -2, 'SALE', 69, 4, 'Penjualan POS-20260113182340-525', '2026-01-13 11:23:40', '2026-01-13 11:23:40'),
(744, 'OUT', 1053, 581, -1, 'SALE', 70, 4, 'Penjualan POS-20260113182421-289', '2026-01-13 11:24:21', '2026-01-13 11:24:21'),
(745, 'OUT', 1090, 558, -1, 'SALE', 70, 4, 'Penjualan POS-20260113182421-289', '2026-01-13 11:24:21', '2026-01-13 11:24:21'),
(746, 'OUT', 777, 283, -1, 'SALE', 71, 4, 'Penjualan POS-20260113195623-714', '2026-01-13 12:56:23', '2026-01-13 12:56:23'),
(747, 'OUT', 616, 122, -10, 'SALE', 72, 5, 'Penjualan POS-20260114084714-795', '2026-01-14 01:47:14', '2026-01-14 01:47:14'),
(748, 'OUT', 941, 449, -1, 'SALE', 73, 5, 'Penjualan POS-20260114095909-328', '2026-01-14 02:59:10', '2026-01-14 02:59:10'),
(749, 'OUT', 1047, 320, -1, 'SALE', 73, 5, 'Penjualan POS-20260114095909-328', '2026-01-14 02:59:10', '2026-01-14 02:59:10'),
(750, 'OUT', 600, 106, -10, 'SALE', 74, 5, 'Penjualan POS-20260114102741-524', '2026-01-14 03:27:41', '2026-01-14 03:27:41'),
(751, 'OUT', 1023, 531, -1, 'SALE', 75, 5, 'Penjualan POS-20260114105348-177', '2026-01-14 03:53:48', '2026-01-14 03:53:48'),
(752, 'OUT', 589, 95, -1, 'SALE', 76, 5, 'Penjualan POS-20260114122956-241', '2026-01-14 05:29:56', '2026-01-14 05:29:56'),
(753, 'OUT', 635, 141, -2, 'SALE', 76, 5, 'Penjualan POS-20260114122956-241', '2026-01-14 05:29:56', '2026-01-14 05:29:56'),
(754, 'IN', 1092, 560, 8, 'PURCHASE', 68, 1, 'Penerimaan 0000301', '2026-01-14 05:55:45', '2026-01-14 05:55:45'),
(755, 'OUT', 1092, 560, 8, 'PURCHASE_EDIT', 68, 1, 'Koreksi penerimaan 0000301 (edit)', '2026-01-14 06:00:36', '2026-01-14 06:00:36'),
(756, 'IN', 1092, 560, 8, 'PURCHASE', 68, 1, 'Penerimaan 0000301 (updated)', '2026-01-14 06:00:36', '2026-01-14 06:00:36'),
(757, 'OUT', 1092, 560, 8, 'PURCHASE_EDIT', 68, 1, 'Koreksi penerimaan 0000301 (edit)', '2026-01-14 06:26:11', '2026-01-14 06:26:11'),
(758, 'IN', 1092, 560, 8, 'PURCHASE', 68, 1, 'Penerimaan 0000301 (updated)', '2026-01-14 06:26:11', '2026-01-14 06:26:11'),
(759, 'IN', 1093, 561, 2, 'PURCHASE', 69, 1, 'Penerimaan 000031', '2026-01-14 06:30:17', '2026-01-14 06:30:17'),
(760, 'IN', 1094, 75, 100, 'PURCHASE', 70, 1, 'Penerimaan 00032', '2026-01-14 06:33:02', '2026-01-14 06:33:02'),
(761, 'IN', 1095, 72, 200, 'PURCHASE', 71, 1, 'Penerimaan 00033', '2026-01-14 06:35:21', '2026-01-14 06:35:21'),
(762, 'IN', 1096, 74, 100, 'PURCHASE', 72, 1, 'Penerimaan 00034', '2026-01-14 06:37:56', '2026-01-14 06:37:56'),
(763, 'IN', 1097, 86, 200, 'PURCHASE', 74, 1, 'Penerimaan 00035', '2026-01-14 06:40:14', '2026-01-14 06:40:14'),
(764, 'IN', 1098, 101, 50, 'PURCHASE', 75, 1, 'Penerimaan 00036', '2026-01-14 06:42:39', '2026-01-14 06:42:39'),
(765, 'IN', 1099, 562, 5, 'PURCHASE', 77, 1, 'Penerimaan 00037', '2026-01-14 06:44:54', '2026-01-14 06:44:54'),
(766, 'IN', 1100, 91, 100, 'PURCHASE', 79, 1, 'Penerimaan 00038', '2026-01-14 06:47:40', '2026-01-14 06:47:40'),
(767, 'OUT', 761, 267, -1, 'SALE', 77, 5, 'Penjualan POS-20260114134902-294', '2026-01-14 06:49:02', '2026-01-14 06:49:02'),
(768, 'IN', 1101, 133, 300, 'PURCHASE', 82, 1, 'Penerimaan 00039', '2026-01-14 06:58:14', '2026-01-14 06:58:14'),
(769, 'IN', 1102, 563, 1, 'PURCHASE', 85, 1, 'Penerimaan 00040', '2026-01-14 07:09:46', '2026-01-14 07:09:46'),
(770, 'IN', 1103, 341, 100, 'PURCHASE', 87, 1, 'Penerimaan 00041', '2026-01-14 07:34:01', '2026-01-14 07:34:01'),
(771, 'IN', 1104, 564, 3, 'PURCHASE', 89, 1, 'Penerimaan 00042', '2026-01-14 07:37:27', '2026-01-14 07:37:27'),
(772, 'IN', 1105, 565, 5, 'PURCHASE', 91, 1, 'Penerimaan 00043', '2026-01-14 07:39:46', '2026-01-14 07:39:46'),
(773, 'IN', 1106, 567, 5, 'PURCHASE', 92, 1, 'Penerimaan 00067', '2026-01-14 07:53:52', '2026-01-14 07:53:52'),
(774, 'OUT', 766, 272, -1, 'SALE', 78, 4, 'Penjualan POS-20260114151258-208', '2026-01-14 08:12:58', '2026-01-14 08:12:58'),
(775, 'OUT', 590, 96, -10, 'SALE', 78, 4, 'Penjualan POS-20260114151258-208', '2026-01-14 08:12:58', '2026-01-14 08:12:58'),
(776, 'OUT', 822, 329, -1, 'SALE', 79, 4, 'Penjualan POS-20260114151327-562', '2026-01-14 08:13:27', '2026-01-14 08:13:27'),
(777, 'IN', 1107, 336, 5, 'PURCHASE', 93, 1, 'Penerimaan 0029', '2026-01-14 08:19:17', '2026-01-14 08:19:17'),
(778, 'IN', 1108, 10, 2, 'PURCHASE', 95, 1, 'Penerimaan 0030', '2026-01-14 08:28:18', '2026-01-14 08:28:18'),
(779, 'IN', 1109, 569, 3, 'PURCHASE', 96, 1, 'Penerimaan 0031', '2026-01-14 08:34:42', '2026-01-14 08:34:42'),
(780, 'OUT', 1090, 558, -1, 'SALE', 80, 4, 'Penjualan POS-20260114153533-178', '2026-01-14 08:35:33', '2026-01-14 08:35:33'),
(781, 'OUT', 1094, 75, -10, 'SALE', 81, 4, 'Penjualan POS-20260114153932-258', '2026-01-14 08:39:32', '2026-01-14 08:39:32');

-- --------------------------------------------------------

--
-- Table structure for table `stock_opnames`
--

CREATE TABLE `stock_opnames` (
  `id` bigint(20) UNSIGNED NOT NULL,
  `user_id` bigint(20) UNSIGNED NOT NULL,
  `opname_date` date NOT NULL,
  `status` enum('PENDING_APPROVAL','APPROVED','REJECTED') NOT NULL DEFAULT 'PENDING_APPROVAL',
  `requires_approval` tinyint(1) NOT NULL DEFAULT 0,
  `approval_threshold_value` decimal(15,2) NOT NULL DEFAULT 0.00,
  `total_items` int(11) NOT NULL DEFAULT 0,
  `total_diff_qty` int(11) NOT NULL DEFAULT 0,
  `total_system_value` decimal(15,2) NOT NULL DEFAULT 0.00,
  `total_physical_value` decimal(15,2) NOT NULL DEFAULT 0.00,
  `total_diff_value` decimal(15,2) NOT NULL DEFAULT 0.00,
  `notes` text DEFAULT NULL,
  `approved_by` bigint(20) UNSIGNED DEFAULT NULL,
  `approved_at` timestamp NULL DEFAULT NULL,
  `approval_notes` text DEFAULT NULL,
  `created_at` timestamp NULL DEFAULT NULL,
  `updated_at` timestamp NULL DEFAULT NULL
) ENGINE=InnoDB DEFAULT CHARSET=utf8mb4 COLLATE=utf8mb4_unicode_ci;

-- --------------------------------------------------------

--
-- Table structure for table `stock_opname_items`
--

CREATE TABLE `stock_opname_items` (
  `id` bigint(20) UNSIGNED NOT NULL,
  `stock_opname_id` bigint(20) UNSIGNED NOT NULL,
  `product_id` bigint(20) UNSIGNED NOT NULL,
  `batch_id` bigint(20) UNSIGNED DEFAULT NULL,
  `system_qty` int(11) NOT NULL,
  `physical_qty` int(11) NOT NULL,
  `diff_qty` int(11) NOT NULL,
  `reason` enum('SELISIH_OPNAME','RUSAK','KADALUARSA','HILANG') NOT NULL DEFAULT 'SELISIH_OPNAME',
  `unit_cost` decimal(15,2) NOT NULL DEFAULT 0.00,
  `diff_value` decimal(15,2) NOT NULL DEFAULT 0.00,
  `notes` varchar(255) DEFAULT NULL,
  `created_at` timestamp NULL DEFAULT NULL,
  `updated_at` timestamp NULL DEFAULT NULL
) ENGINE=InnoDB DEFAULT CHARSET=utf8mb4 COLLATE=utf8mb4_unicode_ci;

-- --------------------------------------------------------

--
-- Table structure for table `suppliers`
--

CREATE TABLE `suppliers` (
  `id` bigint(20) UNSIGNED NOT NULL,
  `name` varchar(150) NOT NULL,
  `contact` varchar(150) DEFAULT NULL,
  `payment_term_days` smallint(5) UNSIGNED NOT NULL DEFAULT 30,
  `created_at` timestamp NULL DEFAULT NULL,
  `updated_at` timestamp NULL DEFAULT NULL
) ENGINE=InnoDB DEFAULT CHARSET=utf8mb4 COLLATE=utf8mb4_unicode_ci;

--
-- Dumping data for table `suppliers`
--

INSERT INTO `suppliers` (`id`, `name`, `contact`, `payment_term_days`, `created_at`, `updated_at`) VALUES
(1, 'KOKO', NULL, 30, '2026-01-10 02:00:35', '2026-01-10 02:00:35'),
(2, 'PRAMUKA', '(021)85902238', 30, '2026-01-12 10:45:29', '2026-01-12 10:45:29');

-- --------------------------------------------------------

--
-- Table structure for table `supplier_returns`
--

CREATE TABLE `supplier_returns` (
  `id` bigint(20) UNSIGNED NOT NULL,
  `return_no` varchar(100) NOT NULL,
  `supplier_id` bigint(20) UNSIGNED NOT NULL,
  `user_id` bigint(20) UNSIGNED NOT NULL,
  `return_date` date NOT NULL,
  `status` enum('POSTED','VOID') NOT NULL DEFAULT 'POSTED',
  `total_qty` int(11) NOT NULL DEFAULT 0,
  `total_value` decimal(15,2) NOT NULL DEFAULT 0.00,
  `notes` text DEFAULT NULL,
  `created_at` timestamp NULL DEFAULT NULL,
  `updated_at` timestamp NULL DEFAULT NULL
) ENGINE=InnoDB DEFAULT CHARSET=utf8mb4 COLLATE=utf8mb4_unicode_ci;

-- --------------------------------------------------------

--
-- Table structure for table `supplier_return_items`
--

CREATE TABLE `supplier_return_items` (
  `id` bigint(20) UNSIGNED NOT NULL,
  `supplier_return_id` bigint(20) UNSIGNED NOT NULL,
  `product_id` bigint(20) UNSIGNED NOT NULL,
  `stock_batch_id` bigint(20) UNSIGNED DEFAULT NULL,
  `qty` int(11) NOT NULL,
  `unit_cost` decimal(15,2) NOT NULL DEFAULT 0.00,
  `subtotal` decimal(15,2) NOT NULL DEFAULT 0.00,
  `reason` varchar(100) DEFAULT NULL,
  `created_at` timestamp NULL DEFAULT NULL,
  `updated_at` timestamp NULL DEFAULT NULL
) ENGINE=InnoDB DEFAULT CHARSET=utf8mb4 COLLATE=utf8mb4_unicode_ci;

-- --------------------------------------------------------

--
-- Table structure for table `users`
--

CREATE TABLE `users` (
  `id` bigint(20) UNSIGNED NOT NULL,
  `name` varchar(255) NOT NULL,
  `email` varchar(255) NOT NULL,
  `email_verified_at` timestamp NULL DEFAULT NULL,
  `password` varchar(255) NOT NULL,
  `is_active` tinyint(1) NOT NULL DEFAULT 1,
  `remember_token` varchar(100) DEFAULT NULL,
  `created_at` timestamp NULL DEFAULT NULL,
  `updated_at` timestamp NULL DEFAULT NULL
) ENGINE=InnoDB DEFAULT CHARSET=utf8mb4 COLLATE=utf8mb4_unicode_ci;

--
-- Dumping data for table `users`
--

INSERT INTO `users` (`id`, `name`, `email`, `email_verified_at`, `password`, `is_active`, `remember_token`, `created_at`, `updated_at`) VALUES
(1, 'Owner Ro Tua', 'owner@rotua.com', NULL, '$2y$12$xZo/aNWKt523WTrCn2XLreOvuM6mS4PS0QUvvZM/fI9jdKsR6OLku', 1, NULL, '2026-01-06 06:39:55', '2026-01-06 07:07:42'),
(2, 'Kasir Ro Tua', 'kasir@rotua.com', NULL, '$2y$12$vIkiJnS.5XbOtx7ZedCq7uk7eA/TvX9F.Qff1OD8WuANYvbMSbodW', 0, NULL, '2026-01-06 06:39:56', '2026-01-06 07:46:18'),
(3, 'Admin Gudang Ro Tua', 'gudang@rotua.com', NULL, '$2y$12$rEGTafNv1.QFfUdlUNkU.uIcz4Lu7DTglSWGPE5uIvDnMMrmbeyTu', 0, NULL, '2026-01-06 06:39:57', '2026-01-06 07:46:11'),
(4, 'Apriani siahaan', 'apriani@rotua.com', NULL, '$2y$12$iCpcgt92ro08CUA2ROTmGeVVaAkj5mjFFjs9gMS97ca3VJvkBOqoW', 1, NULL, '2026-01-06 07:44:47', '2026-01-06 07:44:47'),
(5, 'Junita tampubolon', 'junita@rotua.com', NULL, '$2y$12$apbLTTHDGybkMVyGHCb8POjmQOYMIW2f1/DxMCriySY8c4P4a1pJC', 1, NULL, '2026-01-06 07:45:34', '2026-01-06 07:45:34');

--
-- Indexes for dumped tables
--

--
-- Indexes for table `audit_logs`
--
ALTER TABLE `audit_logs`
  ADD PRIMARY KEY (`id`),
  ADD KEY `audit_logs_actor_user_id_foreign` (`actor_user_id`),
  ADD KEY `audit_logs_target_user_id_foreign` (`target_user_id`),
  ADD KEY `audit_logs_action_created_at_index` (`action`,`created_at`);

--
-- Indexes for table `cache`
--
ALTER TABLE `cache`
  ADD PRIMARY KEY (`key`);

--
-- Indexes for table `cache_locks`
--
ALTER TABLE `cache_locks`
  ADD PRIMARY KEY (`key`);

--
-- Indexes for table `failed_jobs`
--
ALTER TABLE `failed_jobs`
  ADD PRIMARY KEY (`id`),
  ADD UNIQUE KEY `failed_jobs_uuid_unique` (`uuid`);

--
-- Indexes for table `jobs`
--
ALTER TABLE `jobs`
  ADD PRIMARY KEY (`id`),
  ADD KEY `jobs_queue_index` (`queue`);

--
-- Indexes for table `job_batches`
--
ALTER TABLE `job_batches`
  ADD PRIMARY KEY (`id`);

--
-- Indexes for table `migrations`
--
ALTER TABLE `migrations`
  ADD PRIMARY KEY (`id`);

--
-- Indexes for table `model_has_permissions`
--
ALTER TABLE `model_has_permissions`
  ADD PRIMARY KEY (`permission_id`,`model_id`,`model_type`),
  ADD KEY `model_has_permissions_model_id_model_type_index` (`model_id`,`model_type`);

--
-- Indexes for table `model_has_roles`
--
ALTER TABLE `model_has_roles`
  ADD PRIMARY KEY (`role_id`,`model_id`,`model_type`),
  ADD KEY `model_has_roles_model_id_model_type_index` (`model_id`,`model_type`);

--
-- Indexes for table `password_reset_tokens`
--
ALTER TABLE `password_reset_tokens`
  ADD PRIMARY KEY (`email`);

--
-- Indexes for table `permissions`
--
ALTER TABLE `permissions`
  ADD PRIMARY KEY (`id`),
  ADD UNIQUE KEY `permissions_name_guard_name_unique` (`name`,`guard_name`);

--
-- Indexes for table `personal_access_tokens`
--
ALTER TABLE `personal_access_tokens`
  ADD PRIMARY KEY (`id`),
  ADD UNIQUE KEY `personal_access_tokens_token_unique` (`token`),
  ADD KEY `personal_access_tokens_tokenable_type_tokenable_id_index` (`tokenable_type`,`tokenable_id`);

--
-- Indexes for table `products`
--
ALTER TABLE `products`
  ADD PRIMARY KEY (`id`),
  ADD UNIQUE KEY `products_sku_unique` (`sku`);

--
-- Indexes for table `purchases`
--
ALTER TABLE `purchases`
  ADD PRIMARY KEY (`id`),
  ADD UNIQUE KEY `purchases_supplier_id_invoice_no_unique` (`supplier_id`,`invoice_no`),
  ADD KEY `purchases_due_date_status_index` (`due_date`,`status`);

--
-- Indexes for table `purchase_items`
--
ALTER TABLE `purchase_items`
  ADD PRIMARY KEY (`id`),
  ADD KEY `purchase_items_purchase_id_foreign` (`purchase_id`),
  ADD KEY `purchase_items_product_id_batch_no_expired_date_index` (`product_id`,`batch_no`,`expired_date`);

--
-- Indexes for table `roles`
--
ALTER TABLE `roles`
  ADD PRIMARY KEY (`id`),
  ADD UNIQUE KEY `roles_name_guard_name_unique` (`name`,`guard_name`);

--
-- Indexes for table `role_has_permissions`
--
ALTER TABLE `role_has_permissions`
  ADD PRIMARY KEY (`permission_id`,`role_id`),
  ADD KEY `role_has_permissions_role_id_foreign` (`role_id`);

--
-- Indexes for table `sales`
--
ALTER TABLE `sales`
  ADD PRIMARY KEY (`id`),
  ADD UNIQUE KEY `sales_invoice_no_unique` (`invoice_no`),
  ADD KEY `sales_sale_date_payment_method_index` (`sale_date`,`payment_method`),
  ADD KEY `sales_user_id_index` (`user_id`),
  ADD KEY `sales_shift_id_index` (`shift_id`),
  ADD KEY `sales_cancelled_by_foreign` (`cancelled_by`);

--
-- Indexes for table `sale_items`
--
ALTER TABLE `sale_items`
  ADD PRIMARY KEY (`id`),
  ADD KEY `sale_items_product_id_foreign` (`product_id`),
  ADD KEY `sale_items_sale_id_product_id_index` (`sale_id`,`product_id`);

--
-- Indexes for table `sale_item_batches`
--
ALTER TABLE `sale_item_batches`
  ADD PRIMARY KEY (`id`),
  ADD KEY `sale_item_batches_stock_batch_id_foreign` (`stock_batch_id`),
  ADD KEY `sale_item_batches_sale_item_id_stock_batch_id_index` (`sale_item_id`,`stock_batch_id`);

--
-- Indexes for table `sessions`
--
ALTER TABLE `sessions`
  ADD PRIMARY KEY (`id`),
  ADD KEY `sessions_user_id_index` (`user_id`),
  ADD KEY `sessions_last_activity_index` (`last_activity`);

--
-- Indexes for table `shifts`
--
ALTER TABLE `shifts`
  ADD PRIMARY KEY (`id`),
  ADD KEY `shifts_user_id_opened_at_index` (`user_id`,`opened_at`),
  ADD KEY `shifts_closed_at_index` (`closed_at`);

--
-- Indexes for table `stock_batches`
--
ALTER TABLE `stock_batches`
  ADD PRIMARY KEY (`id`),
  ADD UNIQUE KEY `stock_batches_product_id_batch_no_unique` (`product_id`,`batch_no`),
  ADD KEY `stock_batches_product_id_expired_date_index` (`product_id`,`expired_date`);

--
-- Indexes for table `stock_movements`
--
ALTER TABLE `stock_movements`
  ADD PRIMARY KEY (`id`),
  ADD KEY `stock_movements_user_id_foreign` (`user_id`),
  ADD KEY `stock_movements_product_id_created_at_index` (`product_id`,`created_at`),
  ADD KEY `stock_movements_batch_id_created_at_index` (`batch_id`,`created_at`);

--
-- Indexes for table `stock_opnames`
--
ALTER TABLE `stock_opnames`
  ADD PRIMARY KEY (`id`),
  ADD KEY `stock_opnames_user_id_foreign` (`user_id`),
  ADD KEY `stock_opnames_approved_by_foreign` (`approved_by`),
  ADD KEY `stock_opnames_opname_date_status_index` (`opname_date`,`status`);

--
-- Indexes for table `stock_opname_items`
--
ALTER TABLE `stock_opname_items`
  ADD PRIMARY KEY (`id`),
  ADD KEY `stock_opname_items_stock_opname_id_foreign` (`stock_opname_id`),
  ADD KEY `stock_opname_items_batch_id_foreign` (`batch_id`),
  ADD KEY `stock_opname_items_product_id_batch_id_index` (`product_id`,`batch_id`);

--
-- Indexes for table `suppliers`
--
ALTER TABLE `suppliers`
  ADD PRIMARY KEY (`id`);

--
-- Indexes for table `supplier_returns`
--
ALTER TABLE `supplier_returns`
  ADD PRIMARY KEY (`id`),
  ADD UNIQUE KEY `supplier_returns_return_no_unique` (`return_no`),
  ADD KEY `supplier_returns_user_id_foreign` (`user_id`),
  ADD KEY `supplier_returns_supplier_id_return_date_index` (`supplier_id`,`return_date`);

--
-- Indexes for table `supplier_return_items`
--
ALTER TABLE `supplier_return_items`
  ADD PRIMARY KEY (`id`),
  ADD KEY `supplier_return_items_supplier_return_id_foreign` (`supplier_return_id`),
  ADD KEY `supplier_return_items_stock_batch_id_foreign` (`stock_batch_id`),
  ADD KEY `supplier_return_items_product_id_stock_batch_id_index` (`product_id`,`stock_batch_id`);

--
-- Indexes for table `users`
--
ALTER TABLE `users`
  ADD PRIMARY KEY (`id`),
  ADD UNIQUE KEY `users_email_unique` (`email`);

--
-- AUTO_INCREMENT for dumped tables
--

--
-- AUTO_INCREMENT for table `audit_logs`
--
ALTER TABLE `audit_logs`
  MODIFY `id` bigint(20) UNSIGNED NOT NULL AUTO_INCREMENT, AUTO_INCREMENT=9;

--
-- AUTO_INCREMENT for table `failed_jobs`
--
ALTER TABLE `failed_jobs`
  MODIFY `id` bigint(20) UNSIGNED NOT NULL AUTO_INCREMENT;

--
-- AUTO_INCREMENT for table `jobs`
--
ALTER TABLE `jobs`
  MODIFY `id` bigint(20) UNSIGNED NOT NULL AUTO_INCREMENT;

--
-- AUTO_INCREMENT for table `migrations`
--
ALTER TABLE `migrations`
  MODIFY `id` int(10) UNSIGNED NOT NULL AUTO_INCREMENT, AUTO_INCREMENT=25;

--
-- AUTO_INCREMENT for table `permissions`
--
ALTER TABLE `permissions`
  MODIFY `id` bigint(20) UNSIGNED NOT NULL AUTO_INCREMENT;

--
-- AUTO_INCREMENT for table `personal_access_tokens`
--
ALTER TABLE `personal_access_tokens`
  MODIFY `id` bigint(20) UNSIGNED NOT NULL AUTO_INCREMENT;

--
-- AUTO_INCREMENT for table `products`
--
ALTER TABLE `products`
  MODIFY `id` bigint(20) UNSIGNED NOT NULL AUTO_INCREMENT, AUTO_INCREMENT=609;

--
-- AUTO_INCREMENT for table `purchases`
--
ALTER TABLE `purchases`
  MODIFY `id` bigint(20) UNSIGNED NOT NULL AUTO_INCREMENT, AUTO_INCREMENT=97;

--
-- AUTO_INCREMENT for table `purchase_items`
--
ALTER TABLE `purchase_items`
  MODIFY `id` bigint(20) UNSIGNED NOT NULL AUTO_INCREMENT, AUTO_INCREMENT=69;

--
-- AUTO_INCREMENT for table `roles`
--
ALTER TABLE `roles`
  MODIFY `id` bigint(20) UNSIGNED NOT NULL AUTO_INCREMENT, AUTO_INCREMENT=4;

--
-- AUTO_INCREMENT for table `sales`
--
ALTER TABLE `sales`
  MODIFY `id` bigint(20) UNSIGNED NOT NULL AUTO_INCREMENT, AUTO_INCREMENT=82;

--
-- AUTO_INCREMENT for table `sale_items`
--
ALTER TABLE `sale_items`
  MODIFY `id` bigint(20) UNSIGNED NOT NULL AUTO_INCREMENT, AUTO_INCREMENT=158;

--
-- AUTO_INCREMENT for table `sale_item_batches`
--
ALTER TABLE `sale_item_batches`
  MODIFY `id` bigint(20) UNSIGNED NOT NULL AUTO_INCREMENT, AUTO_INCREMENT=144;

--
-- AUTO_INCREMENT for table `shifts`
--
ALTER TABLE `shifts`
  MODIFY `id` bigint(20) UNSIGNED NOT NULL AUTO_INCREMENT, AUTO_INCREMENT=17;

--
-- AUTO_INCREMENT for table `stock_batches`
--
ALTER TABLE `stock_batches`
  MODIFY `id` bigint(20) UNSIGNED NOT NULL AUTO_INCREMENT, AUTO_INCREMENT=1110;

--
-- AUTO_INCREMENT for table `stock_movements`
--
ALTER TABLE `stock_movements`
  MODIFY `id` bigint(20) UNSIGNED NOT NULL AUTO_INCREMENT, AUTO_INCREMENT=782;

--
-- AUTO_INCREMENT for table `stock_opnames`
--
ALTER TABLE `stock_opnames`
  MODIFY `id` bigint(20) UNSIGNED NOT NULL AUTO_INCREMENT;

--
-- AUTO_INCREMENT for table `stock_opname_items`
--
ALTER TABLE `stock_opname_items`
  MODIFY `id` bigint(20) UNSIGNED NOT NULL AUTO_INCREMENT;

--
-- AUTO_INCREMENT for table `suppliers`
--
ALTER TABLE `suppliers`
  MODIFY `id` bigint(20) UNSIGNED NOT NULL AUTO_INCREMENT, AUTO_INCREMENT=3;

--
-- AUTO_INCREMENT for table `supplier_returns`
--
ALTER TABLE `supplier_returns`
  MODIFY `id` bigint(20) UNSIGNED NOT NULL AUTO_INCREMENT;

--
-- AUTO_INCREMENT for table `supplier_return_items`
--
ALTER TABLE `supplier_return_items`
  MODIFY `id` bigint(20) UNSIGNED NOT NULL AUTO_INCREMENT;

--
-- AUTO_INCREMENT for table `users`
--
ALTER TABLE `users`
  MODIFY `id` bigint(20) UNSIGNED NOT NULL AUTO_INCREMENT, AUTO_INCREMENT=6;

--
-- Constraints for dumped tables
--

--
-- Constraints for table `audit_logs`
--
ALTER TABLE `audit_logs`
  ADD CONSTRAINT `audit_logs_actor_user_id_foreign` FOREIGN KEY (`actor_user_id`) REFERENCES `users` (`id`) ON DELETE CASCADE,
  ADD CONSTRAINT `audit_logs_target_user_id_foreign` FOREIGN KEY (`target_user_id`) REFERENCES `users` (`id`) ON DELETE SET NULL;

--
-- Constraints for table `model_has_permissions`
--
ALTER TABLE `model_has_permissions`
  ADD CONSTRAINT `model_has_permissions_permission_id_foreign` FOREIGN KEY (`permission_id`) REFERENCES `permissions` (`id`) ON DELETE CASCADE;

--
-- Constraints for table `model_has_roles`
--
ALTER TABLE `model_has_roles`
  ADD CONSTRAINT `model_has_roles_role_id_foreign` FOREIGN KEY (`role_id`) REFERENCES `roles` (`id`) ON DELETE CASCADE;

--
-- Constraints for table `purchases`
--
ALTER TABLE `purchases`
  ADD CONSTRAINT `purchases_supplier_id_foreign` FOREIGN KEY (`supplier_id`) REFERENCES `suppliers` (`id`) ON DELETE CASCADE;

--
-- Constraints for table `purchase_items`
--
ALTER TABLE `purchase_items`
  ADD CONSTRAINT `purchase_items_product_id_foreign` FOREIGN KEY (`product_id`) REFERENCES `products` (`id`) ON DELETE CASCADE,
  ADD CONSTRAINT `purchase_items_purchase_id_foreign` FOREIGN KEY (`purchase_id`) REFERENCES `purchases` (`id`) ON DELETE CASCADE;

--
-- Constraints for table `role_has_permissions`
--
ALTER TABLE `role_has_permissions`
  ADD CONSTRAINT `role_has_permissions_permission_id_foreign` FOREIGN KEY (`permission_id`) REFERENCES `permissions` (`id`) ON DELETE CASCADE,
  ADD CONSTRAINT `role_has_permissions_role_id_foreign` FOREIGN KEY (`role_id`) REFERENCES `roles` (`id`) ON DELETE CASCADE;

--
-- Constraints for table `sales`
--
ALTER TABLE `sales`
  ADD CONSTRAINT `sales_cancelled_by_foreign` FOREIGN KEY (`cancelled_by`) REFERENCES `users` (`id`),
  ADD CONSTRAINT `sales_shift_id_foreign` FOREIGN KEY (`shift_id`) REFERENCES `shifts` (`id`) ON DELETE SET NULL,
  ADD CONSTRAINT `sales_user_id_foreign` FOREIGN KEY (`user_id`) REFERENCES `users` (`id`) ON DELETE CASCADE;

--
-- Constraints for table `sale_items`
--
ALTER TABLE `sale_items`
  ADD CONSTRAINT `sale_items_product_id_foreign` FOREIGN KEY (`product_id`) REFERENCES `products` (`id`) ON DELETE CASCADE,
  ADD CONSTRAINT `sale_items_sale_id_foreign` FOREIGN KEY (`sale_id`) REFERENCES `sales` (`id`) ON DELETE CASCADE;

--
-- Constraints for table `sale_item_batches`
--
ALTER TABLE `sale_item_batches`
  ADD CONSTRAINT `sale_item_batches_sale_item_id_foreign` FOREIGN KEY (`sale_item_id`) REFERENCES `sale_items` (`id`) ON DELETE CASCADE,
  ADD CONSTRAINT `sale_item_batches_stock_batch_id_foreign` FOREIGN KEY (`stock_batch_id`) REFERENCES `stock_batches` (`id`) ON DELETE CASCADE;

--
-- Constraints for table `shifts`
--
ALTER TABLE `shifts`
  ADD CONSTRAINT `shifts_user_id_foreign` FOREIGN KEY (`user_id`) REFERENCES `users` (`id`) ON DELETE CASCADE;

--
-- Constraints for table `stock_batches`
--
ALTER TABLE `stock_batches`
  ADD CONSTRAINT `stock_batches_product_id_foreign` FOREIGN KEY (`product_id`) REFERENCES `products` (`id`) ON DELETE CASCADE;

--
-- Constraints for table `stock_movements`
--
ALTER TABLE `stock_movements`
  ADD CONSTRAINT `stock_movements_batch_id_foreign` FOREIGN KEY (`batch_id`) REFERENCES `stock_batches` (`id`) ON DELETE SET NULL,
  ADD CONSTRAINT `stock_movements_product_id_foreign` FOREIGN KEY (`product_id`) REFERENCES `products` (`id`) ON DELETE CASCADE,
  ADD CONSTRAINT `stock_movements_user_id_foreign` FOREIGN KEY (`user_id`) REFERENCES `users` (`id`) ON DELETE CASCADE;

--
-- Constraints for table `stock_opnames`
--
ALTER TABLE `stock_opnames`
  ADD CONSTRAINT `stock_opnames_approved_by_foreign` FOREIGN KEY (`approved_by`) REFERENCES `users` (`id`) ON DELETE SET NULL,
  ADD CONSTRAINT `stock_opnames_user_id_foreign` FOREIGN KEY (`user_id`) REFERENCES `users` (`id`) ON DELETE CASCADE;

--
-- Constraints for table `stock_opname_items`
--
ALTER TABLE `stock_opname_items`
  ADD CONSTRAINT `stock_opname_items_batch_id_foreign` FOREIGN KEY (`batch_id`) REFERENCES `stock_batches` (`id`) ON DELETE SET NULL,
  ADD CONSTRAINT `stock_opname_items_product_id_foreign` FOREIGN KEY (`product_id`) REFERENCES `products` (`id`) ON DELETE CASCADE,
  ADD CONSTRAINT `stock_opname_items_stock_opname_id_foreign` FOREIGN KEY (`stock_opname_id`) REFERENCES `stock_opnames` (`id`) ON DELETE CASCADE;

--
-- Constraints for table `supplier_returns`
--
ALTER TABLE `supplier_returns`
  ADD CONSTRAINT `supplier_returns_supplier_id_foreign` FOREIGN KEY (`supplier_id`) REFERENCES `suppliers` (`id`) ON DELETE CASCADE,
  ADD CONSTRAINT `supplier_returns_user_id_foreign` FOREIGN KEY (`user_id`) REFERENCES `users` (`id`) ON DELETE CASCADE;

--
-- Constraints for table `supplier_return_items`
--
ALTER TABLE `supplier_return_items`
  ADD CONSTRAINT `supplier_return_items_product_id_foreign` FOREIGN KEY (`product_id`) REFERENCES `products` (`id`) ON DELETE CASCADE,
  ADD CONSTRAINT `supplier_return_items_stock_batch_id_foreign` FOREIGN KEY (`stock_batch_id`) REFERENCES `stock_batches` (`id`) ON DELETE SET NULL,
  ADD CONSTRAINT `supplier_return_items_supplier_return_id_foreign` FOREIGN KEY (`supplier_return_id`) REFERENCES `supplier_returns` (`id`) ON DELETE CASCADE;
COMMIT;

/*!40101 SET CHARACTER_SET_CLIENT=@OLD_CHARACTER_SET_CLIENT */;
/*!40101 SET CHARACTER_SET_RESULTS=@OLD_CHARACTER_SET_RESULTS */;
/*!40101 SET COLLATION_CONNECTION=@OLD_COLLATION_CONNECTION */;
